Workbook

Sheet 元データ
A1: ApplyReceptionNo | B1: ApplyStaffId | C1: ApplyStaffName | D1: CenterMatterStatusCD | E1: CenterMatterStatusName | F1: HistoryExistCD | G1: HistoryExistName | H1: ReasonGenerateDate | I1: ApplyDate | J1: ApplyReceptionDate | K1: ContactPersonRegistDate | L1: ApprovedRegistDate | M1: ApplyDataOutputDate | N1: CompletedRegistDate | O1: CenterProcessTypeText | P1: hasTenpu | Q1: hasJyumin | R1: hasHassin | S1: hasKakunin | T1: hasKanri | U1: hasSV | V1: hasData | W1: hasSakujyo | X1: hasTokubetsu | Y1: hasTokubetsu1 | Z1: hasTokubetsu2 | AA1: hasTokubetsu3 | AB1: NotificationReasonCD | AC1: NotificationReasonKbn | AD1: NotificationReasonKbnText | AE1: NotificationReasonKbnContent | AF1: AlimonyFlg | AG1: HealthInsuranceFlg | AH1: TaxBiteFlg | AI1: cancelFlgText | AJ1: TemporaryText | AK1: ApplyContent | AL1: ★最下行 | AM1: ★経過日数 | AN1: ★未完了 | AO1: ★共済あり | AP1: ★フラグ文字列
A2: 200860002045 | D2: 31 | E2: 31 ＯＰ確認中 | H2: 39904 | I2: 39898 | J2: 41984 | K2: 41984 | O2: 21 担当者登録 | AB2: 47 | AC2: 0 | AD2: 減 | AE2: 47 扶養親族の就職 | AF2: 減 | AG2: 減 | AH2: 減 | AK2: 対応不要 該当職員無し | AL2: =IF(A2="","",IF(COUNTIF(A2:A$2001,A2)=1,1,0)) | AM2: =IF(I2="","",TODAY()-I2) | AN2: =IF(A2="","",IF(AND(E2<>"33 確認済",E2<>"36 送付中"),1,0)) | AO2: =IF(A2="","",IF(AG2<>"",1,0)) | AP2: =IF(P2<>"","・添待ち","")&IF(Q2<>"","・住民票","")&IF(R2<>"","・発信","")&IF(S2<>"","・確認事項","")&IF(T2<>"","・管","")&IF(U2<>"","・SV","")&IF(V2<>"","・データ送付待ち","")&IF(W2<>"","・削除","")
A3: 200860002058 | D3: 31 | E3: 31 ＯＰ確認中 | H3: 39872 | I3: 39898 | J3: 41984 | K3: 41984 | O3: 21 担当者登録 | AB3: 22 | AC3: 1 | AD3: 増 | AE3: 22 扶養親族の退職 | AG3: 増 | AK3: 対応不要 | AL3: =IF(A3="","",IF(COUNTIF(A3:A$2001,A3)=1,1,0)) | AM3: =IF(I3="","",TODAY()-I3) | AN3: =IF(A3="","",IF(AND(E3<>"33 確認済",E3<>"36 送付中"),1,0)) | AO3: =IF(A3="","",IF(AG3<>"",1,0)) | AP3: =IF(P3<>"","・添待ち","")&IF(Q3<>"","・住民票","")&IF(R3<>"","・発信","")&IF(S3<>"","・確認事項","")&IF(T3<>"","・管","")&IF(U3<>"","・SV","")&IF(V3<>"","・データ送付待ち","")&IF(W3<>"","・削除","")
A4: 200960002795 | D4: 40 | E4: 40 差戻し | F4: 20 | G4: 20 差戻し | H4: 30829 | I4: 40233 | J4: 40234 | K4: 40238 | O4: 40 ＳＶ承認 | AB4: 23 | AC4: 1 | AD4: 増 | AE4: 23 本人の結婚 | AL4: =IF(A4="","",IF(COUNTIF(A4:A$2001,A4)=1,1,0)) | AM4: =IF(I4="","",TODAY()-I4) | AN4: =IF(A4="","",IF(AND(E4<>"33 確認済",E4<>"36 送付中"),1,0)) | AO4: =IF(A4="","",IF(AG4<>"",1,0)) | AP4: =IF(P4<>"","・添待ち","")&IF(Q4<>"","・住民票","")&IF(R4<>"","・発信","")&IF(S4<>"","・確認事項","")&IF(T4<>"","・管","")&IF(U4<>"","・SV","")&IF(V4<>"","・データ送付待ち","")&IF(W4<>"","・削除","")
A5: 200960002795 | D5: 40 | E5: 40 差戻し | F5: 20 | G5: 20 差戻し | H5: 30829 | I5: 40233 | J5: 40234 | K5: 40238 | O5: 40 ＳＶ承認 | AB5: 23 | AC5: 1 | AD5: 増 | AE5: 23 結婚 | AL5: =IF(A5="","",IF(COUNTIF(A5:A$2001,A5)=1,1,0)) | AM5: =IF(I5="","",TODAY()-I5) | AN5: =IF(A5="","",IF(AND(E5<>"33 確認済",E5<>"36 送付中"),1,0)) | AO5: =IF(A5="","",IF(AG5<>"",1,0)) | AP5: =IF(P5<>"","・添待ち","")&IF(Q5<>"","・住民票","")&IF(R5<>"","・発信","")&IF(S5<>"","・確認事項","")&IF(T5<>"","・管","")&IF(U5<>"","・SV","")&IF(V5<>"","・データ送付待ち","")&IF(W5<>"","・削除","")
A6: 200960002929 | D6: 31 | E6: 31 ＯＰ確認中 | H6: 40251 | I6: 40252 | J6: 41984 | K6: 41984 | O6: 21 担当者登録 | AB6: 25 | AC6: 1 | AD6: 増 | AE6: 25 育休 | AL6: =IF(A6="","",IF(COUNTIF(A6:A$2001,A6)=1,1,0)) | AM6: =IF(I6="","",TODAY()-I6) | AN6: =IF(A6="","",IF(AND(E6<>"33 確認済",E6<>"36 送付中"),1,0)) | AO6: =IF(A6="","",IF(AG6<>"",1,0)) | AP6: =IF(P6<>"","・添待ち","")&IF(Q6<>"","・住民票","")&IF(R6<>"","・発信","")&IF(S6<>"","・確認事項","")&IF(T6<>"","・管","")&IF(U6<>"","・SV","")&IF(V6<>"","・データ送付待ち","")&IF(W6<>"","・削除","")
A7: 200960002933 | D7: 31 | E7: 31 ＯＰ確認中 | H7: 40238 | I7: 40253 | J7: 41984 | K7: 41984 | O7: 21 担当者登録 | AB7: 21 | AC7: 1 | AD7: 増 | AE7: 21 出生 | AF7: 増 | AG7: 増 | AH7: 増 | AL7: =IF(A7="","",IF(COUNTIF(A7:A$2001,A7)=1,1,0)) | AM7: =IF(I7="","",TODAY()-I7) | AN7: =IF(A7="","",IF(AND(E7<>"33 確認済",E7<>"36 送付中"),1,0)) | AO7: =IF(A7="","",IF(AG7<>"",1,0)) | AP7: =IF(P7<>"","・添待ち","")&IF(Q7<>"","・住民票","")&IF(R7<>"","・発信","")&IF(S7<>"","・確認事項","")&IF(T7<>"","・管","")&IF(U7<>"","・SV","")&IF(V7<>"","・データ送付待ち","")&IF(W7<>"","・削除","")
A8: 200960002999 | D8: 31 | E8: 31 ＯＰ確認中 | H8: 40238 | I8: 40262 | J8: 40266 | K8: 40266 | O8: 22 担当者変更 | AB8: 26 | AC8: 1 | AD8: 増 | AE8: 26 扶養者の変更 | AF8: 増 | AG8: 増 | AH8: 増 | AL8: =IF(A8="","",IF(COUNTIF(A8:A$2001,A8)=1,1,0)) | AM8: =IF(I8="","",TODAY()-I8) | AN8: =IF(A8="","",IF(AND(E8<>"33 確認済",E8<>"36 送付中"),1,0)) | AO8: =IF(A8="","",IF(AG8<>"",1,0)) | AP8: =IF(P8<>"","・添待ち","")&IF(Q8<>"","・住民票","")&IF(R8<>"","・発信","")&IF(S8<>"","・確認事項","")&IF(T8<>"","・管","")&IF(U8<>"","・SV","")&IF(V8<>"","・データ送付待ち","")&IF(W8<>"","・削除","")
A9: 200960003028 | D9: 31 | E9: 31 ＯＰ確認中 | H9: 40254 | I9: 40266 | J9: 40267 | K9: 40616 | O9: 22 担当者変更 | S9: 確 | AB9: 23 | AC9: 1 | AD9: 増 | AE9: 23 本人の結婚 | AL9: =IF(A9="","",IF(COUNTIF(A9:A$2001,A9)=1,1,0)) | AM9: =IF(I9="","",TODAY()-I9) | AN9: =IF(A9="","",IF(AND(E9<>"33 確認済",E9<>"36 送付中"),1,0)) | AO9: =IF(A9="","",IF(AG9<>"",1,0)) | AP9: =IF(P9<>"","・添待ち","")&IF(Q9<>"","・住民票","")&IF(R9<>"","・発信","")&IF(S9<>"","・確認事項","")&IF(T9<>"","・管","")&IF(U9<>"","・SV","")&IF(V9<>"","・データ送付待ち","")&IF(W9<>"","・削除","")
A10: 200960003028 | D10: 31 | E10: 31 ＯＰ確認中 | H10: 40254 | I10: 40266 | J10: 40267 | K10: 40616 | O10: 22 担当者変更 | S10: 確 | AB10: 23 | AC10: 1 | AD10: 増 | AE10: 23 結婚 | AL10: =IF(A10="","",IF(COUNTIF(A10:A$2001,A10)=1,1,0)) | AM10: =IF(I10="","",TODAY()-I10) | AN10: =IF(A10="","",IF(AND(E10<>"33 確認済",E10<>"36 送付中"),1,0)) | AO10: =IF(A10="","",IF(AG10<>"",1,0)) | AP10: =IF(P10<>"","・添待ち","")&IF(Q10<>"","・住民票","")&IF(R10<>"","・発信","")&IF(S10<>"","・確認事項","")&IF(T10<>"","・管","")&IF(U10<>"","・SV","")&IF(V10<>"","・データ送付待ち","")&IF(W10<>"","・削除","")
A11: 201060000063 | D11: 31 | E11: 31 ＯＰ確認中 | F11: 20 | G11: 20 差戻し | H11: 40268 | I11: 40270 | J11: 41984 | K11: 41984 | O11: 21 担当者登録 | AB11: 50 | AC11: 0 | AD11: 減 | AE11: 50 扶養者の変更 | AF11: 減 | AG11: 減 | AH11: 減 | AL11: =IF(A11="","",IF(COUNTIF(A11:A$2001,A11)=1,1,0)) | AM11: =IF(I11="","",TODAY()-I11) | AN11: =IF(A11="","",IF(AND(E11<>"33 確認済",E11<>"36 送付中"),1,0)) | AO11: =IF(A11="","",IF(AG11<>"",1,0)) | AP11: =IF(P11<>"","・添待ち","")&IF(Q11<>"","・住民票","")&IF(R11<>"","・発信","")&IF(S11<>"","・確認事項","")&IF(T11<>"","・管","")&IF(U11<>"","・SV","")&IF(V11<>"","・データ送付待ち","")&IF(W11<>"","・削除","")
A12: 201060002518 | D12: 40 | E12: 40 差戻し | F12: 20 | G12: 20 差戻し | H12: 40273 | I12: 40574 | J12: 40617 | K12: 40617 | O12: 40 ＳＶ承認 | P12: 添 | AB12: 99 | AC12: 1 | AD12: 増 | AE12: 99 その他 | AF12: 増 | AG12: 増 | AL12: =IF(A12="","",IF(COUNTIF(A12:A$2001,A12)=1,1,0)) | AM12: =IF(I12="","",TODAY()-I12) | AN12: =IF(A12="","",IF(AND(E12<>"33 確認済",E12<>"36 送付中"),1,0)) | AO12: =IF(A12="","",IF(AG12<>"",1,0)) | AP12: =IF(P12<>"","・添待ち","")&IF(Q12<>"","・住民票","")&IF(R12<>"","・発信","")&IF(S12<>"","・確認事項","")&IF(T12<>"","・管","")&IF(U12<>"","・SV","")&IF(V12<>"","・データ送付待ち","")&IF(W12<>"","・削除","")
A13: 201160000813 | D13: 31 | E13: 31 ＯＰ確認中 | F13: 20 | G13: 20 差戻し | H13: 40634 | I13: 40721 | J13: 41984 | K13: 41984 | O13: 21 担当者登録 | AB13: 47 | AC13: 0 | AD13: 減 | AE13: 47 扶養親族の就職 | AG13: 減 | AL13: =IF(A13="","",IF(COUNTIF(A13:A$2001,A13)=1,1,0)) | AM13: =IF(I13="","",TODAY()-I13) | AN13: =IF(A13="","",IF(AND(E13<>"33 確認済",E13<>"36 送付中"),1,0)) | AO13: =IF(A13="","",IF(AG13<>"",1,0)) | AP13: =IF(P13<>"","・添待ち","")&IF(Q13<>"","・住民票","")&IF(R13<>"","・発信","")&IF(S13<>"","・確認事項","")&IF(T13<>"","・管","")&IF(U13<>"","・SV","")&IF(V13<>"","・データ送付待ち","")&IF(W13<>"","・削除","")
A14: 201260002213 | D14: 31 | E14: 31 ＯＰ確認中 | H14: 41259 | I14: 41260 | J14: 41984 | K14: 41984 | O14: 21 担当者登録 | AB14: 22 | AC14: 1 | AD14: 増 | AE14: 22 扶養親族の退職 | AF14: 増 | AG14: 増 | AH14: 増 | AL14: =IF(A14="","",IF(COUNTIF(A14:A$2001,A14)=1,1,0)) | AM14: =IF(I14="","",TODAY()-I14) | AN14: =IF(A14="","",IF(AND(E14<>"33 確認済",E14<>"36 送付中"),1,0)) | AO14: =IF(A14="","",IF(AG14<>"",1,0)) | AP14: =IF(P14<>"","・添待ち","")&IF(Q14<>"","・住民票","")&IF(R14<>"","・発信","")&IF(S14<>"","・確認事項","")&IF(T14<>"","・管","")&IF(U14<>"","・SV","")&IF(V14<>"","・データ送付待ち","")&IF(W14<>"","・削除","")
A15: 201260002232 | D15: 31 | E15: 31 ＯＰ確認中 | H15: 41258 | I15: 41262 | J15: 41984 | K15: 41984 | O15: 21 担当者登録 | AB15: 22 | AC15: 1 | AD15: 増 | AE15: 22 扶養親族の退職 | AF15: 増 | AG15: 増 | AH15: 増 | AL15: =IF(A15="","",IF(COUNTIF(A15:A$2001,A15)=1,1,0)) | AM15: =IF(I15="","",TODAY()-I15) | AN15: =IF(A15="","",IF(AND(E15<>"33 確認済",E15<>"36 送付中"),1,0)) | AO15: =IF(A15="","",IF(AG15<>"",1,0)) | AP15: =IF(P15<>"","・添待ち","")&IF(Q15<>"","・住民票","")&IF(R15<>"","・発信","")&IF(S15<>"","・確認事項","")&IF(T15<>"","・管","")&IF(U15<>"","・SV","")&IF(V15<>"","・データ送付待ち","")&IF(W15<>"","・削除","")
A16: 201260002479 | D16: 31 | E16: 31 ＯＰ確認中 | H16: 41309 | I16: 41309 | J16: 41984 | K16: 41984 | O16: 21 担当者登録 | AB16: 26 | AC16: 1 | AD16: 増 | AE16: 26 扶養者の変更 | AG16: 増 | AL16: =IF(A16="","",IF(COUNTIF(A16:A$2001,A16)=1,1,0)) | AM16: =IF(I16="","",TODAY()-I16) | AN16: =IF(A16="","",IF(AND(E16<>"33 確認済",E16<>"36 送付中"),1,0)) | AO16: =IF(A16="","",IF(AG16<>"",1,0)) | AP16: =IF(P16<>"","・添待ち","")&IF(Q16<>"","・住民票","")&IF(R16<>"","・発信","")&IF(S16<>"","・確認事項","")&IF(T16<>"","・管","")&IF(U16<>"","・SV","")&IF(V16<>"","・データ送付待ち","")&IF(W16<>"","・削除","")
A17: 201360001338 | D17: 40 | E17: 40 差戻し | F17: 20 | G17: 20 差戻し | H17: 41518 | I17: 41554 | J17: 41554 | K17: 41554 | O17: 57 削除待ち登録 | W17: 削 | AB17: 47 | AC17: 0 | AD17: 減 | AE17: 47 扶養親族の就職 | AH17: 減 | AL17: =IF(A17="","",IF(COUNTIF(A17:A$2001,A17)=1,1,0)) | AM17: =IF(I17="","",TODAY()-I17) | AN17: =IF(A17="","",IF(AND(E17<>"33 確認済",E17<>"36 送付中"),1,0)) | AO17: =IF(A17="","",IF(AG17<>"",1,0)) | AP17: =IF(P17<>"","・添待ち","")&IF(Q17<>"","・住民票","")&IF(R17<>"","・発信","")&IF(S17<>"","・確認事項","")&IF(T17<>"","・管","")&IF(U17<>"","・SV","")&IF(V17<>"","・データ送付待ち","")&IF(W17<>"","・削除","")
A18: 201360002263 | D18: 40 | E18: 40 差戻し | F18: 20 | G18: 20 差戻し | H18: 41646 | I18: 41647 | J18: 41648 | K18: 41648 | O18: 57 削除待ち登録 | W18: 削 | AB18: 23 | AC18: 1 | AD18: 増 | AE18: 23 本人の結婚 | AF18: 増 | AG18: 増 | AH18: 増 | AL18: =IF(A18="","",IF(COUNTIF(A18:A$2001,A18)=1,1,0)) | AM18: =IF(I18="","",TODAY()-I18) | AN18: =IF(A18="","",IF(AND(E18<>"33 確認済",E18<>"36 送付中"),1,0)) | AO18: =IF(A18="","",IF(AG18<>"",1,0)) | AP18: =IF(P18<>"","・添待ち","")&IF(Q18<>"","・住民票","")&IF(R18<>"","・発信","")&IF(S18<>"","・確認事項","")&IF(T18<>"","・管","")&IF(U18<>"","・SV","")&IF(V18<>"","・データ送付待ち","")&IF(W18<>"","・削除","")
A19: 201360002263 | D19: 40 | E19: 40 差戻し | F19: 20 | G19: 20 差戻し | H19: 41646 | I19: 41647 | J19: 41648 | K19: 41648 | O19: 57 削除待ち登録 | W19: 削 | AB19: 23 | AC19: 1 | AD19: 増 | AE19: 23 結婚 | AF19: 増 | AG19: 増 | AH19: 増 | AL19: =IF(A19="","",IF(COUNTIF(A19:A$2001,A19)=1,1,0)) | AM19: =IF(I19="","",TODAY()-I19) | AN19: =IF(A19="","",IF(AND(E19<>"33 確認済",E19<>"36 送付中"),1,0)) | AO19: =IF(A19="","",IF(AG19<>"",1,0)) | AP19: =IF(P19<>"","・添待ち","")&IF(Q19<>"","・住民票","")&IF(R19<>"","・発信","")&IF(S19<>"","・確認事項","")&IF(T19<>"","・管","")&IF(U19<>"","・SV","")&IF(V19<>"","・データ送付待ち","")&IF(W19<>"","・削除","")
A20: 201460000430 | D20: 31 | E20: 31 ＯＰ確認中 | H20: 41754 | I20: 41754 | J20: 41985 | K20: 41985 | O20: 21 担当者登録 | AB20: 47 | AC20: 0 | AD20: 減 | AE20: 47 扶養親族の就職 | AF20: 減 | AG20: 減 | AH20: 減 | AL20: =IF(A20="","",IF(COUNTIF(A20:A$2001,A20)=1,1,0)) | AM20: =IF(I20="","",TODAY()-I20) | AN20: =IF(A20="","",IF(AND(E20<>"33 確認済",E20<>"36 送付中"),1,0)) | AO20: =IF(A20="","",IF(AG20<>"",1,0)) | AP20: =IF(P20<>"","・添待ち","")&IF(Q20<>"","・住民票","")&IF(R20<>"","・発信","")&IF(S20<>"","・確認事項","")&IF(T20<>"","・管","")&IF(U20<>"","・SV","")&IF(V20<>"","・データ送付待ち","")&IF(W20<>"","・削除","")
A21: 201560001259 | D21: 31 | E21: 31 ＯＰ確認中 | H21: 42189 | I21: 42230 | J21: 42431 | K21: 42431 | O21: 21 担当者登録 | T21: 管 | AB21: 99 | AC21: 1 | AD21: 増 | AE21: 99 その他 | AF21: 増 | AH21: 増 | AL21: =IF(A21="","",IF(COUNTIF(A21:A$2001,A21)=1,1,0)) | AM21: =IF(I21="","",TODAY()-I21) | AN21: =IF(A21="","",IF(AND(E21<>"33 確認済",E21<>"36 送付中"),1,0)) | AO21: =IF(A21="","",IF(AG21<>"",1,0)) | AP21: =IF(P21<>"","・添待ち","")&IF(Q21<>"","・住民票","")&IF(R21<>"","・発信","")&IF(S21<>"","・確認事項","")&IF(T21<>"","・管","")&IF(U21<>"","・SV","")&IF(V21<>"","・データ送付待ち","")&IF(W21<>"","・削除","")
A22: 201560002704 | D22: 40 | E22: 40 差戻し | F22: 20 | G22: 20 差戻し | H22: 42370 | I22: 42408 | J22: 42408 | K22: 42408 | O22: 57 削除待ち登録 | W22: 削 | AB22: 99 | AC22: 0 | AD22: 減 | AE22: 99 その他 | AH22: 減 | AL22: =IF(A22="","",IF(COUNTIF(A22:A$2001,A22)=1,1,0)) | AM22: =IF(I22="","",TODAY()-I22) | AN22: =IF(A22="","",IF(AND(E22<>"33 確認済",E22<>"36 送付中"),1,0)) | AO22: =IF(A22="","",IF(AG22<>"",1,0)) | AP22: =IF(P22<>"","・添待ち","")&IF(Q22<>"","・住民票","")&IF(R22<>"","・発信","")&IF(S22<>"","・確認事項","")&IF(T22<>"","・管","")&IF(U22<>"","・SV","")&IF(V22<>"","・データ送付待ち","")&IF(W22<>"","・削除","")
A23: 201660002819 | D23: 40 | E23: 40 差戻し | F23: 20 | G23: 20 差戻し | H23: 42566 | I23: 42732 | J23: 42739 | K23: 42739 | O23: 57 削除待ち登録 | W23: 削 | AB23: 9 | AC23: 0 | AD23: 減 | AE23: 09 死亡 | AF23: 減 | AG23: 減 | AH23: 減 | AL23: =IF(A23="","",IF(COUNTIF(A23:A$2001,A23)=1,1,0)) | AM23: =IF(I23="","",TODAY()-I23) | AN23: =IF(A23="","",IF(AND(E23<>"33 確認済",E23<>"36 送付中"),1,0)) | AO23: =IF(A23="","",IF(AG23<>"",1,0)) | AP23: =IF(P23<>"","・添待ち","")&IF(Q23<>"","・住民票","")&IF(R23<>"","・発信","")&IF(S23<>"","・確認事項","")&IF(T23<>"","・管","")&IF(U23<>"","・SV","")&IF(V23<>"","・データ送付待ち","")&IF(W23<>"","・削除","")
A24: 201760002086 | D24: 40 | E24: 40 差戻し | F24: 20 | G24: 20 差戻し | H24: 43031 | I24: 43036 | J24: 43038 | K24: 43041 | O24: 57 削除待ち登録 | W24: 削 | AB24: 27 | AC24: 1 | AD24: 増 | AE24: 27 収入限度額以下 | AH24: 増 | AL24: =IF(A24="","",IF(COUNTIF(A24:A$2001,A24)=1,1,0)) | AM24: =IF(I24="","",TODAY()-I24) | AN24: =IF(A24="","",IF(AND(E24<>"33 確認済",E24<>"36 送付中"),1,0)) | AO24: =IF(A24="","",IF(AG24<>"",1,0)) | AP24: =IF(P24<>"","・添待ち","")&IF(Q24<>"","・住民票","")&IF(R24<>"","・発信","")&IF(S24<>"","・確認事項","")&IF(T24<>"","・管","")&IF(U24<>"","・SV","")&IF(V24<>"","・データ送付待ち","")&IF(W24<>"","・削除","")
A25: 201860001388 | D25: 40 | E25: 40 差戻し | F25: 20 | G25: 20 差戻し | H25: 43321 | I25: 43321 | J25: 43325 | K25: 43325 | O25: 55 添付書類待ち登録 | P25: 添 | U25: Ｓ | AB25: 21 | AC25: 1 | AD25: 増 | AE25: 21 出生 | AG25: 増 | AL25: =IF(A25="","",IF(COUNTIF(A25:A$2001,A25)=1,1,0)) | AM25: =IF(I25="","",TODAY()-I25) | AN25: =IF(A25="","",IF(AND(E25<>"33 確認済",E25<>"36 送付中"),1,0)) | AO25: =IF(A25="","",IF(AG25<>"",1,0)) | AP25: =IF(P25<>"","・添待ち","")&IF(Q25<>"","・住民票","")&IF(R25<>"","・発信","")&IF(S25<>"","・確認事項","")&IF(T25<>"","・管","")&IF(U25<>"","・SV","")&IF(V25<>"","・データ送付待ち","")&IF(W25<>"","・削除","")
A26: 201860001862 | D26: 31 | E26: 31 ＯＰ確認中 | H26: 43341 | I26: 43371 | J26: 43411 | K26: 43411 | O26: 21 担当者登録 | AB26: 9 | AC26: 0 | AD26: 減 | AE26: 09 死亡 | AF26: 減 | AG26: 減 | AH26: 減 | AL26: =IF(A26="","",IF(COUNTIF(A26:A$2001,A26)=1,1,0)) | AM26: =IF(I26="","",TODAY()-I26) | AN26: =IF(A26="","",IF(AND(E26<>"33 確認済",E26<>"36 送付中"),1,0)) | AO26: =IF(A26="","",IF(AG26<>"",1,0)) | AP26: =IF(P26<>"","・添待ち","")&IF(Q26<>"","・住民票","")&IF(R26<>"","・発信","")&IF(S26<>"","・確認事項","")&IF(T26<>"","・管","")&IF(U26<>"","・SV","")&IF(V26<>"","・データ送付待ち","")&IF(W26<>"","・削除","")
A27: 202060000569 | D27: 31 | E27: 31 ＯＰ確認中 | H27: 43937 | I27: 43951 | J27: 44013 | K27: 44013 | O27: 21 担当者登録 | AB27: 22 | AC27: 1 | AD27: 増 | AE27: 22 扶養親族の退職 | AG27: 増 | AL27: =IF(A27="","",IF(COUNTIF(A27:A$2001,A27)=1,1,0)) | AM27: =IF(I27="","",TODAY()-I27) | AN27: =IF(A27="","",IF(AND(E27<>"33 確認済",E27<>"36 送付中"),1,0)) | AO27: =IF(A27="","",IF(AG27<>"",1,0)) | AP27: =IF(P27<>"","・添待ち","")&IF(Q27<>"","・住民票","")&IF(R27<>"","・発信","")&IF(S27<>"","・確認事項","")&IF(T27<>"","・管","")&IF(U27<>"","・SV","")&IF(V27<>"","・データ送付待ち","")&IF(W27<>"","・削除","")
A28: 202060001460 | D28: 40 | E28: 40 差戻し | F28: 20 | G28: 20 差戻し | H28: 43191 | I28: 44139 | J28: 44501 | K28: 44504 | O28: 55 添付書類待ち登録 | P28: 添 | AB28: 27 | AC28: 1 | AD28: 増 | AE28: 27 収入限度額以下 | AF28: 増 | AG28: 増 | AH28: 増 | AL28: =IF(A28="","",IF(COUNTIF(A28:A$2001,A28)=1,1,0)) | AM28: =IF(I28="","",TODAY()-I28) | AN28: =IF(A28="","",IF(AND(E28<>"33 確認済",E28<>"36 送付中"),1,0)) | AO28: =IF(A28="","",IF(AG28<>"",1,0)) | AP28: =IF(P28<>"","・添待ち","")&IF(Q28<>"","・住民票","")&IF(R28<>"","・発信","")&IF(S28<>"","・確認事項","")&IF(T28<>"","・管","")&IF(U28<>"","・SV","")&IF(V28<>"","・データ送付待ち","")&IF(W28<>"","・削除","")
A29: 202060002466 | D29: 20 | E29: 20 確認待ち | F29: 20 | G29: 20 差戻し | H29: 44197 | I29: 44210 | J29: 44243 | K29: 45617 | O29: 99 データメンテナンス | R29: 発 | W29: 削 | AB29: 27 | AC29: 1 | AD29: 増 | AE29: 27 収入限度額以下 | AF29: 増 | AG29: 増 | AL29: =IF(A29="","",IF(COUNTIF(A29:A$2001,A29)=1,1,0)) | AM29: =IF(I29="","",TODAY()-I29) | AN29: =IF(A29="","",IF(AND(E29<>"33 確認済",E29<>"36 送付中"),1,0)) | AO29: =IF(A29="","",IF(AG29<>"",1,0)) | AP29: =IF(P29<>"","・添待ち","")&IF(Q29<>"","・住民票","")&IF(R29<>"","・発信","")&IF(S29<>"","・確認事項","")&IF(T29<>"","・管","")&IF(U29<>"","・SV","")&IF(V29<>"","・データ送付待ち","")&IF(W29<>"","・削除","")
A30: 202060002824 | D30: 40 | E30: 40 差戻し | F30: 20 | G30: 20 差戻し | H30: 43497 | I30: 44232 | J30: 44236 | K30: 44236 | O30: 57 削除待ち登録 | W30: 削 | AB30: 51 | AC30: 0 | AD30: 減 | AE30: 51 収入限度額以上 | AF30: 減 | AG30: 減 | AL30: =IF(A30="","",IF(COUNTIF(A30:A$2001,A30)=1,1,0)) | AM30: =IF(I30="","",TODAY()-I30) | AN30: =IF(A30="","",IF(AND(E30<>"33 確認済",E30<>"36 送付中"),1,0)) | AO30: =IF(A30="","",IF(AG30<>"",1,0)) | AP30: =IF(P30<>"","・添待ち","")&IF(Q30<>"","・住民票","")&IF(R30<>"","・発信","")&IF(S30<>"","・確認事項","")&IF(T30<>"","・管","")&IF(U30<>"","・SV","")&IF(V30<>"","・データ送付待ち","")&IF(W30<>"","・削除","")
A31: 202060003171 | D31: 31 | E31: 31 ＯＰ確認中 | H31: 44280 | I31: 44281 | J31: 44302 | K31: 44302 | O31: 21 担当者登録 | AB31: 50 | AC31: 0 | AD31: 減 | AE31: 50 扶養者の変更 | AF31: 減 | AG31: 減 | AH31: 減 | AL31: =IF(A31="","",IF(COUNTIF(A31:A$2001,A31)=1,1,0)) | AM31: =IF(I31="","",TODAY()-I31) | AN31: =IF(A31="","",IF(AND(E31<>"33 確認済",E31<>"36 送付中"),1,0)) | AO31: =IF(A31="","",IF(AG31<>"",1,0)) | AP31: =IF(P31<>"","・添待ち","")&IF(Q31<>"","・住民票","")&IF(R31<>"","・発信","")&IF(S31<>"","・確認事項","")&IF(T31<>"","・管","")&IF(U31<>"","・SV","")&IF(V31<>"","・データ送付待ち","")&IF(W31<>"","・削除","")
A32: 202360000913 | D32: 31 | E32: 31 ＯＰ確認中 | H32: 45062 | I32: 45096 | J32: 45098 | K32: 45148 | O32: 21 担当者登録 | AB32: 3 | AC32: 0 | AD32: 減 | AE32: 03 離婚 | AL32: =IF(A32="","",IF(COUNTIF(A32:A$2001,A32)=1,1,0)) | AM32: =IF(I32="","",TODAY()-I32) | AN32: =IF(A32="","",IF(AND(E32<>"33 確認済",E32<>"36 送付中"),1,0)) | AO32: =IF(A32="","",IF(AG32<>"",1,0)) | AP32: =IF(P32<>"","・添待ち","")&IF(Q32<>"","・住民票","")&IF(R32<>"","・発信","")&IF(S32<>"","・確認事項","")&IF(T32<>"","・管","")&IF(U32<>"","・SV","")&IF(V32<>"","・データ送付待ち","")&IF(W32<>"","・削除","")
A33: 202360003315 | D33: 31 | E33: 31 ＯＰ確認中 | H33: 45370 | I33: 45370 | J33: 45575 | K33: 45575 | O33: 21 担当者登録 | AB33: 50 | AC33: 0 | AD33: 減 | AE33: 50 扶養者の変更 | AF33: 減 | AG33: 減 | AH33: 減 | AL33: =IF(A33="","",IF(COUNTIF(A33:A$2001,A33)=1,1,0)) | AM33: =IF(I33="","",TODAY()-I33) | AN33: =IF(A33="","",IF(AND(E33<>"33 確認済",E33<>"36 送付中"),1,0)) | AO33: =IF(A33="","",IF(AG33<>"",1,0)) | AP33: =IF(P33<>"","・添待ち","")&IF(Q33<>"","・住民票","")&IF(R33<>"","・発信","")&IF(S33<>"","・確認事項","")&IF(T33<>"","・管","")&IF(U33<>"","・SV","")&IF(V33<>"","・データ送付待ち","")&IF(W33<>"","・削除","")
A34: 202360003320 | D34: 31 | E34: 31 ＯＰ確認中 | H34: 45352 | I34: 45370 | J34: 45373 | K34: 45373 | O34: 22 担当者変更 | AB34: 23 | AC34: 1 | AD34: 増 | AE34: 23 本人の結婚 | AL34: =IF(A34="","",IF(COUNTIF(A34:A$2001,A34)=1,1,0)) | AM34: =IF(I34="","",TODAY()-I34) | AN34: =IF(A34="","",IF(AND(E34<>"33 確認済",E34<>"36 送付中"),1,0)) | AO34: =IF(A34="","",IF(AG34<>"",1,0)) | AP34: =IF(P34<>"","・添待ち","")&IF(Q34<>"","・住民票","")&IF(R34<>"","・発信","")&IF(S34<>"","・確認事項","")&IF(T34<>"","・管","")&IF(U34<>"","・SV","")&IF(V34<>"","・データ送付待ち","")&IF(W34<>"","・削除","")
A35: 202360003320 | D35: 31 | E35: 31 ＯＰ確認中 | H35: 45352 | I35: 45370 | J35: 45373 | K35: 45373 | O35: 22 担当者変更 | AB35: 23 | AC35: 1 | AD35: 増 | AE35: 23 結婚 | AL35: =IF(A35="","",IF(COUNTIF(A35:A$2001,A35)=1,1,0)) | AM35: =IF(I35="","",TODAY()-I35) | AN35: =IF(A35="","",IF(AND(E35<>"33 確認済",E35<>"36 送付中"),1,0)) | AO35: =IF(A35="","",IF(AG35<>"",1,0)) | AP35: =IF(P35<>"","・添待ち","")&IF(Q35<>"","・住民票","")&IF(R35<>"","・発信","")&IF(S35<>"","・確認事項","")&IF(T35<>"","・管","")&IF(U35<>"","・SV","")&IF(V35<>"","・データ送付待ち","")&IF(W35<>"","・削除","")
A36: 202460000110 | D36: 20 | E36: 20 確認待ち | F36: 20 | G36: 20 差戻し | H36: 45383 | I36: 45405 | J36: 45387 | K36: 45617 | O36: 57 削除待ち登録 | W36: 削 | AB36: 22 | AC36: 1 | AD36: 増 | AE36: 22 扶養親族の退職 | AF36: 増 | AG36: 増 | AL36: =IF(A36="","",IF(COUNTIF(A36:A$2001,A36)=1,1,0)) | AM36: =IF(I36="","",TODAY()-I36) | AN36: =IF(A36="","",IF(AND(E36<>"33 確認済",E36<>"36 送付中"),1,0)) | AO36: =IF(A36="","",IF(AG36<>"",1,0)) | AP36: =IF(P36<>"","・添待ち","")&IF(Q36<>"","・住民票","")&IF(R36<>"","・発信","")&IF(S36<>"","・確認事項","")&IF(T36<>"","・管","")&IF(U36<>"","・SV","")&IF(V36<>"","・データ送付待ち","")&IF(W36<>"","・削除","")
A37: 202460000121 | D37: 40 | E37: 40 差戻し | F37: 20 | G37: 20 差戻し | H37: 45383 | I37: 45386 | J37: 45390 | K37: 45390 | O37: 57 削除待ち登録 | W37: 削 | AB37: 47 | AC37: 0 | AD37: 減 | AE37: 47 扶養親族の就職 | AF37: 減 | AG37: 減 | AH37: 減 | AL37: =IF(A37="","",IF(COUNTIF(A37:A$2001,A37)=1,1,0)) | AM37: =IF(I37="","",TODAY()-I37) | AN37: =IF(A37="","",IF(AND(E37<>"33 確認済",E37<>"36 送付中"),1,0)) | AO37: =IF(A37="","",IF(AG37<>"",1,0)) | AP37: =IF(P37<>"","・添待ち","")&IF(Q37<>"","・住民票","")&IF(R37<>"","・発信","")&IF(S37<>"","・確認事項","")&IF(T37<>"","・管","")&IF(U37<>"","・SV","")&IF(V37<>"","・データ送付待ち","")&IF(W37<>"","・削除","")
A38: 202460000142 | D38: 40 | E38: 40 差戻し | F38: 20 | G38: 20 差戻し | H38: 45413 | I38: 45386 | J38: 45750 | K38: 45750 | O38: 57 削除待ち登録 | W38: 削 | AB38: 47 | AC38: 0 | AD38: 減 | AE38: 47 扶養親族の就職 | AG38: 減 | AL38: =IF(A38="","",IF(COUNTIF(A38:A$2001,A38)=1,1,0)) | AM38: =IF(I38="","",TODAY()-I38) | AN38: =IF(A38="","",IF(AND(E38<>"33 確認済",E38<>"36 送付中"),1,0)) | AO38: =IF(A38="","",IF(AG38<>"",1,0)) | AP38: =IF(P38<>"","・添待ち","")&IF(Q38<>"","・住民票","")&IF(R38<>"","・発信","")&IF(S38<>"","・確認事項","")&IF(T38<>"","・管","")&IF(U38<>"","・SV","")&IF(V38<>"","・データ送付待ち","")&IF(W38<>"","・削除","")
A39: 202460000609 | D39: 31 | E39: 31 ＯＰ確認中 | H39: 45296 | I39: 45413 | J39: 45420 | K39: 45425 | O39: 22 担当者変更 | S39: 確 | AB39: 99 | AC39: 1 | AD39: 増 | AE39: 99 その他 | AF39: 増 | AG39: 増 | AH39: 増 | AL39: =IF(A39="","",IF(COUNTIF(A39:A$2001,A39)=1,1,0)) | AM39: =IF(I39="","",TODAY()-I39) | AN39: =IF(A39="","",IF(AND(E39<>"33 確認済",E39<>"36 送付中"),1,0)) | AO39: =IF(A39="","",IF(AG39<>"",1,0)) | AP39: =IF(P39<>"","・添待ち","")&IF(Q39<>"","・住民票","")&IF(R39<>"","・発信","")&IF(S39<>"","・確認事項","")&IF(T39<>"","・管","")&IF(U39<>"","・SV","")&IF(V39<>"","・データ送付待ち","")&IF(W39<>"","・削除","")
A40: 202460002704 | D40: 32 | E40: 32 ＳＶ確認中 | H40: 45641 | I40: 45642 | J40: 45651 | K40: 45651 | O40: 30 登録 | AB40: 98 | AC40: 0 | AD40: 減 | AE40: 98 年金支給に係る変更 | AG40: 減 | AL40: =IF(A40="","",IF(COUNTIF(A40:A$2001,A40)=1,1,0)) | AM40: =IF(I40="","",TODAY()-I40) | AN40: =IF(A40="","",IF(AND(E40<>"33 確認済",E40<>"36 送付中"),1,0)) | AO40: =IF(A40="","",IF(AG40<>"",1,0)) | AP40: =IF(P40<>"","・添待ち","")&IF(Q40<>"","・住民票","")&IF(R40<>"","・発信","")&IF(S40<>"","・確認事項","")&IF(T40<>"","・管","")&IF(U40<>"","・SV","")&IF(V40<>"","・データ送付待ち","")&IF(W40<>"","・削除","")
A41: 202460002924 | D41: 40 | E41: 40 差戻し | F41: 20 | G41: 20 差戻し | H41: 45626 | I41: 45681 | J41: 45734 | K41: 45735 | O41: 57 削除待ち登録 | W41: 削 | AB41: 22 | AC41: 1 | AD41: 増 | AE41: 22 扶養親族の退職 | AF41: 増 | AG41: 増 | AH41: 増 | AL41: =IF(A41="","",IF(COUNTIF(A41:A$2001,A41)=1,1,0)) | AM41: =IF(I41="","",TODAY()-I41) | AN41: =IF(A41="","",IF(AND(E41<>"33 確認済",E41<>"36 送付中"),1,0)) | AO41: =IF(A41="","",IF(AG41<>"",1,0)) | AP41: =IF(P41<>"","・添待ち","")&IF(Q41<>"","・住民票","")&IF(R41<>"","・発信","")&IF(S41<>"","・確認事項","")&IF(T41<>"","・管","")&IF(U41<>"","・SV","")&IF(V41<>"","・データ送付待ち","")&IF(W41<>"","・削除","")
A42: 202460003120 | D42: 31 | E42: 31 ＯＰ確認中 | H42: 45716 | I42: 45716 | J42: 45734 | K42: 45735 | O42: 22 担当者変更 | U42: Ｓ | AB42: 51 | AC42: 0 | AD42: 減 | AE42: 51 収入限度額以上 | AG42: 減 | AL42: =IF(A42="","",IF(COUNTIF(A42:A$2001,A42)=1,1,0)) | AM42: =IF(I42="","",TODAY()-I42) | AN42: =IF(A42="","",IF(AND(E42<>"33 確認済",E42<>"36 送付中"),1,0)) | AO42: =IF(A42="","",IF(AG42<>"",1,0)) | AP42: =IF(P42<>"","・添待ち","")&IF(Q42<>"","・住民票","")&IF(R42<>"","・発信","")&IF(S42<>"","・確認事項","")&IF(T42<>"","・管","")&IF(U42<>"","・SV","")&IF(V42<>"","・データ送付待ち","")&IF(W42<>"","・削除","")
A43: 202460003283 | D43: 31 | E43: 31 ＯＰ確認中 | H43: 45710 | I43: 45734 | J43: 45737 | K43: 45791 | O43: 21 担当者登録 | AB43: 23 | AC43: 1 | AD43: 増 | AE43: 23 本人の結婚 | AL43: =IF(A43="","",IF(COUNTIF(A43:A$2001,A43)=1,1,0)) | AM43: =IF(I43="","",TODAY()-I43) | AN43: =IF(A43="","",IF(AND(E43<>"33 確認済",E43<>"36 送付中"),1,0)) | AO43: =IF(A43="","",IF(AG43<>"",1,0)) | AP43: =IF(P43<>"","・添待ち","")&IF(Q43<>"","・住民票","")&IF(R43<>"","・発信","")&IF(S43<>"","・確認事項","")&IF(T43<>"","・管","")&IF(U43<>"","・SV","")&IF(V43<>"","・データ送付待ち","")&IF(W43<>"","・削除","")
A44: 202460003283 | D44: 31 | E44: 31 ＯＰ確認中 | H44: 45710 | I44: 45734 | J44: 45737 | K44: 45791 | O44: 21 担当者登録 | AB44: 23 | AC44: 1 | AD44: 増 | AE44: 23 結婚 | AL44: =IF(A44="","",IF(COUNTIF(A44:A$2001,A44)=1,1,0)) | AM44: =IF(I44="","",TODAY()-I44) | AN44: =IF(A44="","",IF(AND(E44<>"33 確認済",E44<>"36 送付中"),1,0)) | AO44: =IF(A44="","",IF(AG44<>"",1,0)) | AP44: =IF(P44<>"","・添待ち","")&IF(Q44<>"","・住民票","")&IF(R44<>"","・発信","")&IF(S44<>"","・確認事項","")&IF(T44<>"","・管","")&IF(U44<>"","・SV","")&IF(V44<>"","・データ送付待ち","")&IF(W44<>"","・削除","")
A45: 202560000309 | D45: 31 | E45: 31 ＯＰ確認中 | F45: 20 | G45: 20 差戻し | H45: 45748 | I45: 45757 | J45: 45911 | K45: 45911 | O45: 22 担当者変更 | U45: Ｓ | AB45: 51 | AC45: 0 | AD45: 減 | AE45: 51 収入限度額以上 | AF45: 減 | AG45: 減 | AL45: =IF(A45="","",IF(COUNTIF(A45:A$2001,A45)=1,1,0)) | AM45: =IF(I45="","",TODAY()-I45) | AN45: =IF(A45="","",IF(AND(E45<>"33 確認済",E45<>"36 送付中"),1,0)) | AO45: =IF(A45="","",IF(AG45<>"",1,0)) | AP45: =IF(P45<>"","・添待ち","")&IF(Q45<>"","・住民票","")&IF(R45<>"","・発信","")&IF(S45<>"","・確認事項","")&IF(T45<>"","・管","")&IF(U45<>"","・SV","")&IF(V45<>"","・データ送付待ち","")&IF(W45<>"","・削除","")
A46: 202560000569 | D46: 40 | E46: 40 差戻し | F46: 20 | G46: 20 差戻し | H46: 45748 | I46: 45778 | J46: 45945 | K46: 45945 | O46: 57 削除待ち登録 | W46: 削 | AB46: 22 | AC46: 1 | AD46: 増 | AE46: 22 扶養親族の退職 | AF46: 増 | AG46: 増 | AH46: 増 | AL46: =IF(A46="","",IF(COUNTIF(A46:A$2001,A46)=1,1,0)) | AM46: =IF(I46="","",TODAY()-I46) | AN46: =IF(A46="","",IF(AND(E46<>"33 確認済",E46<>"36 送付中"),1,0)) | AO46: =IF(A46="","",IF(AG46<>"",1,0)) | AP46: =IF(P46<>"","・添待ち","")&IF(Q46<>"","・住民票","")&IF(R46<>"","・発信","")&IF(S46<>"","・確認事項","")&IF(T46<>"","・管","")&IF(U46<>"","・SV","")&IF(V46<>"","・データ送付待ち","")&IF(W46<>"","・削除","")
A47: 202560000773 | D47: 32 | E47: 32 ＳＶ確認中 | F47: 30 | G47: 30 却下 | H47: 45804 | I47: 45804 | J47: 45806 | K47: 45832 | O47: 51 管理スタッフ却下 | V47: デ | AB47: 50 | AC47: 0 | AD47: 減 | AE47: 50 扶養者の変更 | AF47: 減 | AG47: 減 | AH47: 減 | AL47: =IF(A47="","",IF(COUNTIF(A47:A$2001,A47)=1,1,0)) | AM47: =IF(I47="","",TODAY()-I47) | AN47: =IF(A47="","",IF(AND(E47<>"33 確認済",E47<>"36 送付中"),1,0)) | AO47: =IF(A47="","",IF(AG47<>"",1,0)) | AP47: =IF(P47<>"","・添待ち","")&IF(Q47<>"","・住民票","")&IF(R47<>"","・発信","")&IF(S47<>"","・確認事項","")&IF(T47<>"","・管","")&IF(U47<>"","・SV","")&IF(V47<>"","・データ送付待ち","")&IF(W47<>"","・削除","")
A48: 202560001201 | D48: 31 | E48: 31 ＯＰ確認中 | H48: 45843 | I48: 45875 | J48: 45979 | K48: 45979 | O48: 21 担当者登録 | AB48: 3 | AC48: 0 | AD48: 減 | AE48: 03 離婚 | AF48: 減 | AG48: 減 | AH48: 減 | AL48: =IF(A48="","",IF(COUNTIF(A48:A$2001,A48)=1,1,0)) | AM48: =IF(I48="","",TODAY()-I48) | AN48: =IF(A48="","",IF(AND(E48<>"33 確認済",E48<>"36 送付中"),1,0)) | AO48: =IF(A48="","",IF(AG48<>"",1,0)) | AP48: =IF(P48<>"","・添待ち","")&IF(Q48<>"","・住民票","")&IF(R48<>"","・発信","")&IF(S48<>"","・確認事項","")&IF(T48<>"","・管","")&IF(U48<>"","・SV","")&IF(V48<>"","・データ送付待ち","")&IF(W48<>"","・削除","")
A49: 202560001622 | D49: 40 | E49: 40 差戻し | F49: 20 | G49: 20 差戻し | H49: 45204 | I49: 45924 | J49: 45925 | K49: 45925 | O49: 57 削除待ち登録 | W49: 削 | AB49: 3 | AC49: 0 | AD49: 減 | AE49: 03 離婚 | AL49: =IF(A49="","",IF(COUNTIF(A49:A$2001,A49)=1,1,0)) | AM49: =IF(I49="","",TODAY()-I49) | AN49: =IF(A49="","",IF(AND(E49<>"33 確認済",E49<>"36 送付中"),1,0)) | AO49: =IF(A49="","",IF(AG49<>"",1,0)) | AP49: =IF(P49<>"","・添待ち","")&IF(Q49<>"","・住民票","")&IF(R49<>"","・発信","")&IF(S49<>"","・確認事項","")&IF(T49<>"","・管","")&IF(U49<>"","・SV","")&IF(V49<>"","・データ送付待ち","")&IF(W49<>"","・削除","")
A50: 202560001758 | D50: 40 | E50: 40 差戻し | F50: 20 | G50: 20 差戻し | H50: 45382 | I50: 45952 | J50: 45957 | K50: 45957 | O50: 40 ＳＶ承認 | AB50: 22 | AC50: 1 | AD50: 増 | AE50: 22 扶養親族の退職 | AF50: 増 | AG50: 増 | AH50: 増 | AL50: =IF(A50="","",IF(COUNTIF(A50:A$2001,A50)=1,1,0)) | AM50: =IF(I50="","",TODAY()-I50) | AN50: =IF(A50="","",IF(AND(E50<>"33 確認済",E50<>"36 送付中"),1,0)) | AO50: =IF(A50="","",IF(AG50<>"",1,0)) | AP50: =IF(P50<>"","・添待ち","")&IF(Q50<>"","・住民票","")&IF(R50<>"","・発信","")&IF(S50<>"","・確認事項","")&IF(T50<>"","・管","")&IF(U50<>"","・SV","")&IF(V50<>"","・データ送付待ち","")&IF(W50<>"","・削除","")
A51: 202560001779 | D51: 40 | E51: 40 差戻し | F51: 20 | G51: 20 差戻し | I51: 45930 | J51: 45931 | K51: 45933 | O51: 40 ＳＶ承認 | AD51: 減 | AJ51: 一時保存 | AL51: =IF(A51="","",IF(COUNTIF(A51:A$2001,A51)=1,1,0)) | AM51: =IF(I51="","",TODAY()-I51) | AN51: =IF(A51="","",IF(AND(E51<>"33 確認済",E51<>"36 送付中"),1,0)) | AO51: =IF(A51="","",IF(AG51<>"",1,0)) | AP51: =IF(P51<>"","・添待ち","")&IF(Q51<>"","・住民票","")&IF(R51<>"","・発信","")&IF(S51<>"","・確認事項","")&IF(T51<>"","・管","")&IF(U51<>"","・SV","")&IF(V51<>"","・データ送付待ち","")&IF(W51<>"","・削除","")
A52: 202560002505 | D52: 40 | E52: 40 差戻し | F52: 20 | G52: 20 差戻し | H52: 46006 | I52: 46017 | J52: 46142 | K52: 46142 | O52: 55 添付書類待ち登録 | P52: 添 | AB52: 23 | AC52: 1 | AD52: 増 | AE52: 23 本人の結婚 | AF52: 増 | AG52: 増 | AL52: =IF(A52="","",IF(COUNTIF(A52:A$2001,A52)=1,1,0)) | AM52: =IF(I52="","",TODAY()-I52) | AN52: =IF(A52="","",IF(AND(E52<>"33 確認済",E52<>"36 送付中"),1,0)) | AO52: =IF(A52="","",IF(AG52<>"",1,0)) | AP52: =IF(P52<>"","・添待ち","")&IF(Q52<>"","・住民票","")&IF(R52<>"","・発信","")&IF(S52<>"","・確認事項","")&IF(T52<>"","・管","")&IF(U52<>"","・SV","")&IF(V52<>"","・データ送付待ち","")&IF(W52<>"","・削除","")
A53: 202560002505 | D53: 40 | E53: 40 差戻し | F53: 20 | G53: 20 差戻し | H53: 46006 | I53: 46017 | J53: 46142 | K53: 46142 | O53: 55 添付書類待ち登録 | P53: 添 | AB53: 23 | AC53: 1 | AD53: 増 | AE53: 23 結婚 | AF53: 増 | AG53: 増 | AL53: =IF(A53="","",IF(COUNTIF(A53:A$2001,A53)=1,1,0)) | AM53: =IF(I53="","",TODAY()-I53) | AN53: =IF(A53="","",IF(AND(E53<>"33 確認済",E53<>"36 送付中"),1,0)) | AO53: =IF(A53="","",IF(AG53<>"",1,0)) | AP53: =IF(P53<>"","・添待ち","")&IF(Q53<>"","・住民票","")&IF(R53<>"","・発信","")&IF(S53<>"","・確認事項","")&IF(T53<>"","・管","")&IF(U53<>"","・SV","")&IF(V53<>"","・データ送付待ち","")&IF(W53<>"","・削除","")
A54: 202560002534 | D54: 40 | E54: 40 差戻し | F54: 20 | G54: 20 差戻し | H54: 46015 | I54: 46029 | J54: 46030 | K54: 46057 | O54: 57 削除待ち登録 | W54: 削 | AB54: 23 | AC54: 1 | AD54: 増 | AE54: 23 本人の結婚 | AL54: =IF(A54="","",IF(COUNTIF(A54:A$2001,A54)=1,1,0)) | AM54: =IF(I54="","",TODAY()-I54) | AN54: =IF(A54="","",IF(AND(E54<>"33 確認済",E54<>"36 送付中"),1,0)) | AO54: =IF(A54="","",IF(AG54<>"",1,0)) | AP54: =IF(P54<>"","・添待ち","")&IF(Q54<>"","・住民票","")&IF(R54<>"","・発信","")&IF(S54<>"","・確認事項","")&IF(T54<>"","・管","")&IF(U54<>"","・SV","")&IF(V54<>"","・データ送付待ち","")&IF(W54<>"","・削除","")
A55: 202560002534 | D55: 40 | E55: 40 差戻し | F55: 20 | G55: 20 差戻し | H55: 46015 | I55: 46029 | J55: 46030 | K55: 46057 | O55: 57 削除待ち登録 | W55: 削 | AB55: 23 | AC55: 1 | AD55: 増 | AE55: 23 結婚 | AL55: =IF(A55="","",IF(COUNTIF(A55:A$2001,A55)=1,1,0)) | AM55: =IF(I55="","",TODAY()-I55) | AN55: =IF(A55="","",IF(AND(E55<>"33 確認済",E55<>"36 送付中"),1,0)) | AO55: =IF(A55="","",IF(AG55<>"",1,0)) | AP55: =IF(P55<>"","・添待ち","")&IF(Q55<>"","・住民票","")&IF(R55<>"","・発信","")&IF(S55<>"","・確認事項","")&IF(T55<>"","・管","")&IF(U55<>"","・SV","")&IF(V55<>"","・データ送付待ち","")&IF(W55<>"","・削除","")
A56: 202560002734 | D56: 20 | E56: 20 確認待ち | I56: 46057 | O56: 10 申請 | AD56: 減 | AJ56: 一時保存 | AL56: =IF(A56="","",IF(COUNTIF(A56:A$2001,A56)=1,1,0)) | AM56: =IF(I56="","",TODAY()-I56) | AN56: =IF(A56="","",IF(AND(E56<>"33 確認済",E56<>"36 送付中"),1,0)) | AO56: =IF(A56="","",IF(AG56<>"",1,0)) | AP56: =IF(P56<>"","・添待ち","")&IF(Q56<>"","・住民票","")&IF(R56<>"","・発信","")&IF(S56<>"","・確認事項","")&IF(T56<>"","・管","")&IF(U56<>"","・SV","")&IF(V56<>"","・データ送付待ち","")&IF(W56<>"","・削除","")
A57: 202560002767 | D57: 32 | E57: 32 ＳＶ確認中 | H57: 46113 | I57: 46113 | J57: 46127 | K57: 46127 | O57: 31 差戻し | P57: 添 | AB57: 27 | AC57: 1 | AD57: 増 | AE57: 27 収入限度額以下 | AF57: 増 | AG57: 増 | AH57: 増 | AL57: =IF(A57="","",IF(COUNTIF(A57:A$2001,A57)=1,1,0)) | AM57: =IF(I57="","",TODAY()-I57) | AN57: =IF(A57="","",IF(AND(E57<>"33 確認済",E57<>"36 送付中"),1,0)) | AO57: =IF(A57="","",IF(AG57<>"",1,0)) | AP57: =IF(P57<>"","・添待ち","")&IF(Q57<>"","・住民票","")&IF(R57<>"","・発信","")&IF(S57<>"","・確認事項","")&IF(T57<>"","・管","")&IF(U57<>"","・SV","")&IF(V57<>"","・データ送付待ち","")&IF(W57<>"","・削除","")
A58: 202560002878 | D58: 40 | E58: 40 差戻し | F58: 20 | G58: 20 差戻し | H58: 46052 | I58: 46092 | J58: 46133 | K58: 46260 | O58: 55 添付書類待ち登録 | P58: 添 | AB58: 25 | AC58: 1 | AD58: 増 | AE58: 25 育休 | AF58: 増 | AH58: 増 | AL58: =IF(A58="","",IF(COUNTIF(A58:A$2001,A58)=1,1,0)) | AM58: =IF(I58="","",TODAY()-I58) | AN58: =IF(A58="","",IF(AND(E58<>"33 確認済",E58<>"36 送付中"),1,0)) | AO58: =IF(A58="","",IF(AG58<>"",1,0)) | AP58: =IF(P58<>"","・添待ち","")&IF(Q58<>"","・住民票","")&IF(R58<>"","・発信","")&IF(S58<>"","・確認事項","")&IF(T58<>"","・管","")&IF(U58<>"","・SV","")&IF(V58<>"","・データ送付待ち","")&IF(W58<>"","・削除","")
A59: 202560002958 | D59: 32 | E59: 32 ＳＶ確認中 | F59: 20 | G59: 20 差戻し | H59: 46143 | I59: 46190 | J59: 46282 | K59: 46282 | O59: 30 登録 | AB59: 49 | AC59: 0 | AD59: 減 | AE59: 49 復職 | AH59: 減 | AL59: =IF(A59="","",IF(COUNTIF(A59:A$2001,A59)=1,1,0)) | AM59: =IF(I59="","",TODAY()-I59) | AN59: =IF(A59="","",IF(AND(E59<>"33 確認済",E59<>"36 送付中"),1,0)) | AO59: =IF(A59="","",IF(AG59<>"",1,0)) | AP59: =IF(P59<>"","・添待ち","")&IF(Q59<>"","・住民票","")&IF(R59<>"","・発信","")&IF(S59<>"","・確認事項","")&IF(T59<>"","・管","")&IF(U59<>"","・SV","")&IF(V59<>"","・データ送付待ち","")&IF(W59<>"","・削除","")
A60: 202560002994 | D60: 31 | E60: 31 ＯＰ確認中 | F60: 20 | G60: 20 差戻し | H60: 46113 | I60: 46139 | J60: 46233 | K60: 46233 | O60: 22 担当者変更 | P60: 添 | U60: Ｓ | AB60: 34 | AC60: 1 | AD60: 増 | AE60: 34 廃業 | AF60: 増 | AG60: 増 | AH60: 増 | AL60: =IF(A60="","",IF(COUNTIF(A60:A$2001,A60)=1,1,0)) | AM60: =IF(I60="","",TODAY()-I60) | AN60: =IF(A60="","",IF(AND(E60<>"33 確認済",E60<>"36 送付中"),1,0)) | AO60: =IF(A60="","",IF(AG60<>"",1,0)) | AP60: =IF(P60<>"","・添待ち","")&IF(Q60<>"","・住民票","")&IF(R60<>"","・発信","")&IF(S60<>"","・確認事項","")&IF(T60<>"","・管","")&IF(U60<>"","・SV","")&IF(V60<>"","・データ送付待ち","")&IF(W60<>"","・削除","")
A61: 202560003011 | D61: 40 | E61: 40 差戻し | F61: 20 | G61: 20 差戻し | H61: 46107 | I61: 46107 | J61: 46111 | K61: 46111 | O61: 40 ＳＶ承認 | AB61: 28 | AC61: 3 | AD61: 減 | AH61: 増 | AL61: =IF(A61="","",IF(COUNTIF(A61:A$2001,A61)=1,1,0)) | AM61: =IF(I61="","",TODAY()-I61) | AN61: =IF(A61="","",IF(AND(E61<>"33 確認済",E61<>"36 送付中"),1,0)) | AO61: =IF(A61="","",IF(AG61<>"",1,0)) | AP61: =IF(P61<>"","・添待ち","")&IF(Q61<>"","・住民票","")&IF(R61<>"","・発信","")&IF(S61<>"","・確認事項","")&IF(T61<>"","・管","")&IF(U61<>"","・SV","")&IF(V61<>"","・データ送付待ち","")&IF(W61<>"","・削除","")
A62: 202560003089 | D62: 32 | E62: 32 ＳＶ確認中 | H62: 46113 | I62: 46115 | J62: 46118 | K62: 46118 | O62: 31 差戻し | S62: 確 | AB62: 99 | AC62: 1 | AD62: 増 | AE62: 99 その他 | AG62: 増 | AH62: 増 | AL62: =IF(A62="","",IF(COUNTIF(A62:A$2001,A62)=1,1,0)) | AM62: =IF(I62="","",TODAY()-I62) | AN62: =IF(A62="","",IF(AND(E62<>"33 確認済",E62<>"36 送付中"),1,0)) | AO62: =IF(A62="","",IF(AG62<>"",1,0)) | AP62: =IF(P62<>"","・添待ち","")&IF(Q62<>"","・住民票","")&IF(R62<>"","・発信","")&IF(S62<>"","・確認事項","")&IF(T62<>"","・管","")&IF(U62<>"","・SV","")&IF(V62<>"","・データ送付待ち","")&IF(W62<>"","・削除","")
A63: 202560003091 | D63: 31 | E63: 31 ＯＰ確認中 | F63: 20 | G63: 20 差戻し | H63: 46044 | I63: 46112 | J63: 46280 | K63: 46280 | O63: 22 担当者変更 | U63: Ｓ | AB63: 54 | AC63: 0 | AD63: 減 | AE63: 54 別居 | AF63: 減 | AL63: =IF(A63="","",IF(COUNTIF(A63:A$2001,A63)=1,1,0)) | AM63: =IF(I63="","",TODAY()-I63) | AN63: =IF(A63="","",IF(AND(E63<>"33 確認済",E63<>"36 送付中"),1,0)) | AO63: =IF(A63="","",IF(AG63<>"",1,0)) | AP63: =IF(P63<>"","・添待ち","")&IF(Q63<>"","・住民票","")&IF(R63<>"","・発信","")&IF(S63<>"","・確認事項","")&IF(T63<>"","・管","")&IF(U63<>"","・SV","")&IF(V63<>"","・データ送付待ち","")&IF(W63<>"","・削除","")
A64: 202660000028 | D64: 20 | E64: 20 確認待ち | H64: 46113 | I64: 46115 | O64: 10 申請 | R64: 発 | AB64: 50 | AC64: 0 | AD64: 減 | AE64: 50 扶養者の変更 | AF64: 減 | AL64: =IF(A64="","",IF(COUNTIF(A64:A$2001,A64)=1,1,0)) | AM64: =IF(I64="","",TODAY()-I64) | AN64: =IF(A64="","",IF(AND(E64<>"33 確認済",E64<>"36 送付中"),1,0)) | AO64: =IF(A64="","",IF(AG64<>"",1,0)) | AP64: =IF(P64<>"","・添待ち","")&IF(Q64<>"","・住民票","")&IF(R64<>"","・発信","")&IF(S64<>"","・確認事項","")&IF(T64<>"","・管","")&IF(U64<>"","・SV","")&IF(V64<>"","・データ送付待ち","")&IF(W64<>"","・削除","")
A65: 202660000073 | D65: 20 | E65: 20 確認待ち | F65: 20 | G65: 20 差戻し | H65: 46113 | I65: 46116 | J65: 46153 | K65: 46153 | O65: 11 差戻し申請 | S65: 確 | AB65: 99 | AC65: 0 | AD65: 減 | AE65: 99 その他 | AF65: 減 | AG65: 減 | AH65: 減 | AL65: =IF(A65="","",IF(COUNTIF(A65:A$2001,A65)=1,1,0)) | AM65: =IF(I65="","",TODAY()-I65) | AN65: =IF(A65="","",IF(AND(E65<>"33 確認済",E65<>"36 送付中"),1,0)) | AO65: =IF(A65="","",IF(AG65<>"",1,0)) | AP65: =IF(P65<>"","・添待ち","")&IF(Q65<>"","・住民票","")&IF(R65<>"","・発信","")&IF(S65<>"","・確認事項","")&IF(T65<>"","・管","")&IF(U65<>"","・SV","")&IF(V65<>"","・データ送付待ち","")&IF(W65<>"","・削除","")
A66: 202660000276 | D66: 40 | E66: 40 差戻し | F66: 20 | G66: 20 差戻し | H66: 46113 | I66: 46125 | J66: 46188 | K66: 46188 | O66: 55 添付書類待ち登録 | P66: 添 | AB66: 47 | AC66: 0 | AD66: 減 | AE66: 47 扶養親族の就職 | AL66: =IF(A66="","",IF(COUNTIF(A66:A$2001,A66)=1,1,0)) | AM66: =IF(I66="","",TODAY()-I66) | AN66: =IF(A66="","",IF(AND(E66<>"33 確認済",E66<>"36 送付中"),1,0)) | AO66: =IF(A66="","",IF(AG66<>"",1,0)) | AP66: =IF(P66<>"","・添待ち","")&IF(Q66<>"","・住民票","")&IF(R66<>"","・発信","")&IF(S66<>"","・確認事項","")&IF(T66<>"","・管","")&IF(U66<>"","・SV","")&IF(V66<>"","・データ送付待ち","")&IF(W66<>"","・削除","")
A67: 202660000336 | D67: 36 | E67: 36 送付中 | F67: 20 | G67: 20 差戻し | H67: 46113 | I67: 46155 | J67: 46279 | K67: 46279 | L67: 46289 | M67: 46289 | O67: 70 申請データ出力 | AB67: 51 | AC67: 0 | AD67: 減 | AE67: 51 収入限度額以上 | AG67: 減 | AH67: 減 | AL67: =IF(A67="","",IF(COUNTIF(A67:A$2001,A67)=1,1,0)) | AM67: =IF(I67="","",TODAY()-I67) | AN67: =IF(A67="","",IF(AND(E67<>"33 確認済",E67<>"36 送付中"),1,0)) | AO67: =IF(A67="","",IF(AG67<>"",1,0)) | AP67: =IF(P67<>"","・添待ち","")&IF(Q67<>"","・住民票","")&IF(R67<>"","・発信","")&IF(S67<>"","・確認事項","")&IF(T67<>"","・管","")&IF(U67<>"","・SV","")&IF(V67<>"","・データ送付待ち","")&IF(W67<>"","・削除","")
A68: 202660000364 | D68: 20 | E68: 20 確認待ち | H68: 46113 | I68: 46132 | O68: 10 申請 | P68: 添 | AB68: 47 | AC68: 0 | AD68: 減 | AE68: 47 扶養親族の就職 | AF68: 減 | AG68: 減 | AH68: 減 | AL68: =IF(A68="","",IF(COUNTIF(A68:A$2001,A68)=1,1,0)) | AM68: =IF(I68="","",TODAY()-I68) | AN68: =IF(A68="","",IF(AND(E68<>"33 確認済",E68<>"36 送付中"),1,0)) | AO68: =IF(A68="","",IF(AG68<>"",1,0)) | AP68: =IF(P68<>"","・添待ち","")&IF(Q68<>"","・住民票","")&IF(R68<>"","・発信","")&IF(S68<>"","・確認事項","")&IF(T68<>"","・管","")&IF(U68<>"","・SV","")&IF(V68<>"","・データ送付待ち","")&IF(W68<>"","・削除","")
A69: 202660000434 | D69: 20 | E69: 20 確認待ち | I69: 46139 | O69: 10 申請 | AD69: 減 | AJ69: 一時保存 | AL69: =IF(A69="","",IF(COUNTIF(A69:A$2001,A69)=1,1,0)) | AM69: =IF(I69="","",TODAY()-I69) | AN69: =IF(A69="","",IF(AND(E69<>"33 確認済",E69<>"36 送付中"),1,0)) | AO69: =IF(A69="","",IF(AG69<>"",1,0)) | AP69: =IF(P69<>"","・添待ち","")&IF(Q69<>"","・住民票","")&IF(R69<>"","・発信","")&IF(S69<>"","・確認事項","")&IF(T69<>"","・管","")&IF(U69<>"","・SV","")&IF(V69<>"","・データ送付待ち","")&IF(W69<>"","・削除","")
A70: 202660000452 | D70: 20 | E70: 20 確認待ち | H70: 46113 | I70: 46266 | O70: 55 添付書類待ち登録 | P70: 添 | AB70: 47 | AC70: 0 | AD70: 減 | AE70: 47 扶養親族の就職 | AF70: 減 | AG70: 減 | AH70: 減 | AL70: =IF(A70="","",IF(COUNTIF(A70:A$2001,A70)=1,1,0)) | AM70: =IF(I70="","",TODAY()-I70) | AN70: =IF(A70="","",IF(AND(E70<>"33 確認済",E70<>"36 送付中"),1,0)) | AO70: =IF(A70="","",IF(AG70<>"",1,0)) | AP70: =IF(P70<>"","・添待ち","")&IF(Q70<>"","・住民票","")&IF(R70<>"","・発信","")&IF(S70<>"","・確認事項","")&IF(T70<>"","・管","")&IF(U70<>"","・SV","")&IF(V70<>"","・データ送付待ち","")&IF(W70<>"","・削除","")
A71: 202660000466 | D71: 40 | E71: 40 差戻し | F71: 20 | G71: 20 差戻し | H71: 46135 | I71: 46142 | J71: 46163 | K71: 46163 | O71: 57 削除待ち登録 | W71: 削 | AB71: 26 | AC71: 1 | AD71: 増 | AE71: 26 扶養者の変更 | AF71: 増 | AH71: 増 | AL71: =IF(A71="","",IF(COUNTIF(A71:A$2001,A71)=1,1,0)) | AM71: =IF(I71="","",TODAY()-I71) | AN71: =IF(A71="","",IF(AND(E71<>"33 確認済",E71<>"36 送付中"),1,0)) | AO71: =IF(A71="","",IF(AG71<>"",1,0)) | AP71: =IF(P71<>"","・添待ち","")&IF(Q71<>"","・住民票","")&IF(R71<>"","・発信","")&IF(S71<>"","・確認事項","")&IF(T71<>"","・管","")&IF(U71<>"","・SV","")&IF(V71<>"","・データ送付待ち","")&IF(W71<>"","・削除","")
A72: 202660000490 | D72: 40 | E72: 40 差戻し | F72: 20 | G72: 20 差戻し | H72: 46054 | I72: 46142 | J72: 46279 | K72: 46279 | O72: 55 添付書類待ち登録 | P72: 添 | AB72: 25 | AC72: 1 | AD72: 増 | AE72: 25 育休 | AF72: 増 | AG72: 増 | AH72: 増 | AL72: =IF(A72="","",IF(COUNTIF(A72:A$2001,A72)=1,1,0)) | AM72: =IF(I72="","",TODAY()-I72) | AN72: =IF(A72="","",IF(AND(E72<>"33 確認済",E72<>"36 送付中"),1,0)) | AO72: =IF(A72="","",IF(AG72<>"",1,0)) | AP72: =IF(P72<>"","・添待ち","")&IF(Q72<>"","・住民票","")&IF(R72<>"","・発信","")&IF(S72<>"","・確認事項","")&IF(T72<>"","・管","")&IF(U72<>"","・SV","")&IF(V72<>"","・データ送付待ち","")&IF(W72<>"","・削除","")
A73: 202660000559 | D73: 36 | E73: 36 送付中 | F73: 20 | G73: 20 差戻し | H73: 46154 | I73: 46174 | J73: 46280 | K73: 46280 | L73: 46289 | M73: 46289 | O73: 70 申請データ出力 | AB73: 54 | AC73: 0 | AD73: 減 | AE73: 54 別居 | AF73: 減 | AG73: 減 | AH73: 減 | AL73: =IF(A73="","",IF(COUNTIF(A73:A$2001,A73)=1,1,0)) | AM73: =IF(I73="","",TODAY()-I73) | AN73: =IF(A73="","",IF(AND(E73<>"33 確認済",E73<>"36 送付中"),1,0)) | AO73: =IF(A73="","",IF(AG73<>"",1,0)) | AP73: =IF(P73<>"","・添待ち","")&IF(Q73<>"","・住民票","")&IF(R73<>"","・発信","")&IF(S73<>"","・確認事項","")&IF(T73<>"","・管","")&IF(U73<>"","・SV","")&IF(V73<>"","・データ送付待ち","")&IF(W73<>"","・削除","")
A74: 202660000573 | D74: 33 | E74: 33 確認済 | H74: 46134 | I74: 46156 | J74: 46157 | K74: 46161 | O74: 40 ＳＶ承認 | AB74: 23 | AC74: 1 | AD74: 増 | AE74: 23 本人の結婚 | AL74: =IF(A74="","",IF(COUNTIF(A74:A$2001,A74)=1,1,0)) | AM74: =IF(I74="","",TODAY()-I74) | AN74: =IF(A74="","",IF(AND(E74<>"33 確認済",E74<>"36 送付中"),1,0)) | AO74: =IF(A74="","",IF(AG74<>"",1,0)) | AP74: =IF(P74<>"","・添待ち","")&IF(Q74<>"","・住民票","")&IF(R74<>"","・発信","")&IF(S74<>"","・確認事項","")&IF(T74<>"","・管","")&IF(U74<>"","・SV","")&IF(V74<>"","・データ送付待ち","")&IF(W74<>"","・削除","")
A75: 202660000573 | D75: 33 | E75: 33 確認済 | H75: 46134 | I75: 46156 | J75: 46157 | K75: 46161 | O75: 40 ＳＶ承認 | AB75: 23 | AC75: 1 | AD75: 増 | AE75: 23 結婚 | AL75: =IF(A75="","",IF(COUNTIF(A75:A$2001,A75)=1,1,0)) | AM75: =IF(I75="","",TODAY()-I75) | AN75: =IF(A75="","",IF(AND(E75<>"33 確認済",E75<>"36 送付中"),1,0)) | AO75: =IF(A75="","",IF(AG75<>"",1,0)) | AP75: =IF(P75<>"","・添待ち","")&IF(Q75<>"","・住民票","")&IF(R75<>"","・発信","")&IF(S75<>"","・確認事項","")&IF(T75<>"","・管","")&IF(U75<>"","・SV","")&IF(V75<>"","・データ送付待ち","")&IF(W75<>"","・削除","")
A76: 202660000574 | D76: 40 | E76: 40 差戻し | F76: 20 | G76: 20 差戻し | H76: 46113 | I76: 46156 | J76: 46239 | K76: 46239 | O76: 55 添付書類待ち登録 | P76: 添 | AB76: 51 | AC76: 0 | AD76: 減 | AE76: 51 収入限度額以上 | AG76: 減 | AH76: 減 | AL76: =IF(A76="","",IF(COUNTIF(A76:A$2001,A76)=1,1,0)) | AM76: =IF(I76="","",TODAY()-I76) | AN76: =IF(A76="","",IF(AND(E76<>"33 確認済",E76<>"36 送付中"),1,0)) | AO76: =IF(A76="","",IF(AG76<>"",1,0)) | AP76: =IF(P76<>"","・添待ち","")&IF(Q76<>"","・住民票","")&IF(R76<>"","・発信","")&IF(S76<>"","・確認事項","")&IF(T76<>"","・管","")&IF(U76<>"","・SV","")&IF(V76<>"","・データ送付待ち","")&IF(W76<>"","・削除","")
A77: 202660000578 | D77: 20 | E77: 20 確認待ち | F77: 20 | G77: 20 差戻し | H77: 46113 | I77: 46157 | J77: 46160 | K77: 46160 | O77: 11 差戻し申請 | S77: 確 | AB77: 26 | AC77: 1 | AD77: 増 | AE77: 26 扶養者の変更 | AF77: 増 | AG77: 増 | AH77: 増 | AL77: =IF(A77="","",IF(COUNTIF(A77:A$2001,A77)=1,1,0)) | AM77: =IF(I77="","",TODAY()-I77) | AN77: =IF(A77="","",IF(AND(E77<>"33 確認済",E77<>"36 送付中"),1,0)) | AO77: =IF(A77="","",IF(AG77<>"",1,0)) | AP77: =IF(P77<>"","・添待ち","")&IF(Q77<>"","・住民票","")&IF(R77<>"","・発信","")&IF(S77<>"","・確認事項","")&IF(T77<>"","・管","")&IF(U77<>"","・SV","")&IF(V77<>"","・データ送付待ち","")&IF(W77<>"","・削除","")
A78: 202660000643 | D78: 32 | E78: 32 ＳＶ確認中 | H78: 46143 | I78: 46175 | J78: 46185 | K78: 46185 | O78: 31 差戻し | U78: Ｓ | AB78: 51 | AC78: 0 | AD78: 減 | AE78: 51 収入限度額以上 | AF78: 減 | AG78: 減 | AH78: 減 | AL78: =IF(A78="","",IF(COUNTIF(A78:A$2001,A78)=1,1,0)) | AM78: =IF(I78="","",TODAY()-I78) | AN78: =IF(A78="","",IF(AND(E78<>"33 確認済",E78<>"36 送付中"),1,0)) | AO78: =IF(A78="","",IF(AG78<>"",1,0)) | AP78: =IF(P78<>"","・添待ち","")&IF(Q78<>"","・住民票","")&IF(R78<>"","・発信","")&IF(S78<>"","・確認事項","")&IF(T78<>"","・管","")&IF(U78<>"","・SV","")&IF(V78<>"","・データ送付待ち","")&IF(W78<>"","・削除","")
A79: 202660000646 | D79: 32 | E79: 32 ＳＶ確認中 | F79: 20 | G79: 20 差戻し | H79: 46167 | I79: 46167 | J79: 46283 | K79: 46283 | O79: 31 差戻し | AB79: 47 | AC79: 0 | AD79: 減 | AE79: 47 扶養親族の就職 | AF79: 減 | AG79: 減 | AH79: 減 | AL79: =IF(A79="","",IF(COUNTIF(A79:A$2001,A79)=1,1,0)) | AM79: =IF(I79="","",TODAY()-I79) | AN79: =IF(A79="","",IF(AND(E79<>"33 確認済",E79<>"36 送付中"),1,0)) | AO79: =IF(A79="","",IF(AG79<>"",1,0)) | AP79: =IF(P79<>"","・添待ち","")&IF(Q79<>"","・住民票","")&IF(R79<>"","・発信","")&IF(S79<>"","・確認事項","")&IF(T79<>"","・管","")&IF(U79<>"","・SV","")&IF(V79<>"","・データ送付待ち","")&IF(W79<>"","・削除","")
A80: 202660000682 | D80: 40 | E80: 40 差戻し | F80: 20 | G80: 20 差戻し | H80: 46074 | I80: 46177 | J80: 46188 | K80: 46188 | O80: 55 添付書類待ち登録 | P80: 添 | AB80: 27 | AC80: 1 | AD80: 増 | AE80: 27 収入限度額以下 | AF80: 増 | AG80: 増 | AH80: 増 | AL80: =IF(A80="","",IF(COUNTIF(A80:A$2001,A80)=1,1,0)) | AM80: =IF(I80="","",TODAY()-I80) | AN80: =IF(A80="","",IF(AND(E80<>"33 確認済",E80<>"36 送付中"),1,0)) | AO80: =IF(A80="","",IF(AG80<>"",1,0)) | AP80: =IF(P80<>"","・添待ち","")&IF(Q80<>"","・住民票","")&IF(R80<>"","・発信","")&IF(S80<>"","・確認事項","")&IF(T80<>"","・管","")&IF(U80<>"","・SV","")&IF(V80<>"","・データ送付待ち","")&IF(W80<>"","・削除","")
A81: 202660000703 | D81: 20 | E81: 20 確認待ち | H81: 46113 | I81: 46174 | O81: 55 添付書類待ち登録 | P81: 添 | AB81: 26 | AC81: 1 | AD81: 増 | AE81: 26 扶養者の変更 | AG81: 増 | AH81: 増 | AL81: =IF(A81="","",IF(COUNTIF(A81:A$2001,A81)=1,1,0)) | AM81: =IF(I81="","",TODAY()-I81) | AN81: =IF(A81="","",IF(AND(E81<>"33 確認済",E81<>"36 送付中"),1,0)) | AO81: =IF(A81="","",IF(AG81<>"",1,0)) | AP81: =IF(P81<>"","・添待ち","")&IF(Q81<>"","・住民票","")&IF(R81<>"","・発信","")&IF(S81<>"","・確認事項","")&IF(T81<>"","・管","")&IF(U81<>"","・SV","")&IF(V81<>"","・データ送付待ち","")&IF(W81<>"","・削除","")
A82: 202660000721 | D82: 20 | E82: 20 確認待ち | F82: 20 | G82: 20 差戻し | H82: 46139 | I82: 46181 | J82: 46189 | K82: 46189 | O82: 11 差戻し申請 | S82: 確 | AB82: 23 | AC82: 1 | AD82: 増 | AE82: 23 本人の結婚 | AH82: 増 | AL82: =IF(A82="","",IF(COUNTIF(A82:A$2001,A82)=1,1,0)) | AM82: =IF(I82="","",TODAY()-I82) | AN82: =IF(A82="","",IF(AND(E82<>"33 確認済",E82<>"36 送付中"),1,0)) | AO82: =IF(A82="","",IF(AG82<>"",1,0)) | AP82: =IF(P82<>"","・添待ち","")&IF(Q82<>"","・住民票","")&IF(R82<>"","・発信","")&IF(S82<>"","・確認事項","")&IF(T82<>"","・管","")&IF(U82<>"","・SV","")&IF(V82<>"","・データ送付待ち","")&IF(W82<>"","・削除","")
A83: 202660000721 | D83: 20 | E83: 20 確認待ち | F83: 20 | G83: 20 差戻し | H83: 46139 | I83: 46181 | J83: 46189 | K83: 46189 | O83: 11 差戻し申請 | S83: 確 | AB83: 23 | AC83: 1 | AD83: 増 | AE83: 23 結婚 | AH83: 増 | AL83: =IF(A83="","",IF(COUNTIF(A83:A$2001,A83)=1,1,0)) | AM83: =IF(I83="","",TODAY()-I83) | AN83: =IF(A83="","",IF(AND(E83<>"33 確認済",E83<>"36 送付中"),1,0)) | AO83: =IF(A83="","",IF(AG83<>"",1,0)) | AP83: =IF(P83<>"","・添待ち","")&IF(Q83<>"","・住民票","")&IF(R83<>"","・発信","")&IF(S83<>"","・確認事項","")&IF(T83<>"","・管","")&IF(U83<>"","・SV","")&IF(V83<>"","・データ送付待ち","")&IF(W83<>"","・削除","")
A84: 202660000762 | D84: 32 | E84: 32 ＳＶ確認中 | H84: 46174 | I84: 46182 | J84: 46196 | K84: 46196 | O84: 31 差戻し | R84: 発 | U84: Ｓ | AB84: 27 | AC84: 1 | AD84: 増 | AE84: 27 収入限度額以下 | AF84: 増 | AG84: 増 | AH84: 増 | AL84: =IF(A84="","",IF(COUNTIF(A84:A$2001,A84)=1,1,0)) | AM84: =IF(I84="","",TODAY()-I84) | AN84: =IF(A84="","",IF(AND(E84<>"33 確認済",E84<>"36 送付中"),1,0)) | AO84: =IF(A84="","",IF(AG84<>"",1,0)) | AP84: =IF(P84<>"","・添待ち","")&IF(Q84<>"","・住民票","")&IF(R84<>"","・発信","")&IF(S84<>"","・確認事項","")&IF(T84<>"","・管","")&IF(U84<>"","・SV","")&IF(V84<>"","・データ送付待ち","")&IF(W84<>"","・削除","")
A85: 202660000774 | D85: 33 | E85: 33 確認済 | F85: 20 | G85: 20 差戻し | H85: 46175 | I85: 46231 | J85: 46280 | K85: 46280 | O85: 40 ＳＶ承認 | AB85: 21 | AC85: 1 | AD85: 増 | AE85: 21 出生 | AF85: 増 | AG85: 増 | AH85: 増 | AL85: =IF(A85="","",IF(COUNTIF(A85:A$2001,A85)=1,1,0)) | AM85: =IF(I85="","",TODAY()-I85) | AN85: =IF(A85="","",IF(AND(E85<>"33 確認済",E85<>"36 送付中"),1,0)) | AO85: =IF(A85="","",IF(AG85<>"",1,0)) | AP85: =IF(P85<>"","・添待ち","")&IF(Q85<>"","・住民票","")&IF(R85<>"","・発信","")&IF(S85<>"","・確認事項","")&IF(T85<>"","・管","")&IF(U85<>"","・SV","")&IF(V85<>"","・データ送付待ち","")&IF(W85<>"","・削除","")
A86: 202660000808 | D86: 31 | E86: 31 ＯＰ確認中 | H86: 46172 | I86: 46188 | J86: 46189 | K86: 46239 | O86: 21 担当者登録 | AB86: 23 | AC86: 1 | AD86: 増 | AE86: 23 本人の結婚 | AL86: =IF(A86="","",IF(COUNTIF(A86:A$2001,A86)=1,1,0)) | AM86: =IF(I86="","",TODAY()-I86) | AN86: =IF(A86="","",IF(AND(E86<>"33 確認済",E86<>"36 送付中"),1,0)) | AO86: =IF(A86="","",IF(AG86<>"",1,0)) | AP86: =IF(P86<>"","・添待ち","")&IF(Q86<>"","・住民票","")&IF(R86<>"","・発信","")&IF(S86<>"","・確認事項","")&IF(T86<>"","・管","")&IF(U86<>"","・SV","")&IF(V86<>"","・データ送付待ち","")&IF(W86<>"","・削除","")
A87: 202660000808 | D87: 31 | E87: 31 ＯＰ確認中 | H87: 46172 | I87: 46188 | J87: 46189 | K87: 46239 | O87: 21 担当者登録 | AB87: 23 | AC87: 1 | AD87: 増 | AE87: 23 結婚 | AL87: =IF(A87="","",IF(COUNTIF(A87:A$2001,A87)=1,1,0)) | AM87: =IF(I87="","",TODAY()-I87) | AN87: =IF(A87="","",IF(AND(E87<>"33 確認済",E87<>"36 送付中"),1,0)) | AO87: =IF(A87="","",IF(AG87<>"",1,0)) | AP87: =IF(P87<>"","・添待ち","")&IF(Q87<>"","・住民票","")&IF(R87<>"","・発信","")&IF(S87<>"","・確認事項","")&IF(T87<>"","・管","")&IF(U87<>"","・SV","")&IF(V87<>"","・データ送付待ち","")&IF(W87<>"","・削除","")
A88: 202660000834 | D88: 20 | E88: 20 確認待ち | F88: 20 | G88: 20 差戻し | H88: 46181 | I88: 46204 | J88: 46226 | K88: 46226 | O88: 56 添付書類待ち解除 | S88: 確 | AB88: 24 | AC88: 1 | AD88: 増 | AE88: 24 雇用保険受給終了 | AF88: 増 | AG88: 増 | AL88: =IF(A88="","",IF(COUNTIF(A88:A$2001,A88)=1,1,0)) | AM88: =IF(I88="","",TODAY()-I88) | AN88: =IF(A88="","",IF(AND(E88<>"33 確認済",E88<>"36 送付中"),1,0)) | AO88: =IF(A88="","",IF(AG88<>"",1,0)) | AP88: =IF(P88<>"","・添待ち","")&IF(Q88<>"","・住民票","")&IF(R88<>"","・発信","")&IF(S88<>"","・確認事項","")&IF(T88<>"","・管","")&IF(U88<>"","・SV","")&IF(V88<>"","・データ送付待ち","")&IF(W88<>"","・削除","")
A89: 202660000842 | D89: 40 | E89: 40 差戻し | F89: 20 | G89: 20 差戻し | H89: 46174 | I89: 46248 | J89: 46252 | K89: 46279 | O89: 57 削除待ち登録 | W89: 削 | AB89: 47 | AC89: 0 | AD89: 減 | AE89: 47 扶養親族の就職 | AG89: 減 | AH89: 減 | AL89: =IF(A89="","",IF(COUNTIF(A89:A$2001,A89)=1,1,0)) | AM89: =IF(I89="","",TODAY()-I89) | AN89: =IF(A89="","",IF(AND(E89<>"33 確認済",E89<>"36 送付中"),1,0)) | AO89: =IF(A89="","",IF(AG89<>"",1,0)) | AP89: =IF(P89<>"","・添待ち","")&IF(Q89<>"","・住民票","")&IF(R89<>"","・発信","")&IF(S89<>"","・確認事項","")&IF(T89<>"","・管","")&IF(U89<>"","・SV","")&IF(V89<>"","・データ送付待ち","")&IF(W89<>"","・削除","")
A90: 202660000850 | D90: 31 | E90: 31 ＯＰ確認中 | F90: 20 | G90: 20 差戻し | H90: 46167 | I90: 46225 | J90: 46282 | K90: 46282 | O90: 21 担当者登録 | S90: 確 | AB90: 22 | AC90: 1 | AD90: 増 | AE90: 22 扶養親族の退職 | AF90: 増 | AG90: 増 | AH90: 増 | AL90: =IF(A90="","",IF(COUNTIF(A90:A$2001,A90)=1,1,0)) | AM90: =IF(I90="","",TODAY()-I90) | AN90: =IF(A90="","",IF(AND(E90<>"33 確認済",E90<>"36 送付中"),1,0)) | AO90: =IF(A90="","",IF(AG90<>"",1,0)) | AP90: =IF(P90<>"","・添待ち","")&IF(Q90<>"","・住民票","")&IF(R90<>"","・発信","")&IF(S90<>"","・確認事項","")&IF(T90<>"","・管","")&IF(U90<>"","・SV","")&IF(V90<>"","・データ送付待ち","")&IF(W90<>"","・削除","")
A91: 202660000868 | D91: 31 | E91: 31 ＯＰ確認中 | H91: 46113 | I91: 46197 | J91: 46198 | K91: 46198 | O91: 22 担当者変更 | P91: 添 | U91: Ｓ | AB91: 50 | AC91: 0 | AD91: 減 | AE91: 50 扶養者の変更 | AG91: 減 | AL91: =IF(A91="","",IF(COUNTIF(A91:A$2001,A91)=1,1,0)) | AM91: =IF(I91="","",TODAY()-I91) | AN91: =IF(A91="","",IF(AND(E91<>"33 確認済",E91<>"36 送付中"),1,0)) | AO91: =IF(A91="","",IF(AG91<>"",1,0)) | AP91: =IF(P91<>"","・添待ち","")&IF(Q91<>"","・住民票","")&IF(R91<>"","・発信","")&IF(S91<>"","・確認事項","")&IF(T91<>"","・管","")&IF(U91<>"","・SV","")&IF(V91<>"","・データ送付待ち","")&IF(W91<>"","・削除","")
A92: 202660000900 | D92: 33 | E92: 33 確認済 | F92: 20 | G92: 20 差戻し | H92: 46188 | I92: 46203 | J92: 46279 | K92: 46279 | O92: 40 ＳＶ承認 | AB92: 21 | AC92: 1 | AD92: 増 | AE92: 21 出生 | AF92: 増 | AL92: =IF(A92="","",IF(COUNTIF(A92:A$2001,A92)=1,1,0)) | AM92: =IF(I92="","",TODAY()-I92) | AN92: =IF(A92="","",IF(AND(E92<>"33 確認済",E92<>"36 送付中"),1,0)) | AO92: =IF(A92="","",IF(AG92<>"",1,0)) | AP92: =IF(P92<>"","・添待ち","")&IF(Q92<>"","・住民票","")&IF(R92<>"","・発信","")&IF(S92<>"","・確認事項","")&IF(T92<>"","・管","")&IF(U92<>"","・SV","")&IF(V92<>"","・データ送付待ち","")&IF(W92<>"","・削除","")
A93: 202660000967 | D93: 20 | E93: 20 確認待ち | F93: 20 | G93: 20 差戻し | H93: 46054 | I93: 46226 | J93: 46231 | K93: 46231 | O93: 11 差戻し申請 | P93: 添 | AB93: 47 | AC93: 0 | AD93: 減 | AE93: 47 扶養親族の就職 | AF93: 減 | AG93: 減 | AL93: =IF(A93="","",IF(COUNTIF(A93:A$2001,A93)=1,1,0)) | AM93: =IF(I93="","",TODAY()-I93) | AN93: =IF(A93="","",IF(AND(E93<>"33 確認済",E93<>"36 送付中"),1,0)) | AO93: =IF(A93="","",IF(AG93<>"",1,0)) | AP93: =IF(P93<>"","・添待ち","")&IF(Q93<>"","・住民票","")&IF(R93<>"","・発信","")&IF(S93<>"","・確認事項","")&IF(T93<>"","・管","")&IF(U93<>"","・SV","")&IF(V93<>"","・データ送付待ち","")&IF(W93<>"","・削除","")
A94: 202660001000 | D94: 40 | E94: 40 差戻し | F94: 20 | G94: 20 差戻し | H94: 46204 | I94: 46216 | J94: 46220 | K94: 46220 | O94: 55 添付書類待ち登録 | P94: 添 | AB94: 26 | AC94: 1 | AD94: 増 | AE94: 26 扶養者の変更 | AF94: 増 | AG94: 増 | AH94: 増 | AL94: =IF(A94="","",IF(COUNTIF(A94:A$2001,A94)=1,1,0)) | AM94: =IF(I94="","",TODAY()-I94) | AN94: =IF(A94="","",IF(AND(E94<>"33 確認済",E94<>"36 送付中"),1,0)) | AO94: =IF(A94="","",IF(AG94<>"",1,0)) | AP94: =IF(P94<>"","・添待ち","")&IF(Q94<>"","・住民票","")&IF(R94<>"","・発信","")&IF(S94<>"","・確認事項","")&IF(T94<>"","・管","")&IF(U94<>"","・SV","")&IF(V94<>"","・データ送付待ち","")&IF(W94<>"","・削除","")
A95: 202660001008 | D95: 31 | E95: 31 ＯＰ確認中 | H95: 46217 | I95: 46227 | J95: 46237 | K95: 46237 | O95: 22 担当者変更 | P95: 添 | U95: Ｓ | AB95: 26 | AC95: 1 | AD95: 増 | AE95: 26 扶養者の変更 | AF95: 増 | AG95: 増 | AH95: 増 | AL95: =IF(A95="","",IF(COUNTIF(A95:A$2001,A95)=1,1,0)) | AM95: =IF(I95="","",TODAY()-I95) | AN95: =IF(A95="","",IF(AND(E95<>"33 確認済",E95<>"36 送付中"),1,0)) | AO95: =IF(A95="","",IF(AG95<>"",1,0)) | AP95: =IF(P95<>"","・添待ち","")&IF(Q95<>"","・住民票","")&IF(R95<>"","・発信","")&IF(S95<>"","・確認事項","")&IF(T95<>"","・管","")&IF(U95<>"","・SV","")&IF(V95<>"","・データ送付待ち","")&IF(W95<>"","・削除","")
A96: 202660001026 | D96: 32 | E96: 32 ＳＶ確認中 | H96: 46204 | I96: 46220 | J96: 46224 | K96: 46224 | O96: 31 差戻し | P96: 添 | U96: Ｓ | AB96: 22 | AC96: 1 | AD96: 増 | AE96: 22 扶養親族の退職 | AG96: 増 | AL96: =IF(A96="","",IF(COUNTIF(A96:A$2001,A96)=1,1,0)) | AM96: =IF(I96="","",TODAY()-I96) | AN96: =IF(A96="","",IF(AND(E96<>"33 確認済",E96<>"36 送付中"),1,0)) | AO96: =IF(A96="","",IF(AG96<>"",1,0)) | AP96: =IF(P96<>"","・添待ち","")&IF(Q96<>"","・住民票","")&IF(R96<>"","・発信","")&IF(S96<>"","・確認事項","")&IF(T96<>"","・管","")&IF(U96<>"","・SV","")&IF(V96<>"","・データ送付待ち","")&IF(W96<>"","・削除","")
A97: 202660001028 | D97: 36 | E97: 36 送付中 | H97: 46023 | I97: 46220 | J97: 46262 | K97: 46262 | L97: 46289 | M97: 46289 | O97: 70 申請データ出力 | AB97: 25 | AC97: 1 | AD97: 増 | AE97: 25 育休 | AH97: 増 | AL97: =IF(A97="","",IF(COUNTIF(A97:A$2001,A97)=1,1,0)) | AM97: =IF(I97="","",TODAY()-I97) | AN97: =IF(A97="","",IF(AND(E97<>"33 確認済",E97<>"36 送付中"),1,0)) | AO97: =IF(A97="","",IF(AG97<>"",1,0)) | AP97: =IF(P97<>"","・添待ち","")&IF(Q97<>"","・住民票","")&IF(R97<>"","・発信","")&IF(S97<>"","・確認事項","")&IF(T97<>"","・管","")&IF(U97<>"","・SV","")&IF(V97<>"","・データ送付待ち","")&IF(W97<>"","・削除","")
A98: 202660001033 | D98: 32 | E98: 32 ＳＶ確認中 | F98: 20 | G98: 20 差戻し | H98: 46237 | I98: 46247 | J98: 46279 | K98: 46279 | O98: 30 登録 | AB98: 21 | AC98: 1 | AD98: 増 | AE98: 21 出生 | AF98: 増 | AG98: 増 | AH98: 増 | AL98: =IF(A98="","",IF(COUNTIF(A98:A$2001,A98)=1,1,0)) | AM98: =IF(I98="","",TODAY()-I98) | AN98: =IF(A98="","",IF(AND(E98<>"33 確認済",E98<>"36 送付中"),1,0)) | AO98: =IF(A98="","",IF(AG98<>"",1,0)) | AP98: =IF(P98<>"","・添待ち","")&IF(Q98<>"","・住民票","")&IF(R98<>"","・発信","")&IF(S98<>"","・確認事項","")&IF(T98<>"","・管","")&IF(U98<>"","・SV","")&IF(V98<>"","・データ送付待ち","")&IF(W98<>"","・削除","")
A99: 202660001034 | D99: 33 | E99: 33 確認済 | F99: 20 | G99: 20 差戻し | H99: 46214 | I99: 46237 | J99: 46280 | K99: 46280 | O99: 40 ＳＶ承認 | AB99: 21 | AC99: 1 | AD99: 増 | AE99: 21 出生 | AF99: 増 | AG99: 増 | AH99: 増 | AL99: =IF(A99="","",IF(COUNTIF(A99:A$2001,A99)=1,1,0)) | AM99: =IF(I99="","",TODAY()-I99) | AN99: =IF(A99="","",IF(AND(E99<>"33 確認済",E99<>"36 送付中"),1,0)) | AO99: =IF(A99="","",IF(AG99<>"",1,0)) | AP99: =IF(P99<>"","・添待ち","")&IF(Q99<>"","・住民票","")&IF(R99<>"","・発信","")&IF(S99<>"","・確認事項","")&IF(T99<>"","・管","")&IF(U99<>"","・SV","")&IF(V99<>"","・データ送付待ち","")&IF(W99<>"","・削除","")
A100: 202660001060 | D100: 40 | E100: 40 差戻し | F100: 20 | G100: 20 差戻し | H100: 46211 | I100: 46227 | J100: 46262 | K100: 46262 | O100: 55 添付書類待ち登録 | P100: 添 | AB100: 21 | AC100: 1 | AD100: 増 | AE100: 21 出生 | AF100: 増 | AG100: 増 | AH100: 増 | AL100: =IF(A100="","",IF(COUNTIF(A100:A$2001,A100)=1,1,0)) | AM100: =IF(I100="","",TODAY()-I100) | AN100: =IF(A100="","",IF(AND(E100<>"33 確認済",E100<>"36 送付中"),1,0)) | AO100: =IF(A100="","",IF(AG100<>"",1,0)) | AP100: =IF(P100<>"","・添待ち","")&IF(Q100<>"","・住民票","")&IF(R100<>"","・発信","")&IF(S100<>"","・確認事項","")&IF(T100<>"","・管","")&IF(U100<>"","・SV","")&IF(V100<>"","・データ送付待ち","")&IF(W100<>"","・削除","")
...

Sheet ダッシュボード
B2: 扶養異動申請 進捗ダッシュボード | N2: =TODAY()
B4: ▼ 使い方
B5: 手順① | C5: 元データシートを開き、既存データを「一括クリア」マクロで削除する
B6: 手順② | C6: アプリから「扶養検索_YYYYMMDD.xlsx」をダウンロードする
B7: 手順③ | C7: ダウンロードしたファイルをこのファイルと同じフォルダに保存する
B8: 手順④ | C8: 「ファイル読込」マクロを実行すると元データシートに自動展開される
B9: 手順⑤ | C9: ダッシュボードシートに戻ると件数・申請番号がすべて自動で集計・更新される
B10: 注意 | C10: ★黄色列（元データシート右端4列）は作業列。削除・上書き不可
B11: ▼ 以下の案件を確認してください
B19: ▼ 未完了案件サマリー
B20: 未完了 総件数 | F20: センター対応中 | J20: 差戻し中
B21: =SUMPRODUCT((元データ!$AL$2:$AL$2001=1)*(元データ!$AN$2:$AN$2001=1)) | F21: =SUMPRODUCT((元データ!$AL$2:$AL$2001=1)*(元データ!$AN$2:$AN$2001=1))-SUMPRODUCT((元データ!$AL$2:$AL$2001=1)*(元データ!$AN$2:$AN$2001=1)*(元データ!$E$2:$E$2001="40 差戻し")) | J21: =SUMPRODUCT((元データ!$AL$2:$AL$2001=1)*(元データ!$AN$2:$AN$2001=1)*(元データ!$E$2:$E$2001="40 差戻し"))
B23: ▼ ステータス別 件数
B24: ステータス | C24: 総件数 | D24: 申請日から7日以内 | E24: 申請日から8〜14日 | F24: 申請日から15〜21日 | G24: 申請日から1か月超 | H24: 申請日から2か月超
B25: 確認待ち | C25: =SUMPRODUCT((元データ!$AL$2:$AL$2001=1)*(元データ!$AN$2:$AN$2001=1)*(元データ!$E$2:$E$2001="20 確認待ち")) | D25: =SUMPRODUCT((元データ!$AL$2:$AL$2001=1)*(元データ!$AN$2:$AN$2001=1)*(元データ!$E$2:$E$2001="20 確認待ち")*(元データ!$AM$2:$AM$2001<=7)) | E25: =SUMPRODUCT((元データ!$AL$2:$AL$2001=1)*(元データ!$AN$2:$AN$2001=1)*(元データ!$E$2:$E$2001="20 確認待ち")*(元データ!$AM$2:$AM$2001>=8)*(元データ!$AM$2:$AM$2001<=14)) | F25: =SUMPRODUCT((元データ!$AL$2:$AL$2001=1)*(元データ!$AN$2:$AN$2001=1)*(元データ!$E$2:$E$2001="20 確認待ち")*(元データ!$AM$2:$AM$2001>=15)*(元データ!$AM$2:$AM$2001<=21)) | G25: =SUMPRODUCT((元データ!$AL$2:$AL$2001=1)*(元データ!$AN$2:$AN$2001=1)*(元データ!$E$2:$E$2001="20 確認待ち")*(元データ!$AM$2:$AM$2001>=22)*(元データ!$AM$2:$AM$2001<=30)) | H25: =SUMPRODUCT((元データ!$AL$2:$AL$2001=1)*(元データ!$AN$2:$AN$2001=1)*(元データ!$E$2:$E$2001="20 確認待ち")*(元データ!$AM$2:$AM$2001>=31))
B26: 申請受付 | C26: =SUMPRODUCT((元データ!$AL$2:$AL$2001=1)*(元データ!$AN$2:$AN$2001=1)*(元データ!$E$2:$E$2001="30 申請受付")) | D26: =SUMPRODUCT((元データ!$AL$2:$AL$2001=1)*(元データ!$AN$2:$AN$2001=1)*(元データ!$E$2:$E$2001="30 申請受付")*(元データ!$AM$2:$AM$2001<=7)) | E26: =SUMPRODUCT((元データ!$AL$2:$AL$2001=1)*(元データ!$AN$2:$AN$2001=1)*(元データ!$E$2:$E$2001="30 申請受付")*(元データ!$AM$2:$AM$2001>=8)*(元データ!$AM$2:$AM$2001<=14)) | F26: =SUMPRODUCT((元データ!$AL$2:$AL$2001=1)*(元データ!$AN$2:$AN$2001=1)*(元データ!$E$2:$E$2001="30 申請受付")*(元データ!$AM$2:$AM$2001>=15)*(元データ!$AM$2:$AM$2001<=21)) | G26: =SUMPRODUCT((元データ!$AL$2:$AL$2001=1)*(元データ!$AN$2:$AN$2001=1)*(元データ!$E$2:$E$2001="30 申請受付")*(元データ!$AM$2:$AM$2001>=22)*(元データ!$AM$2:$AM$2001<=30)) | H26: =SUMPRODUCT((元データ!$AL$2:$AL$2001=1)*(元データ!$AN$2:$AN$2001=1)*(元データ!$E$2:$E$2001="30 申請受付")*(元データ!$AM$2:$AM$2001>=31))
B27: OP確認中 | C27: =SUMPRODUCT((元データ!$AL$2:$AL$2001=1)*(元データ!$AN$2:$AN$2001=1)*(元データ!$E$2:$E$2001="31 ＯＰ確認中")) | D27: =SUMPRODUCT((元データ!$AL$2:$AL$2001=1)*(元データ!$AN$2:$AN$2001=1)*(元データ!$E$2:$E$2001="31 ＯＰ確認中")*(元データ!$AM$2:$AM$2001<=7)) | E27: =SUMPRODUCT((元データ!$AL$2:$AL$2001=1)*(元データ!$AN$2:$AN$2001=1)*(元データ!$E$2:$E$2001="31 ＯＰ確認中")*(元データ!$AM$2:$AM$2001>=8)*(元データ!$AM$2:$AM$2001<=14)) | F27: =SUMPRODUCT((元データ!$AL$2:$AL$2001=1)*(元データ!$AN$2:$AN$2001=1)*(元データ!$E$2:$E$2001="31 ＯＰ確認中")*(元データ!$AM$2:$AM$2001>=15)*(元データ!$AM$2:$AM$2001<=21)) | G27: =SUMPRODUCT((元データ!$AL$2:$AL$2001=1)*(元データ!$AN$2:$AN$2001=1)*(元データ!$E$2:$E$2001="31 ＯＰ確認中")*(元データ!$AM$2:$AM$2001>=22)*(元データ!$AM$2:$AM$2001<=30)) | H27: =SUMPRODUCT((元データ!$AL$2:$AL$2001=1)*(元データ!$AN$2:$AN$2001=1)*(元データ!$E$2:$E$2001="31 ＯＰ確認中")*(元データ!$AM$2:$AM$2001>=31))
B28: SV確認中 | C28: =SUMPRODUCT((元データ!$AL$2:$AL$2001=1)*(元データ!$AN$2:$AN$2001=1)*(元データ!$E$2:$E$2001="32 ＳＶ確認中")) | D28: =SUMPRODUCT((元データ!$AL$2:$AL$2001=1)*(元データ!$AN$2:$AN$2001=1)*(元データ!$E$2:$E$2001="32 ＳＶ確認中")*(元データ!$AM$2:$AM$2001<=7)) | E28: =SUMPRODUCT((元データ!$AL$2:$AL$2001=1)*(元データ!$AN$2:$AN$2001=1)*(元データ!$E$2:$E$2001="32 ＳＶ確認中")*(元データ!$AM$2:$AM$2001>=8)*(元データ!$AM$2:$AM$2001<=14)) | F28: =SUMPRODUCT((元データ!$AL$2:$AL$2001=1)*(元データ!$AN$2:$AN$2001=1)*(元データ!$E$2:$E$2001="32 ＳＶ確認中")*(元データ!$AM$2:$AM$2001>=15)*(元データ!$AM$2:$AM$2001<=21)) | G28: =SUMPRODUCT((元データ!$AL$2:$AL$2001=1)*(元データ!$AN$2:$AN$2001=1)*(元データ!$E$2:$E$2001="32 ＳＶ確認中")*(元データ!$AM$2:$AM$2001>=22)*(元データ!$AM$2:$AM$2001<=30)) | H28: =SUMPRODUCT((元データ!$AL$2:$AL$2001=1)*(元データ!$AN$2:$AN$2001=1)*(元データ!$E$2:$E$2001="32 ＳＶ確認中")*(元データ!$AM$2:$AM$2001>=31))
B29: 差戻し | C29: =SUMPRODUCT((元データ!$AL$2:$AL$2001=1)*(元データ!$AN$2:$AN$2001=1)*(元データ!$E$2:$E$2001="40 差戻し")) | D29: =SUMPRODUCT((元データ!$AL$2:$AL$2001=1)*(元データ!$AN$2:$AN$2001=1)*(元データ!$E$2:$E$2001="40 差戻し")*(元データ!$AM$2:$AM$2001<=7)) | E29: =SUMPRODUCT((元データ!$AL$2:$AL$2001=1)*(元データ!$AN$2:$AN$2001=1)*(元データ!$E$2:$E$2001="40 差戻し")*(元データ!$AM$2:$AM$2001>=8)*(元データ!$AM$2:$AM$2001<=14)) | F29: =SUMPRODUCT((元データ!$AL$2:$AL$2001=1)*(元データ!$AN$2:$AN$2001=1)*(元データ!$E$2:$E$2001="40 差戻し")*(元データ!$AM$2:$AM$2001>=15)*(元データ!$AM$2:$AM$2001<=21)) | G29: =SUMPRODUCT((元データ!$AL$2:$AL$2001=1)*(元データ!$AN$2:$AN$2001=1)*(元データ!$E$2:$E$2001="40 差戻し")*(元データ!$AM$2:$AM$2001>=22)*(元データ!$AM$2:$AM$2001<=30)) | H29: =SUMPRODUCT((元データ!$AL$2:$AL$2001=1)*(元データ!$AN$2:$AN$2001=1)*(元データ!$E$2:$E$2001="40 差戻し")*(元データ!$AM$2:$AM$2001>=31))
B30: 合計 | C30: =SUMPRODUCT((元データ!$AL$2:$AL$2001=1)*(元データ!$AN$2:$AN$2001=1)) | D30: =SUMPRODUCT((元データ!$AL$2:$AL$2001=1)*(元データ!$AN$2:$AN$2001=1)*(元データ!$AM$2:$AM$2001<=7)) | E30: =SUMPRODUCT((元データ!$AL$2:$AL$2001=1)*(元データ!$AN$2:$AN$2001=1)*(元データ!$AM$2:$AM$2001>=8)*(元データ!$AM$2:$AM$2001<=14)) | F30: =SUMPRODUCT((元データ!$AL$2:$AL$2001=1)*(元データ!$AN$2:$AN$2001=1)*(元データ!$AM$2:$AM$2001>=15)*(元データ!$AM$2:$AM$2001<=21)) | G30: =SUMPRODUCT((元データ!$AL$2:$AL$2001=1)*(元データ!$AN$2:$AN$2001=1)*(元データ!$AM$2:$AM$2001>=22)*(元データ!$AM$2:$AM$2001<=30)) | H30: =SUMPRODUCT((元データ!$AL$2:$AL$2001=1)*(元データ!$AN$2:$AN$2001=1)*(元データ!$AM$2:$AM$2001>=31))
B32: ▼ 事由別 件数（共済あり／なし）
B33: 優先順位 | C33: 事由 | D33: 共済 | E33: 総件数 | F33: 申請日から7日以内 | Q33: 申請日から8〜14日 | AB33: 申請日から15〜21日 | AM33: 申請日から1か月超 | AX33: 申請日から2か月超
F34: 件数 | G34: 確認待 件数 | H34: 確認待 申請番号 | I34: 受付 件数 | J34: 受付 申請番号 | K34: OP 件数 | L34: OP 申請番号 | M34: SV 件数 | N34: SV 申請番号 | O34: 差戻 件数 | P34: 差戻 申請番号 | Q34: 件数 | R34: 確認待 件数 | S34: 確認待 申請番号 | T34: 受付 件数 | U34: 受付 申請番号 | V34: OP 件数 | W34: OP 申請番号 | X34: SV 件数 | Y34: SV 申請番号 | Z34: 差戻 件数 | AA34: 差戻 申請番号 | AB34: 件数 | AC34: 確認待 件数 | AD34: 確認待 申請番号 | AE34: 受付 件数 | AF34: 受付 申請番号 | AG34: OP 件数 | AH34: OP 申請番号 | AI34: SV 件数 | AJ34: SV 申請番号 | AK34: 差戻 件数 | AL34: 差戻 申請番号 | AM34: 件数 | AN34: 確認待 件数 | AO34: 確認待 申請番号 | AP34: 受付 件数 | AQ34: 受付 申請番号 | AR34: OP 件数 | AS34: OP 申請番号 | AT34: SV 件数 | AU34: SV 申請番号 | AV34: 差戻 件数 | AW34: 差戻 申請番号 | AX34: 件数 | AY34: 確認待 件数 | AZ34: 確認待 申請番号 | BA34: 受付 件数 | BB34: 受付 申請番号 | BC34: OP 件数 | BD34: OP 申請番号 | BE34: SV 件数 | BF34: SV 申請番号 | BG34: 差戻 件数 | BH34: 差戻 申請番号
C35: 21 出生 | D35: あり | E35: =SUMPRODUCT((元データ!$AL$2:$AL$2001=1)*(元データ!$AN$2:$AN$2001=1)*(元データ!$AE$2:$AE$2001=$C$35)*(元データ!$AO$2:$AO$2001=1)) | F35: =SUMPRODUCT((元データ!$AL$2:$AL$2001=1)*(元データ!$AN$2:$AN$2001=1)*(元データ!$AE$2:$AE$2001=$C$35)*(元データ!$AO$2:$AO$2001=1)*(元データ!$AM$2:$AM$2001<=7)) | G35: =SUMPRODUCT((元データ!$AL$2:$AL$2001=1)*(元データ!$AN$2:$AN$2001=1)*(元データ!$AE$2:$AE$2001=$C$35)*(元データ!$AO$2:$AO$2001=1)*(元データ!$AM$2:$AM$2001<=7)*(元データ!$E$2:$E$2001="20 確認待ち")) | H35: =IFERROR(_xlfn.TEXTJOIN(CHAR(10),TRUE,IF((元データ!$AL$2:$AL$2001=1)*(元データ!$AN$2:$AN$2001=1)*(元データ!$AE$2:$AE$2001=$C$35)*(元データ!$AO$2:$AO$2001=1)*(元データ!$AM$2:$AM$2001<=7)*(元データ!$E$2:$E$2001="20 確認待ち"),元データ!$A$2:$A$2001&IF(元データ!$AP$2:$AP$2001<>"","（"&MID(元データ!$AP$2:$AP$2001,2,100)&")",""),"")),"") | I35: =SUMPRODUCT((元データ!$AL$2:$AL$2001=1)*(元データ!$AN$2:$AN$2001=1)*(元データ!$AE$2:$AE$2001=$C$35)*(元データ!$AO$2:$AO$2001=1)*(元データ!$AM$2:$AM$2001<=7)*(元データ!$E$2:$E$2001="30 申請受付")) | J35: =IFERROR(_xlfn.TEXTJOIN(CHAR(10),TRUE,IF((元データ!$AL$2:$AL$2001=1)*(元データ!$AN$2:$AN$2001=1)*(元データ!$AE$2:$AE$2001=$C$35)*(元データ!$AO$2:$AO$2001=1)*(元データ!$AM$2:$AM$2001<=7)*(元データ!$E$2:$E$2001="30 申請受付"),元データ!$A$2:$A$2001&IF(元データ!$AP$2:$AP$2001<>"","（"&MID(元データ!$AP$2:$AP$2001,2,100)&")",""),"")),"") | K35: =SUMPRODUCT((元データ!$AL$2:$AL$2001=1)*(元データ!$AN$2:$AN$2001=1)*(元データ!$AE$2:$AE$2001=$C$35)*(元データ!$AO$2:$AO$2001=1)*(元データ!$AM$2:$AM$2001<=7)*(元データ!$E$2:$E$2001="31 ＯＰ確認中")) | L35: =IFERROR(_xlfn.TEXTJOIN(CHAR(10),TRUE,IF((元データ!$AL$2:$AL$2001=1)*(元データ!$AN$2:$AN$2001=1)*(元データ!$AE$2:$AE$2001=$C$35)*(元データ!$AO$2:$AO$2001=1)*(元データ!$AM$2:$AM$2001<=7)*(元データ!$E$2:$E$2001="31 ＯＰ確認中"),元データ!$A$2:$A$2001&IF(元データ!$AP$2:$AP$2001<>"","（"&MID(元データ!$AP$2:$AP$2001,2,100)&")",""),"")),"") | M35: =SUMPRODUCT((元データ!$AL$2:$AL$2001=1)*(元データ!$AN$2:$AN$2001=1)*(元データ!$AE$2:$AE$2001=$C$35)*(元データ!$AO$2:$AO$2001=1)*(元データ!$AM$2:$AM$2001<=7)*(元データ!$E$2:$E$2001="32 ＳＶ確認中")) | N35: =IFERROR(_xlfn.TEXTJOIN(CHAR(10),TRUE,IF((元データ!$AL$2:$AL$2001=1)*(元データ!$AN$2:$AN$2001=1)*(元データ!$AE$2:$AE$2001=$C$35)*(元データ!$AO$2:$AO$2001=1)*(元データ!$AM$2:$AM$2001<=7)*(元データ!$E$2:$E$2001="32 ＳＶ確認中"),元データ!$A$2:$A$2001&IF(元データ!$AP$2:$AP$2001<>"","（"&MID(元データ!$AP$2:$AP$2001,2,100)&")",""),"")),"") | O35: =SUMPRODUCT((元データ!$AL$2:$AL$2001=1)*(元データ!$AN$2:$AN$2001=1)*(元データ!$AE$2:$AE$2001=$C$35)*(元データ!$AO$2:$AO$2001=1)*(元データ!$AM$2:$AM$2001<=7)*(元データ!$E$2:$E$2001="40 差戻し")) | P35: =IFERROR(_xlfn.TEXTJOIN(CHAR(10),TRUE,IF((元データ!$AL$2:$AL$2001=1)*(元データ!$AN$2:$AN$2001=1)*(元データ!$AE$2:$AE$2001=$C$35)*(元データ!$AO$2:$AO$2001=1)*(元データ!$AM$2:$AM$2001<=7)*(元データ!$E$2:$E$2001="40 差戻し"),元データ!$A$2:$A$2001&IF(元データ!$AP$2:$AP$2001<>"","（"&MID(元データ!$AP$2:$AP$2001,2,100)&")",""),"")),"") | Q35: =SUMPRODUCT((元データ!$AL$2:$AL$2001=1)*(元データ!$AN$2:$AN$2001=1)*(元データ!$AE$2:$AE$2001=$C$35)*(元データ!$AO$2:$AO$2001=1)*(元データ!$AM$2:$AM$2001>=8)*(元データ!$AM$2:$AM$2001<=14)) | R35: =SUMPRODUCT((元データ!$AL$2:$AL$2001=1)*(元データ!$AN$2:$AN$2001=1)*(元データ!$AE$2:$AE$2001=$C$35)*(元データ!$AO$2:$AO$2001=1)*(元データ!$AM$2:$AM$2001>=8)*(元データ!$AM$2:$AM$2001<=14)*(元データ!$E$2:$E$2001="20 確認待ち")) | S35: =IFERROR(_xlfn.TEXTJOIN(CHAR(10),TRUE,IF((元データ!$AL$2:$AL$2001=1)*(元データ!$AN$2:$AN$2001=1)*(元データ!$AE$2:$AE$2001=$C$35)*(元データ!$AO$2:$AO$2001=1)*(元データ!$AM$2:$AM$2001>=8)*(元データ!$AM$2:$AM$2001<=14)*(元データ!$E$2:$E$2001="20 確認待ち"),元データ!$A$2:$A$2001&IF(元データ!$AP$2:$AP$2001<>"","（"&MID(元データ!$AP$2:$AP$2001,2,100)&")",""),"")),"") | T35: =SUMPRODUCT((元データ!$AL$2:$AL$2001=1)*(元データ!$AN$2:$AN$2001=1)*(元データ!$AE$2:$AE$2001=$C$35)*(元データ!$AO$2:$AO$2001=1)*(元データ!$AM$2:$AM$2001>=8)*(元データ!$AM$2:$AM$2001<=14)*(元データ!$E$2:$E$2001="30 申請受付")) | U35: =IFERROR(_xlfn.TEXTJOIN(CHAR(10),TRUE,IF((元データ!$AL$2:$AL$2001=1)*(元データ!$AN$2:$AN$2001=1)*(元データ!$AE$2:$AE$2001=$C$35)*(元データ!$AO$2:$AO$2001=1)*(元データ!$AM$2:$AM$2001>=8)*(元データ!$AM$2:$AM$2001<=14)*(元データ!$E$2:$E$2001="30 申請受付"),元データ!$A$2:$A$2001&IF(元データ!$AP$2:$AP$2001<>"","（"&MID(元データ!$AP$2:$AP$2001,2,100)&")",""),"")),"") | V35: =SUMPRODUCT((元データ!$AL$2:$AL$2001=1)*(元データ!$AN$2:$AN$2001=1)*(元データ!$AE$2:$AE$2001=$C$35)*(元データ!$AO$2:$AO$2001=1)*(元データ!$AM$2:$AM$2001>=8)*(元データ!$AM$2:$AM$2001<=14)*(元データ!$E$2:$E$2001="31 ＯＰ確認中")) | W35: =IFERROR(_xlfn.TEXTJOIN(CHAR(10),TRUE,IF((元データ!$AL$2:$AL$2001=1)*(元データ!$AN$2:$AN$2001=1)*(元データ!$AE$2:$AE$2001=$C$35)*(元データ!$AO$2:$AO$2001=1)*(元データ!$AM$2:$AM$2001>=8)*(元データ!$AM$2:$AM$2001<=14)*(元データ!$E$2:$E$2001="31 ＯＰ確認中"),元データ!$A$2:$A$2001&IF(元データ!$AP$2:$AP$2001<>"","（"&MID(元データ!$AP$2:$AP$2001,2,100)&")",""),"")),"") | X35: =SUMPRODUCT((元データ!$AL$2:$AL$2001=1)*(元データ!$AN$2:$AN$2001=1)*(元データ!$AE$2:$AE$2001=$C$35)*(元データ!$AO$2:$AO$2001=1)*(元データ!$AM$2:$AM$2001>=8)*(元データ!$AM$2:$AM$2001<=14)*(元データ!$E$2:$E$2001="32 ＳＶ確認中")) | Y35: =IFERROR(_xlfn.TEXTJOIN(CHAR(10),TRUE,IF((元データ!$AL$2:$AL$2001=1)*(元データ!$AN$2:$AN$2001=1)*(元データ!$AE$2:$AE$2001=$C$35)*(元データ!$AO$2:$AO$2001=1)*(元データ!$AM$2:$AM$2001>=8)*(元データ!$AM$2:$AM$2001<=14)*(元データ!$E$2:$E$2001="32 ＳＶ確認中"),元データ!$A$2:$A$2001&IF(元データ!$AP$2:$AP$2001<>"","（"&MID(元データ!$AP$2:$AP$2001,2,100)&")",""),"")),"") | Z35: =SUMPRODUCT((元データ!$AL$2:$AL$2001=1)*(元データ!$AN$2:$AN$2001=1)*(元データ!$AE$2:$AE$2001=$C$35)*(元データ!$AO$2:$AO$2001=1)*(元データ!$AM$2:$AM$2001>=8)*(元データ!$AM$2:$AM$2001<=14)*(元データ!$E$2:$E$2001="40 差戻し")) | AA35: =IFERROR(_xlfn.TEXTJOIN(CHAR(10),TRUE,IF((元データ!$AL$2:$AL$2001=1)*(元データ!$AN$2:$AN$2001=1)*(元データ!$AE$2:$AE$2001=$C$35)*(元データ!$AO$2:$AO$2001=1)*(元データ!$AM$2:$AM$2001>=8)*(元データ!$AM$2:$AM$2001<=14)*(元データ!$E$2:$E$2001="40 差戻し"),元データ!$A$2:$A$2001&IF(元データ!$AP$2:$AP$2001<>"","（"&MID(元データ!$AP$2:$AP$2001,2,100)&")",""),"")),"") | AB35: =SUMPRODUCT((元データ!$AL$2:$AL$2001=1)*(元データ!$AN$2:$AN$2001=1)*(元データ!$AE$2:$AE$2001=$C$35)*(元データ!$AO$2:$AO$2001=1)*(元データ!$AM$2:$AM$2001>=15)*(元データ!$AM$2:$AM$2001<=21)) | AC35: =SUMPRODUCT((元データ!$AL$2:$AL$2001=1)*(元データ!$AN$2:$AN$2001=1)*(元データ!$AE$2:$AE$2001=$C$35)*(元データ!$AO$2:$AO$2001=1)*(元データ!$AM$2:$AM$2001>=15)*(元データ!$AM$2:$AM$2001<=21)*(元データ!$E$2:$E$2001="20 確認待ち")) | AD35: =IFERROR(_xlfn.TEXTJOIN(CHAR(10),TRUE,IF((元データ!$AL$2:$AL$2001=1)*(元データ!$AN$2:$AN$2001=1)*(元データ!$AE$2:$AE$2001=$C$35)*(元データ!$AO$2:$AO$2001=1)*(元データ!$AM$2:$AM$2001>=15)*(元データ!$AM$2:$AM$2001<=21)*(元データ!$E$2:$E$2001="20 確認待ち"),元データ!$A$2:$A$2001&IF(元データ!$AP$2:$AP$2001<>"","（"&MID(元データ!$AP$2:$AP$2001,2,100)&")",""),"")),"") | AE35: =SUMPRODUCT((元データ!$AL$2:$AL$2001=1)*(元データ!$AN$2:$AN$2001=1)*(元データ!$AE$2:$AE$2001=$C$35)*(元データ!$AO$2:$AO$2001=1)*(元データ!$AM$2:$AM$2001>=15)*(元データ!$AM$2:$AM$2001<=21)*(元データ!$E$2:$E$2001="30 申請受付")) | AF35: =IFERROR(_xlfn.TEXTJOIN(CHAR(10),TRUE,IF((元データ!$AL$2:$AL$2001=1)*(元データ!$AN$2:$AN$2001=1)*(元データ!$AE$2:$AE$2001=$C$35)*(元データ!$AO$2:$AO$2001=1)*(元データ!$AM$2:$AM$2001>=15)*(元データ!$AM$2:$AM$2001<=21)*(元データ!$E$2:$E$2001="30 申請受付"),元データ!$A$2:$A$2001&IF(元データ!$AP$2:$AP$2001<>"","（"&MID(元データ!$AP$2:$AP$2001,2,100)&")",""),"")),"") | AG35: =SUMPRODUCT((元データ!$AL$2:$AL$2001=1)*(元データ!$AN$2:$AN$2001=1)*(元データ!$AE$2:$AE$2001=$C$35)*(元データ!$AO$2:$AO$2001=1)*(元データ!$AM$2:$AM$2001>=15)*(元データ!$AM$2:$AM$2001<=21)*(元データ!$E$2:$E$2001="31 ＯＰ確認中")) | AH35: =IFERROR(_xlfn.TEXTJOIN(CHAR(10),TRUE,IF((元データ!$AL$2:$AL$2001=1)*(元データ!$AN$2:$AN$2001=1)*(元データ!$AE$2:$AE$2001=$C$35)*(元データ!$AO$2:$AO$2001=1)*(元データ!$AM$2:$AM$2001>=15)*(元データ!$AM$2:$AM$2001<=21)*(元データ!$E$2:$E$2001="31 ＯＰ確認中"),元データ!$A$2:$A$2001&IF(元データ!$AP$2:$AP$2001<>"","（"&MID(元データ!$AP$2:$AP$2001,2,100)&")",""),"")),"") | AI35: =SUMPRODUCT((元データ!$AL$2:$AL$2001=1)*(元データ!$AN$2:$AN$2001=1)*(元データ!$AE$2:$AE$2001=$C$35)*(元データ!$AO$2:$AO$2001=1)*(元データ!$AM$2:$AM$2001>=15)*(元データ!$AM$2:$AM$2001<=21)*(元データ!$E$2:$E$2001="32 ＳＶ確認中")) | AJ35: =IFERROR(_xlfn.TEXTJOIN(CHAR(10),TRUE,IF((元データ!$AL$2:$AL$2001=1)*(元データ!$AN$2:$AN$2001=1)*(元データ!$AE$2:$AE$2001=$C$35)*(元データ!$AO$2:$AO$2001=1)*(元データ!$AM$2:$AM$2001>=15)*(元データ!$AM$2:$AM$2001<=21)*(元データ!$E$2:$E$2001="32 ＳＶ確認中"),元データ!$A$2:$A$2001&IF(元データ!$AP$2:$AP$2001<>"","（"&MID(元データ!$AP$2:$AP$2001,2,100)&")",""),"")),"") | AK35: =SUMPRODUCT((元データ!$AL$2:$AL$2001=1)*(元データ!$AN$2:$AN$2001=1)*(元データ!$AE$2:$AE$2001=$C$35)*(元データ!$AO$2:$AO$2001=1)*(元データ!$AM$2:$AM$2001>=15)*(元データ!$AM$2:$AM$2001<=21)*(元データ!$E$2:$E$2001="40 差戻し")) | AL35: =IFERROR(_xlfn.TEXTJOIN(CHAR(10),TRUE,IF((元データ!$AL$2:$AL$2001=1)*(元データ!$AN$2:$AN$2001=1)*(元データ!$AE$2:$AE$2001=$C$35)*(元データ!$AO$2:$AO$2001=1)*(元データ!$AM$2:$AM$2001>=15)*(元データ!$AM$2:$AM$2001<=21)*(元データ!$E$2:$E$2001="40 差戻し"),元データ!$A$2:$A$2001&IF(元データ!$AP$2:$AP$2001<>"","（"&MID(元データ!$AP$2:$AP$2001,2,100)&")",""),"")),"") | AM35: =SUMPRODUCT((元データ!$AL$2:$AL$2001=1)*(元データ!$AN$2:$AN$2001=1)*(元データ!$AE$2:$AE$2001=$C$35)*(元データ!$AO$2:$AO$2001=1)*(元データ!$AM$2:$AM$2001>=22)*(元データ!$AM$2:$AM$2001<=30)) | AN35: =SUMPRODUCT((元データ!$AL$2:$AL$2001=1)*(元データ!$AN$2:$AN$2001=1)*(元データ!$AE$2:$AE$2001=$C$35)*(元データ!$AO$2:$AO$2001=1)*(元データ!$AM$2:$AM$2001>=22)*(元データ!$AM$2:$AM$2001<=30)*(元データ!$E$2:$E$2001="20 確認待ち")) | AO35: =IFERROR(_xlfn.TEXTJOIN(CHAR(10),TRUE,IF((元データ!$AL$2:$AL$2001=1)*(元データ!$AN$2:$AN$2001=1)*(元データ!$AE$2:$AE$2001=$C$35)*(元データ!$AO$2:$AO$2001=1)*(元データ!$AM$2:$AM$2001>=22)*(元データ!$AM$2:$AM$2001<=30)*(元データ!$E$2:$E$2001="20 確認待ち"),元データ!$A$2:$A$2001&IF(元データ!$AP$2:$AP$2001<>"","（"&MID(元データ!$AP$2:$AP$2001,2,100)&")",""),"")),"") | AP35: =SUMPRODUCT((元データ!$AL$2:$AL$2001=1)*(元データ!$AN$2:$AN$2001=1)*(元データ!$AE$2:$AE$2001=$C$35)*(元データ!$AO$2:$AO$2001=1)*(元データ!$AM$2:$AM$2001>=22)*(元データ!$AM$2:$AM$2001<=30)*(元データ!$E$2:$E$2001="30 申請受付")) | AQ35: =IFERROR(_xlfn.TEXTJOIN(CHAR(10),TRUE,IF((元データ!$AL$2:$AL$2001=1)*(元データ!$AN$2:$AN$2001=1)*(元データ!$AE$2:$AE$2001=$C$35)*(元データ!$AO$2:$AO$2001=1)*(元データ!$AM$2:$AM$2001>=22)*(元データ!$AM$2:$AM$2001<=30)*(元データ!$E$2:$E$2001="30 申請受付"),元データ!$A$2:$A$2001&IF(元データ!$AP$2:$AP$2001<>"","（"&MID(元データ!$AP$2:$AP$2001,2,100)&")",""),"")),"") | AR35: =SUMPRODUCT((元データ!$AL$2:$AL$2001=1)*(元データ!$AN$2:$AN$2001=1)*(元データ!$AE$2:$AE$2001=$C$35)*(元データ!$AO$2:$AO$2001=1)*(元データ!$AM$2:$AM$2001>=22)*(元データ!$AM$2:$AM$2001<=30)*(元データ!$E$2:$E$2001="31 ＯＰ確認中")) | AS35: =IFERROR(_xlfn.TEXTJOIN(CHAR(10),TRUE,IF((元データ!$AL$2:$AL$2001=1)*(元データ!$AN$2:$AN$2001=1)*(元データ!$AE$2:$AE$2001=$C$35)*(元データ!$AO$2:$AO$2001=1)*(元データ!$AM$2:$AM$2001>=22)*(元データ!$AM$2:$AM$2001<=30)*(元データ!$E$2:$E$2001="31 ＯＰ確認中"),元データ!$A$2:$A$2001&IF(元データ!$AP$2:$AP$2001<>"","（"&MID(元データ!$AP$2:$AP$2001,2,100)&")",""),"")),"") | AT35: =SUMPRODUCT((元データ!$AL$2:$AL$2001=1)*(元データ!$AN$2:$AN$2001=1)*(元データ!$AE$2:$AE$2001=$C$35)*(元データ!$AO$2:$AO$2001=1)*(元データ!$AM$2:$AM$2001>=22)*(元データ!$AM$2:$AM$2001<=30)*(元データ!$E$2:$E$2001="32 ＳＶ確認中")) | AU35: =IFERROR(_xlfn.TEXTJOIN(CHAR(10),TRUE,IF((元データ!$AL$2:$AL$2001=1)*(元データ!$AN$2:$AN$2001=1)*(元データ!$AE$2:$AE$2001=$C$35)*(元データ!$AO$2:$AO$2001=1)*(元データ!$AM$2:$AM$2001>=22)*(元データ!$AM$2:$AM$2001<=30)*(元データ!$E$2:$E$2001="32 ＳＶ確認中"),元データ!$A$2:$A$2001&IF(元データ!$AP$2:$AP$2001<>"","（"&MID(元データ!$AP$2:$AP$2001,2,100)&")",""),"")),"") | AV35: =SUMPRODUCT((元データ!$AL$2:$AL$2001=1)*(元データ!$AN$2:$AN$2001=1)*(元データ!$AE$2:$AE$2001=$C$35)*(元データ!$AO$2:$AO$2001=1)*(元データ!$AM$2:$AM$2001>=22)*(元データ!$AM$2:$AM$2001<=30)*(元データ!$E$2:$E$2001="40 差戻し")) | AW35: =IFERROR(_xlfn.TEXTJOIN(CHAR(10),TRUE,IF((元データ!$AL$2:$AL$2001=1)*(元データ!$AN$2:$AN$2001=1)*(元データ!$AE$2:$AE$2001=$C$35)*(元データ!$AO$2:$AO$2001=1)*(元データ!$AM$2:$AM$2001>=22)*(元データ!$AM$2:$AM$2001<=30)*(元データ!$E$2:$E$2001="40 差戻し"),元データ!$A$2:$A$2001&IF(元データ!$AP$2:$AP$2001<>"","（"&MID(元データ!$AP$2:$AP$2001,2,100)&")",""),"")),"") | AX35: =SUMPRODUCT((元データ!$AL$2:$AL$2001=1)*(元データ!$AN$2:$AN$2001=1)*(元データ!$AE$2:$AE$2001=$C$35)*(元データ!$AO$2:$AO$2001=1)*(元データ!$AM$2:$AM$2001>=31)) | AY35: =SUMPRODUCT((元データ!$AL$2:$AL$2001=1)*(元データ!$AN$2:$AN$2001=1)*(元データ!$AE$2:$AE$2001=$C$35)*(元データ!$AO$2:$AO$2001=1)*(元データ!$AM$2:$AM$2001>=31)*(元データ!$E$2:$E$2001="20 確認待ち")) | AZ35: =IFERROR(_xlfn.TEXTJOIN(CHAR(10),TRUE,IF((元データ!$AL$2:$AL$2001=1)*(元データ!$AN$2:$AN$2001=1)*(元データ!$AE$2:$AE$2001=$C$35)*(元データ!$AO$2:$AO$2001=1)*(元データ!$AM$2:$AM$2001>=31)*(元データ!$E$2:$E$2001="20 確認待ち"),元データ!$A$2:$A$2001&IF(元データ!$AP$2:$AP$2001<>"","（"&MID(元データ!$AP$2:$AP$2001,2,100)&")",""),"")),"") | BA35: =SUMPRODUCT((元データ!$AL$2:$AL$2001=1)*(元データ!$AN$2:$AN$2001=1)*(元データ!$AE$2:$AE$2001=$C$35)*(元データ!$AO$2:$AO$2001=1)*(元データ!$AM$2:$AM$2001>=31)*(元データ!$E$2:$E$2001="30 申請受付")) | BB35: =IFERROR(_xlfn.TEXTJOIN(CHAR(10),TRUE,IF((元データ!$AL$2:$AL$2001=1)*(元データ!$AN$2:$AN$2001=1)*(元データ!$AE$2:$AE$2001=$C$35)*(元データ!$AO$2:$AO$2001=1)*(元データ!$AM$2:$AM$2001>=31)*(元データ!$E$2:$E$2001="30 申請受付"),元データ!$A$2:$A$2001&IF(元データ!$AP$2:$AP$2001<>"","（"&MID(元データ!$AP$2:$AP$2001,2,100)&")",""),"")),"") | BC35: =SUMPRODUCT((元データ!$AL$2:$AL$2001=1)*(元データ!$AN$2:$AN$2001=1)*(元データ!$AE$2:$AE$2001=$C$35)*(元データ!$AO$2:$AO$2001=1)*(元データ!$AM$2:$AM$2001>=31)*(元データ!$E$2:$E$2001="31 ＯＰ確認中")) | BD35: =IFERROR(_xlfn.TEXTJOIN(CHAR(10),TRUE,IF((元データ!$AL$2:$AL$2001=1)*(元データ!$AN$2:$AN$2001=1)*(元データ!$AE$2:$AE$2001=$C$35)*(元データ!$AO$2:$AO$2001=1)*(元データ!$AM$2:$AM$2001>=31)*(元データ!$E$2:$E$2001="31 ＯＰ確認中"),元データ!$A$2:$A$2001&IF(元データ!$AP$2:$AP$2001<>"","（"&MID(元データ!$AP$2:$AP$2001,2,100)&")",""),"")),"") | BE35: =SUMPRODUCT((元データ!$AL$2:$AL$2001=1)*(元データ!$AN$2:$AN$2001=1)*(元データ!$AE$2:$AE$2001=$C$35)*(元データ!$AO$2:$AO$2001=1)*(元データ!$AM$2:$AM$2001>=31)*(元データ!$E$2:$E$2001="32 ＳＶ確認中")) | BF35: =IFERROR(_xlfn.TEXTJOIN(CHAR(10),TRUE,IF((元データ!$AL$2:$AL$2001=1)*(元データ!$AN$2:$AN$2001=1)*(元データ!$AE$2:$AE$2001=$C$35)*(元データ!$AO$2:$AO$2001=1)*(元データ!$AM$2:$AM$2001>=31)*(元データ!$E$2:$E$2001="32 ＳＶ確認中"),元データ!$A$2:$A$2001&IF(元データ!$AP$2:$AP$2001<>"","（"&MID(元データ!$AP$2:$AP$2001,2,100)&")",""),"")),"") | BG35: =SUMPRODUCT((元データ!$AL$2:$AL$2001=1)*(元データ!$AN$2:$AN$2001=1)*(元データ!$AE$2:$AE$2001=$C$35)*(元データ!$AO$2:$AO$2001=1)*(元データ!$AM$2:$AM$2001>=31)*(元データ!$E$2:$E$2001="40 差戻し")) | BH35: =IFERROR(_xlfn.TEXTJOIN(CHAR(10),TRUE,IF((元データ!$AL$2:$AL$2001=1)*(元データ!$AN$2:$AN$2001=1)*(元データ!$AE$2:$AE$2001=$C$35)*(元データ!$AO$2:$AO$2001=1)*(元データ!$AM$2:$AM$2001>=31)*(元データ!$E$2:$E$2001="40 差戻し"),元データ!$A$2:$A$2001&IF(元データ!$AP$2:$AP$2001<>"","（"&MID(元データ!$AP$2:$AP$2001,2,100)&")",""),"")),"")
D36: なし | E36: =SUMPRODUCT((元データ!$AL$2:$AL$2001=1)*(元データ!$AN$2:$AN$2001=1)*(元データ!$AE$2:$AE$2001=$C$35)*(元データ!$AO$2:$AO$2001=0)) | F36: =SUMPRODUCT((元データ!$AL$2:$AL$2001=1)*(元データ!$AN$2:$AN$2001=1)*(元データ!$AE$2:$AE$2001=$C$35)*(元データ!$AO$2:$AO$2001=0)*(元データ!$AM$2:$AM$2001<=7)) | G36: =SUMPRODUCT((元データ!$AL$2:$AL$2001=1)*(元データ!$AN$2:$AN$2001=1)*(元データ!$AE$2:$AE$2001=$C$35)*(元データ!$AO$2:$AO$2001=0)*(元データ!$AM$2:$AM$2001<=7)*(元データ!$E$2:$E$2001="20 確認待ち")) | H36: =IFERROR(_xlfn.TEXTJOIN(CHAR(10),TRUE,IF((元データ!$AL$2:$AL$2001=1)*(元データ!$AN$2:$AN$2001=1)*(元データ!$AE$2:$AE$2001=$C$35)*(元データ!$AO$2:$AO$2001=0)*(元データ!$AM$2:$AM$2001<=7)*(元データ!$E$2:$E$2001="20 確認待ち"),元データ!$A$2:$A$2001&IF(元データ!$AP$2:$AP$2001<>"","（"&MID(元データ!$AP$2:$AP$2001,2,100)&")",""),"")),"") | I36: =SUMPRODUCT((元データ!$AL$2:$AL$2001=1)*(元データ!$AN$2:$AN$2001=1)*(元データ!$AE$2:$AE$2001=$C$35)*(元データ!$AO$2:$AO$2001=0)*(元データ!$AM$2:$AM$2001<=7)*(元データ!$E$2:$E$2001="30 申請受付")) | J36: =IFERROR(_xlfn.TEXTJOIN(CHAR(10),TRUE,IF((元データ!$AL$2:$AL$2001=1)*(元データ!$AN$2:$AN$2001=1)*(元データ!$AE$2:$AE$2001=$C$35)*(元データ!$AO$2:$AO$2001=0)*(元データ!$AM$2:$AM$2001<=7)*(元データ!$E$2:$E$2001="30 申請受付"),元データ!$A$2:$A$2001&IF(元データ!$AP$2:$AP$2001<>"","（"&MID(元データ!$AP$2:$AP$2001,2,100)&")",""),"")),"") | K36: =SUMPRODUCT((元データ!$AL$2:$AL$2001=1)*(元データ!$AN$2:$AN$2001=1)*(元データ!$AE$2:$AE$2001=$C$35)*(元データ!$AO$2:$AO$2001=0)*(元データ!$AM$2:$AM$2001<=7)*(元データ!$E$2:$E$2001="31 ＯＰ確認中")) | L36: =IFERROR(_xlfn.TEXTJOIN(CHAR(10),TRUE,IF((元データ!$AL$2:$AL$2001=1)*(元データ!$AN$2:$AN$2001=1)*(元データ!$AE$2:$AE$2001=$C$35)*(元データ!$AO$2:$AO$2001=0)*(元データ!$AM$2:$AM$2001<=7)*(元データ!$E$2:$E$2001="31 ＯＰ確認中"),元データ!$A$2:$A$2001&IF(元データ!$AP$2:$AP$2001<>"","（"&MID(元データ!$AP$2:$AP$2001,2,100)&")",""),"")),"") | M36: =SUMPRODUCT((元データ!$AL$2:$AL$2001=1)*(元データ!$AN$2:$AN$2001=1)*(元データ!$AE$2:$AE$2001=$C$35)*(元データ!$AO$2:$AO$2001=0)*(元データ!$AM$2:$AM$2001<=7)*(元データ!$E$2:$E$2001="32 ＳＶ確認中")) | N36: =IFERROR(_xlfn.TEXTJOIN(CHAR(10),TRUE,IF((元データ!$AL$2:$AL$2001=1)*(元データ!$AN$2:$AN$2001=1)*(元データ!$AE$2:$AE$2001=$C$35)*(元データ!$AO$2:$AO$2001=0)*(元データ!$AM$2:$AM$2001<=7)*(元データ!$E$2:$E$2001="32 ＳＶ確認中"),元データ!$A$2:$A$2001&IF(元データ!$AP$2:$AP$2001<>"","（"&MID(元データ!$AP$2:$AP$2001,2,100)&")",""),"")),"") | O36: =SUMPRODUCT((元データ!$AL$2:$AL$2001=1)*(元データ!$AN$2:$AN$2001=1)*(元データ!$AE$2:$AE$2001=$C$35)*(元データ!$AO$2:$AO$2001=0)*(元データ!$AM$2:$AM$2001<=7)*(元データ!$E$2:$E$2001="40 差戻し")) | P36: =IFERROR(_xlfn.TEXTJOIN(CHAR(10),TRUE,IF((元データ!$AL$2:$AL$2001=1)*(元データ!$AN$2:$AN$2001=1)*(元データ!$AE$2:$AE$2001=$C$35)*(元データ!$AO$2:$AO$2001=0)*(元データ!$AM$2:$AM$2001<=7)*(元データ!$E$2:$E$2001="40 差戻し"),元データ!$A$2:$A$2001&IF(元データ!$AP$2:$AP$2001<>"","（"&MID(元データ!$AP$2:$AP$2001,2,100)&")",""),"")),"") | Q36: =SUMPRODUCT((元データ!$AL$2:$AL$2001=1)*(元データ!$AN$2:$AN$2001=1)*(元データ!$AE$2:$AE$2001=$C$35)*(元データ!$AO$2:$AO$2001=0)*(元データ!$AM$2:$AM$2001>=8)*(元データ!$AM$2:$AM$2001<=14)) | R36: =SUMPRODUCT((元データ!$AL$2:$AL$2001=1)*(元データ!$AN$2:$AN$2001=1)*(元データ!$AE$2:$AE$2001=$C$35)*(元データ!$AO$2:$AO$2001=0)*(元データ!$AM$2:$AM$2001>=8)*(元データ!$AM$2:$AM$2001<=14)*(元データ!$E$2:$E$2001="20 確認待ち")) | S36: =IFERROR(_xlfn.TEXTJOIN(CHAR(10),TRUE,IF((元データ!$AL$2:$AL$2001=1)*(元データ!$AN$2:$AN$2001=1)*(元データ!$AE$2:$AE$2001=$C$35)*(元データ!$AO$2:$AO$2001=0)*(元データ!$AM$2:$AM$2001>=8)*(元データ!$AM$2:$AM$2001<=14)*(元データ!$E$2:$E$2001="20 確認待ち"),元データ!$A$2:$A$2001&IF(元データ!$AP$2:$AP$2001<>"","（"&MID(元データ!$AP$2:$AP$2001,2,100)&")",""),"")),"") | T36: =SUMPRODUCT((元データ!$AL$2:$AL$2001=1)*(元データ!$AN$2:$AN$2001=1)*(元データ!$AE$2:$AE$2001=$C$35)*(元データ!$AO$2:$AO$2001=0)*(元データ!$AM$2:$AM$2001>=8)*(元データ!$AM$2:$AM$2001<=14)*(元データ!$E$2:$E$2001="30 申請受付")) | U36: =IFERROR(_xlfn.TEXTJOIN(CHAR(10),TRUE,IF((元データ!$AL$2:$AL$2001=1)*(元データ!$AN$2:$AN$2001=1)*(元データ!$AE$2:$AE$2001=$C$35)*(元データ!$AO$2:$AO$2001=0)*(元データ!$AM$2:$AM$2001>=8)*(元データ!$AM$2:$AM$2001<=14)*(元データ!$E$2:$E$2001="30 申請受付"),元データ!$A$2:$A$2001&IF(元データ!$AP$2:$AP$2001<>"","（"&MID(元データ!$AP$2:$AP$2001,2,100)&")",""),"")),"") | V36: =SUMPRODUCT((元データ!$AL$2:$AL$2001=1)*(元データ!$AN$2:$AN$2001=1)*(元データ!$AE$2:$AE$2001=$C$35)*(元データ!$AO$2:$AO$2001=0)*(元データ!$AM$2:$AM$2001>=8)*(元データ!$AM$2:$AM$2001<=14)*(元データ!$E$2:$E$2001="31 ＯＰ確認中")) | W36: =IFERROR(_xlfn.TEXTJOIN(CHAR(10),TRUE,IF((元データ!$AL$2:$AL$2001=1)*(元データ!$AN$2:$AN$2001=1)*(元データ!$AE$2:$AE$2001=$C$35)*(元データ!$AO$2:$AO$2001=0)*(元データ!$AM$2:$AM$2001>=8)*(元データ!$AM$2:$AM$2001<=14)*(元データ!$E$2:$E$2001="31 ＯＰ確認中"),元データ!$A$2:$A$2001&IF(元データ!$AP$2:$AP$2001<>"","（"&MID(元データ!$AP$2:$AP$2001,2,100)&")",""),"")),"") | X36: =SUMPRODUCT((元データ!$AL$2:$AL$2001=1)*(元データ!$AN$2:$AN$2001=1)*(元データ!$AE$2:$AE$2001=$C$35)*(元データ!$AO$2:$AO$2001=0)*(元データ!$AM$2:$AM$2001>=8)*(元データ!$AM$2:$AM$2001<=14)*(元データ!$E$2:$E$2001="32 ＳＶ確認中")) | Y36: =IFERROR(_xlfn.TEXTJOIN(CHAR(10),TRUE,IF((元データ!$AL$2:$AL$2001=1)*(元データ!$AN$2:$AN$2001=1)*(元データ!$AE$2:$AE$2001=$C$35)*(元データ!$AO$2:$AO$2001=0)*(元データ!$AM$2:$AM$2001>=8)*(元データ!$AM$2:$AM$2001<=14)*(元データ!$E$2:$E$2001="32 ＳＶ確認中"),元データ!$A$2:$A$2001&IF(元データ!$AP$2:$AP$2001<>"","（"&MID(元データ!$AP$2:$AP$2001,2,100)&")",""),"")),"") | Z36: =SUMPRODUCT((元データ!$AL$2:$AL$2001=1)*(元データ!$AN$2:$AN$2001=1)*(元データ!$AE$2:$AE$2001=$C$35)*(元データ!$AO$2:$AO$2001=0)*(元データ!$AM$2:$AM$2001>=8)*(元データ!$AM$2:$AM$2001<=14)*(元データ!$E$2:$E$2001="40 差戻し")) | AA36: =IFERROR(_xlfn.TEXTJOIN(CHAR(10),TRUE,IF((元データ!$AL$2:$AL$2001=1)*(元データ!$AN$2:$AN$2001=1)*(元データ!$AE$2:$AE$2001=$C$35)*(元データ!$AO$2:$AO$2001=0)*(元データ!$AM$2:$AM$2001>=8)*(元データ!$AM$2:$AM$2001<=14)*(元データ!$E$2:$E$2001="40 差戻し"),元データ!$A$2:$A$2001&IF(元データ!$AP$2:$AP$2001<>"","（"&MID(元データ!$AP$2:$AP$2001,2,100)&")",""),"")),"") | AB36: =SUMPRODUCT((元データ!$AL$2:$AL$2001=1)*(元データ!$AN$2:$AN$2001=1)*(元データ!$AE$2:$AE$2001=$C$35)*(元データ!$AO$2:$AO$2001=0)*(元データ!$AM$2:$AM$2001>=15)*(元データ!$AM$2:$AM$2001<=21)) | AC36: =SUMPRODUCT((元データ!$AL$2:$AL$2001=1)*(元データ!$AN$2:$AN$2001=1)*(元データ!$AE$2:$AE$2001=$C$35)*(元データ!$AO$2:$AO$2001=0)*(元データ!$AM$2:$AM$2001>=15)*(元データ!$AM$2:$AM$2001<=21)*(元データ!$E$2:$E$2001="20 確認待ち")) | AD36: =IFERROR(_xlfn.TEXTJOIN(CHAR(10),TRUE,IF((元データ!$AL$2:$AL$2001=1)*(元データ!$AN$2:$AN$2001=1)*(元データ!$AE$2:$AE$2001=$C$35)*(元データ!$AO$2:$AO$2001=0)*(元データ!$AM$2:$AM$2001>=15)*(元データ!$AM$2:$AM$2001<=21)*(元データ!$E$2:$E$2001="20 確認待ち"),元データ!$A$2:$A$2001&IF(元データ!$AP$2:$AP$2001<>"","（"&MID(元データ!$AP$2:$AP$2001,2,100)&")",""),"")),"") | AE36: =SUMPRODUCT((元データ!$AL$2:$AL$2001=1)*(元データ!$AN$2:$AN$2001=1)*(元データ!$AE$2:$AE$2001=$C$35)*(元データ!$AO$2:$AO$2001=0)*(元データ!$AM$2:$AM$2001>=15)*(元データ!$AM$2:$AM$2001<=21)*(元データ!$E$2:$E$2001="30 申請受付")) | AF36: =IFERROR(_xlfn.TEXTJOIN(CHAR(10),TRUE,IF((元データ!$AL$2:$AL$2001=1)*(元データ!$AN$2:$AN$2001=1)*(元データ!$AE$2:$AE$2001=$C$35)*(元データ!$AO$2:$AO$2001=0)*(元データ!$AM$2:$AM$2001>=15)*(元データ!$AM$2:$AM$2001<=21)*(元データ!$E$2:$E$2001="30 申請受付"),元データ!$A$2:$A$2001&IF(元データ!$AP$2:$AP$2001<>"","（"&MID(元データ!$AP$2:$AP$2001,2,100)&")",""),"")),"") | AG36: =SUMPRODUCT((元データ!$AL$2:$AL$2001=1)*(元データ!$AN$2:$AN$2001=1)*(元データ!$AE$2:$AE$2001=$C$35)*(元データ!$AO$2:$AO$2001=0)*(元データ!$AM$2:$AM$2001>=15)*(元データ!$AM$2:$AM$2001<=21)*(元データ!$E$2:$E$2001="31 ＯＰ確認中")) | AH36: =IFERROR(_xlfn.TEXTJOIN(CHAR(10),TRUE,IF((元データ!$AL$2:$AL$2001=1)*(元データ!$AN$2:$AN$2001=1)*(元データ!$AE$2:$AE$2001=$C$35)*(元データ!$AO$2:$AO$2001=0)*(元データ!$AM$2:$AM$2001>=15)*(元データ!$AM$2:$AM$2001<=21)*(元データ!$E$2:$E$2001="31 ＯＰ確認中"),元データ!$A$2:$A$2001&IF(元データ!$AP$2:$AP$2001<>"","（"&MID(元データ!$AP$2:$AP$2001,2,100)&")",""),"")),"") | AI36: =SUMPRODUCT((元データ!$AL$2:$AL$2001=1)*(元データ!$AN$2:$AN$2001=1)*(元データ!$AE$2:$AE$2001=$C$35)*(元データ!$AO$2:$AO$2001=0)*(元データ!$AM$2:$AM$2001>=15)*(元データ!$AM$2:$AM$2001<=21)*(元データ!$E$2:$E$2001="32 ＳＶ確認中")) | AJ36: =IFERROR(_xlfn.TEXTJOIN(CHAR(10),TRUE,IF((元データ!$AL$2:$AL$2001=1)*(元データ!$AN$2:$AN$2001=1)*(元データ!$AE$2:$AE$2001=$C$35)*(元データ!$AO$2:$AO$2001=0)*(元データ!$AM$2:$AM$2001>=15)*(元データ!$AM$2:$AM$2001<=21)*(元データ!$E$2:$E$2001="32 ＳＶ確認中"),元データ!$A$2:$A$2001&IF(元データ!$AP$2:$AP$2001<>"","（"&MID(元データ!$AP$2:$AP$2001,2,100)&")",""),"")),"") | AK36: =SUMPRODUCT((元データ!$AL$2:$AL$2001=1)*(元データ!$AN$2:$AN$2001=1)*(元データ!$AE$2:$AE$2001=$C$35)*(元データ!$AO$2:$AO$2001=0)*(元データ!$AM$2:$AM$2001>=15)*(元データ!$AM$2:$AM$2001<=21)*(元データ!$E$2:$E$2001="40 差戻し")) | AL36: =IFERROR(_xlfn.TEXTJOIN(CHAR(10),TRUE,IF((元データ!$AL$2:$AL$2001=1)*(元データ!$AN$2:$AN$2001=1)*(元データ!$AE$2:$AE$2001=$C$35)*(元データ!$AO$2:$AO$2001=0)*(元データ!$AM$2:$AM$2001>=15)*(元データ!$AM$2:$AM$2001<=21)*(元データ!$E$2:$E$2001="40 差戻し"),元データ!$A$2:$A$2001&IF(元データ!$AP$2:$AP$2001<>"","（"&MID(元データ!$AP$2:$AP$2001,2,100)&")",""),"")),"") | AM36: =SUMPRODUCT((元データ!$AL$2:$AL$2001=1)*(元データ!$AN$2:$AN$2001=1)*(元データ!$AE$2:$AE$2001=$C$35)*(元データ!$AO$2:$AO$2001=0)*(元データ!$AM$2:$AM$2001>=22)*(元データ!$AM$2:$AM$2001<=30)) | AN36: =SUMPRODUCT((元データ!$AL$2:$AL$2001=1)*(元データ!$AN$2:$AN$2001=1)*(元データ!$AE$2:$AE$2001=$C$35)*(元データ!$AO$2:$AO$2001=0)*(元データ!$AM$2:$AM$2001>=22)*(元データ!$AM$2:$AM$2001<=30)*(元データ!$E$2:$E$2001="20 確認待ち")) | AO36: =IFERROR(_xlfn.TEXTJOIN(CHAR(10),TRUE,IF((元データ!$AL$2:$AL$2001=1)*(元データ!$AN$2:$AN$2001=1)*(元データ!$AE$2:$AE$2001=$C$35)*(元データ!$AO$2:$AO$2001=0)*(元データ!$AM$2:$AM$2001>=22)*(元データ!$AM$2:$AM$2001<=30)*(元データ!$E$2:$E$2001="20 確認待ち"),元データ!$A$2:$A$2001&IF(元データ!$AP$2:$AP$2001<>"","（"&MID(元データ!$AP$2:$AP$2001,2,100)&")",""),"")),"") | AP36: =SUMPRODUCT((元データ!$AL$2:$AL$2001=1)*(元データ!$AN$2:$AN$2001=1)*(元データ!$AE$2:$AE$2001=$C$35)*(元データ!$AO$2:$AO$2001=0)*(元データ!$AM$2:$AM$2001>=22)*(元データ!$AM$2:$AM$2001<=30)*(元データ!$E$2:$E$2001="30 申請受付")) | AQ36: =IFERROR(_xlfn.TEXTJOIN(CHAR(10),TRUE,IF((元データ!$AL$2:$AL$2001=1)*(元データ!$AN$2:$AN$2001=1)*(元データ!$AE$2:$AE$2001=$C$35)*(元データ!$AO$2:$AO$2001=0)*(元データ!$AM$2:$AM$2001>=22)*(元データ!$AM$2:$AM$2001<=30)*(元データ!$E$2:$E$2001="30 申請受付"),元データ!$A$2:$A$2001&IF(元データ!$AP$2:$AP$2001<>"","（"&MID(元データ!$AP$2:$AP$2001,2,100)&")",""),"")),"") | AR36: =SUMPRODUCT((元データ!$AL$2:$AL$2001=1)*(元データ!$AN$2:$AN$2001=1)*(元データ!$AE$2:$AE$2001=$C$35)*(元データ!$AO$2:$AO$2001=0)*(元データ!$AM$2:$AM$2001>=22)*(元データ!$AM$2:$AM$2001<=30)*(元データ!$E$2:$E$2001="31 ＯＰ確認中")) | AS36: =IFERROR(_xlfn.TEXTJOIN(CHAR(10),TRUE,IF((元データ!$AL$2:$AL$2001=1)*(元データ!$AN$2:$AN$2001=1)*(元データ!$AE$2:$AE$2001=$C$35)*(元データ!$AO$2:$AO$2001=0)*(元データ!$AM$2:$AM$2001>=22)*(元データ!$AM$2:$AM$2001<=30)*(元データ!$E$2:$E$2001="31 ＯＰ確認中"),元データ!$A$2:$A$2001&IF(元データ!$AP$2:$AP$2001<>"","（"&MID(元データ!$AP$2:$AP$2001,2,100)&")",""),"")),"") | AT36: =SUMPRODUCT((元データ!$AL$2:$AL$2001=1)*(元データ!$AN$2:$AN$2001=1)*(元データ!$AE$2:$AE$2001=$C$35)*(元データ!$AO$2:$AO$2001=0)*(元データ!$AM$2:$AM$2001>=22)*(元データ!$AM$2:$AM$2001<=30)*(元データ!$E$2:$E$2001="32 ＳＶ確認中")) | AU36: =IFERROR(_xlfn.TEXTJOIN(CHAR(10),TRUE,IF((元データ!$AL$2:$AL$2001=1)*(元データ!$AN$2:$AN$2001=1)*(元データ!$AE$2:$AE$2001=$C$35)*(元データ!$AO$2:$AO$2001=0)*(元データ!$AM$2:$AM$2001>=22)*(元データ!$AM$2:$AM$2001<=30)*(元データ!$E$2:$E$2001="32 ＳＶ確認中"),元データ!$A$2:$A$2001&IF(元データ!$AP$2:$AP$2001<>"","（"&MID(元データ!$AP$2:$AP$2001,2,100)&")",""),"")),"") | AV36: =SUMPRODUCT((元データ!$AL$2:$AL$2001=1)*(元データ!$AN$2:$AN$2001=1)*(元データ!$AE$2:$AE$2001=$C$35)*(元データ!$AO$2:$AO$2001=0)*(元データ!$AM$2:$AM$2001>=22)*(元データ!$AM$2:$AM$2001<=30)*(元データ!$E$2:$E$2001="40 差戻し")) | AW36: =IFERROR(_xlfn.TEXTJOIN(CHAR(10),TRUE,IF((元データ!$AL$2:$AL$2001=1)*(元データ!$AN$2:$AN$2001=1)*(元データ!$AE$2:$AE$2001=$C$35)*(元データ!$AO$2:$AO$2001=0)*(元データ!$AM$2:$AM$2001>=22)*(元データ!$AM$2:$AM$2001<=30)*(元データ!$E$2:$E$2001="40 差戻し"),元データ!$A$2:$A$2001&IF(元データ!$AP$2:$AP$2001<>"","（"&MID(元データ!$AP$2:$AP$2001,2,100)&")",""),"")),"") | AX36: =SUMPRODUCT((元データ!$AL$2:$AL$2001=1)*(元データ!$AN$2:$AN$2001=1)*(元データ!$AE$2:$AE$2001=$C$35)*(元データ!$AO$2:$AO$2001=0)*(元データ!$AM$2:$AM$2001>=31)) | AY36: =SUMPRODUCT((元データ!$AL$2:$AL$2001=1)*(元データ!$AN$2:$AN$2001=1)*(元データ!$AE$2:$AE$2001=$C$35)*(元データ!$AO$2:$AO$2001=0)*(元データ!$AM$2:$AM$2001>=31)*(元データ!$E$2:$E$2001="20 確認待ち")) | AZ36: =IFERROR(_xlfn.TEXTJOIN(CHAR(10),TRUE,IF((元データ!$AL$2:$AL$2001=1)*(元データ!$AN$2:$AN$2001=1)*(元データ!$AE$2:$AE$2001=$C$35)*(元データ!$AO$2:$AO$2001=0)*(元データ!$AM$2:$AM$2001>=31)*(元データ!$E$2:$E$2001="20 確認待ち"),元データ!$A$2:$A$2001&IF(元データ!$AP$2:$AP$2001<>"","（"&MID(元データ!$AP$2:$AP$2001,2,100)&")",""),"")),"") | BA36: =SUMPRODUCT((元データ!$AL$2:$AL$2001=1)*(元データ!$AN$2:$AN$2001=1)*(元データ!$AE$2:$AE$2001=$C$35)*(元データ!$AO$2:$AO$2001=0)*(元データ!$AM$2:$AM$2001>=31)*(元データ!$E$2:$E$2001="30 申請受付")) | BB36: =IFERROR(_xlfn.TEXTJOIN(CHAR(10),TRUE,IF((元データ!$AL$2:$AL$2001=1)*(元データ!$AN$2:$AN$2001=1)*(元データ!$AE$2:$AE$2001=$C$35)*(元データ!$AO$2:$AO$2001=0)*(元データ!$AM$2:$AM$2001>=31)*(元データ!$E$2:$E$2001="30 申請受付"),元データ!$A$2:$A$2001&IF(元データ!$AP$2:$AP$2001<>"","（"&MID(元データ!$AP$2:$AP$2001,2,100)&")",""),"")),"") | BC36: =SUMPRODUCT((元データ!$AL$2:$AL$2001=1)*(元データ!$AN$2:$AN$2001=1)*(元データ!$AE$2:$AE$2001=$C$35)*(元データ!$AO$2:$AO$2001=0)*(元データ!$AM$2:$AM$2001>=31)*(元データ!$E$2:$E$2001="31 ＯＰ確認中")) | BD36: =IFERROR(_xlfn.TEXTJOIN(CHAR(10),TRUE,IF((元データ!$AL$2:$AL$2001=1)*(元データ!$AN$2:$AN$2001=1)*(元データ!$AE$2:$AE$2001=$C$35)*(元データ!$AO$2:$AO$2001=0)*(元データ!$AM$2:$AM$2001>=31)*(元データ!$E$2:$E$2001="31 ＯＰ確認中"),元データ!$A$2:$A$2001&IF(元データ!$AP$2:$AP$2001<>"","（"&MID(元データ!$AP$2:$AP$2001,2,100)&")",""),"")),"") | BE36: =SUMPRODUCT((元データ!$AL$2:$AL$2001=1)*(元データ!$AN$2:$AN$2001=1)*(元データ!$AE$2:$AE$2001=$C$35)*(元データ!$AO$2:$AO$2001=0)*(元データ!$AM$2:$AM$2001>=31)*(元データ!$E$2:$E$2001="32 ＳＶ確認中")) | BF36: =IFERROR(_xlfn.TEXTJOIN(CHAR(10),TRUE,IF((元データ!$AL$2:$AL$2001=1)*(元データ!$AN$2:$AN$2001=1)*(元データ!$AE$2:$AE$2001=$C$35)*(元データ!$AO$2:$AO$2001=0)*(元データ!$AM$2:$AM$2001>=31)*(元データ!$E$2:$E$2001="32 ＳＶ確認中"),元データ!$A$2:$A$2001&IF(元データ!$AP$2:$AP$2001<>"","（"&MID(元データ!$AP$2:$AP$2001,2,100)&")",""),"")),"") | BG36: =SUMPRODUCT((元データ!$AL$2:$AL$2001=1)*(元データ!$AN$2:$AN$2001=1)*(元データ!$AE$2:$AE$2001=$C$35)*(元データ!$AO$2:$AO$2001=0)*(元データ!$AM$2:$AM$2001>=31)*(元データ!$E$2:$E$2001="40 差戻し")) | BH36: =IFERROR(_xlfn.TEXTJOIN(CHAR(10),TRUE,IF((元データ!$AL$2:$AL$2001=1)*(元データ!$AN$2:$AN$2001=1)*(元データ!$AE$2:$AE$2001=$C$35)*(元データ!$AO$2:$AO$2001=0)*(元データ!$AM$2:$AM$2001>=31)*(元データ!$E$2:$E$2001="40 差戻し"),元データ!$A$2:$A$2001&IF(元データ!$AP$2:$AP$2001<>"","（"&MID(元データ!$AP$2:$AP$2001,2,100)&")",""),"")),"")
C37: 23 結婚 | D37: あり | E37: =SUMPRODUCT((元データ!$AL$2:$AL$2001=1)*(元データ!$AN$2:$AN$2001=1)*(元データ!$AE$2:$AE$2001=$C$37)*(元データ!$AO$2:$AO$2001=1)) | F37: =SUMPRODUCT((元データ!$AL$2:$AL$2001=1)*(元データ!$AN$2:$AN$2001=1)*(元データ!$AE$2:$AE$2001=$C$37)*(元データ!$AO$2:$AO$2001=1)*(元データ!$AM$2:$AM$2001<=7)) | G37: =SUMPRODUCT((元データ!$AL$2:$AL$2001=1)*(元データ!$AN$2:$AN$2001=1)*(元データ!$AE$2:$AE$2001=$C$37)*(元データ!$AO$2:$AO$2001=1)*(元データ!$AM$2:$AM$2001<=7)*(元データ!$E$2:$E$2001="20 確認待ち")) | H37: =IFERROR(_xlfn.TEXTJOIN(CHAR(10),TRUE,IF((元データ!$AL$2:$AL$2001=1)*(元データ!$AN$2:$AN$2001=1)*(元データ!$AE$2:$AE$2001=$C$37)*(元データ!$AO$2:$AO$2001=1)*(元データ!$AM$2:$AM$2001<=7)*(元データ!$E$2:$E$2001="20 確認待ち"),元データ!$A$2:$A$2001&IF(元データ!$AP$2:$AP$2001<>"","（"&MID(元データ!$AP$2:$AP$2001,2,100)&")",""),"")),"") | I37: =SUMPRODUCT((元データ!$AL$2:$AL$2001=1)*(元データ!$AN$2:$AN$2001=1)*(元データ!$AE$2:$AE$2001=$C$37)*(元データ!$AO$2:$AO$2001=1)*(元データ!$AM$2:$AM$2001<=7)*(元データ!$E$2:$E$2001="30 申請受付")) | J37: =IFERROR(_xlfn.TEXTJOIN(CHAR(10),TRUE,IF((元データ!$AL$2:$AL$2001=1)*(元データ!$AN$2:$AN$2001=1)*(元データ!$AE$2:$AE$2001=$C$37)*(元データ!$AO$2:$AO$2001=1)*(元データ!$AM$2:$AM$2001<=7)*(元データ!$E$2:$E$2001="30 申請受付"),元データ!$A$2:$A$2001&IF(元データ!$AP$2:$AP$2001<>"","（"&MID(元データ!$AP$2:$AP$2001,2,100)&")",""),"")),"") | K37: =SUMPRODUCT((元データ!$AL$2:$AL$2001=1)*(元データ!$AN$2:$AN$2001=1)*(元データ!$AE$2:$AE$2001=$C$37)*(元データ!$AO$2:$AO$2001=1)*(元データ!$AM$2:$AM$2001<=7)*(元データ!$E$2:$E$2001="31 ＯＰ確認中")) | L37: =IFERROR(_xlfn.TEXTJOIN(CHAR(10),TRUE,IF((元データ!$AL$2:$AL$2001=1)*(元データ!$AN$2:$AN$2001=1)*(元データ!$AE$2:$AE$2001=$C$37)*(元データ!$AO$2:$AO$2001=1)*(元データ!$AM$2:$AM$2001<=7)*(元データ!$E$2:$E$2001="31 ＯＰ確認中"),元データ!$A$2:$A$2001&IF(元データ!$AP$2:$AP$2001<>"","（"&MID(元データ!$AP$2:$AP$2001,2,100)&")",""),"")),"") | M37: =SUMPRODUCT((元データ!$AL$2:$AL$2001=1)*(元データ!$AN$2:$AN$2001=1)*(元データ!$AE$2:$AE$2001=$C$37)*(元データ!$AO$2:$AO$2001=1)*(元データ!$AM$2:$AM$2001<=7)*(元データ!$E$2:$E$2001="32 ＳＶ確認中")) | N37: =IFERROR(_xlfn.TEXTJOIN(CHAR(10),TRUE,IF((元データ!$AL$2:$AL$2001=1)*(元データ!$AN$2:$AN$2001=1)*(元データ!$AE$2:$AE$2001=$C$37)*(元データ!$AO$2:$AO$2001=1)*(元データ!$AM$2:$AM$2001<=7)*(元データ!$E$2:$E$2001="32 ＳＶ確認中"),元データ!$A$2:$A$2001&IF(元データ!$AP$2:$AP$2001<>"","（"&MID(元データ!$AP$2:$AP$2001,2,100)&")",""),"")),"") | O37: =SUMPRODUCT((元データ!$AL$2:$AL$2001=1)*(元データ!$AN$2:$AN$2001=1)*(元データ!$AE$2:$AE$2001=$C$37)*(元データ!$AO$2:$AO$2001=1)*(元データ!$AM$2:$AM$2001<=7)*(元データ!$E$2:$E$2001="40 差戻し")) | P37: =IFERROR(_xlfn.TEXTJOIN(CHAR(10),TRUE,IF((元データ!$AL$2:$AL$2001=1)*(元データ!$AN$2:$AN$2001=1)*(元データ!$AE$2:$AE$2001=$C$37)*(元データ!$AO$2:$AO$2001=1)*(元データ!$AM$2:$AM$2001<=7)*(元データ!$E$2:$E$2001="40 差戻し"),元データ!$A$2:$A$2001&IF(元データ!$AP$2:$AP$2001<>"","（"&MID(元データ!$AP$2:$AP$2001,2,100)&")",""),"")),"") | Q37: =SUMPRODUCT((元データ!$AL$2:$AL$2001=1)*(元データ!$AN$2:$AN$2001=1)*(元データ!$AE$2:$AE$2001=$C$37)*(元データ!$AO$2:$AO$2001=1)*(元データ!$AM$2:$AM$2001>=8)*(元データ!$AM$2:$AM$2001<=14)) | R37: =SUMPRODUCT((元データ!$AL$2:$AL$2001=1)*(元データ!$AN$2:$AN$2001=1)*(元データ!$AE$2:$AE$2001=$C$37)*(元データ!$AO$2:$AO$2001=1)*(元データ!$AM$2:$AM$2001>=8)*(元データ!$AM$2:$AM$2001<=14)*(元データ!$E$2:$E$2001="20 確認待ち")) | S37: =IFERROR(_xlfn.TEXTJOIN(CHAR(10),TRUE,IF((元データ!$AL$2:$AL$2001=1)*(元データ!$AN$2:$AN$2001=1)*(元データ!$AE$2:$AE$2001=$C$37)*(元データ!$AO$2:$AO$2001=1)*(元データ!$AM$2:$AM$2001>=8)*(元データ!$AM$2:$AM$2001<=14)*(元データ!$E$2:$E$2001="20 確認待ち"),元データ!$A$2:$A$2001&IF(元データ!$AP$2:$AP$2001<>"","（"&MID(元データ!$AP$2:$AP$2001,2,100)&")",""),"")),"") | T37: =SUMPRODUCT((元データ!$AL$2:$AL$2001=1)*(元データ!$AN$2:$AN$2001=1)*(元データ!$AE$2:$AE$2001=$C$37)*(元データ!$AO$2:$AO$2001=1)*(元データ!$AM$2:$AM$2001>=8)*(元データ!$AM$2:$AM$2001<=14)*(元データ!$E$2:$E$2001="30 申請受付")) | U37: =IFERROR(_xlfn.TEXTJOIN(CHAR(10),TRUE,IF((元データ!$AL$2:$AL$2001=1)*(元データ!$AN$2:$AN$2001=1)*(元データ!$AE$2:$AE$2001=$C$37)*(元データ!$AO$2:$AO$2001=1)*(元データ!$AM$2:$AM$2001>=8)*(元データ!$AM$2:$AM$2001<=14)*(元データ!$E$2:$E$2001="30 申請受付"),元データ!$A$2:$A$2001&IF(元データ!$AP$2:$AP$2001<>"","（"&MID(元データ!$AP$2:$AP$2001,2,100)&")",""),"")),"") | V37: =SUMPRODUCT((元データ!$AL$2:$AL$2001=1)*(元データ!$AN$2:$AN$2001=1)*(元データ!$AE$2:$AE$2001=$C$37)*(元データ!$AO$2:$AO$2001=1)*(元データ!$AM$2:$AM$2001>=8)*(元データ!$AM$2:$AM$2001<=14)*(元データ!$E$2:$E$2001="31 ＯＰ確認中")) | W37: =IFERROR(_xlfn.TEXTJOIN(CHAR(10),TRUE,IF((元データ!$AL$2:$AL$2001=1)*(元データ!$AN$2:$AN$2001=1)*(元データ!$AE$2:$AE$2001=$C$37)*(元データ!$AO$2:$AO$2001=1)*(元データ!$AM$2:$AM$2001>=8)*(元データ!$AM$2:$AM$2001<=14)*(元データ!$E$2:$E$2001="31 ＯＰ確認中"),元データ!$A$2:$A$2001&IF(元データ!$AP$2:$AP$2001<>"","（"&MID(元データ!$AP$2:$AP$2001,2,100)&")",""),"")),"") | X37: =SUMPRODUCT((元データ!$AL$2:$AL$2001=1)*(元データ!$AN$2:$AN$2001=1)*(元データ!$AE$2:$AE$2001=$C$37)*(元データ!$AO$2:$AO$2001=1)*(元データ!$AM$2:$AM$2001>=8)*(元データ!$AM$2:$AM$2001<=14)*(元データ!$E$2:$E$2001="32 ＳＶ確認中")) | Y37: =IFERROR(_xlfn.TEXTJOIN(CHAR(10),TRUE,IF((元データ!$AL$2:$AL$2001=1)*(元データ!$AN$2:$AN$2001=1)*(元データ!$AE$2:$AE$2001=$C$37)*(元データ!$AO$2:$AO$2001=1)*(元データ!$AM$2:$AM$2001>=8)*(元データ!$AM$2:$AM$2001<=14)*(元データ!$E$2:$E$2001="32 ＳＶ確認中"),元データ!$A$2:$A$2001&IF(元データ!$AP$2:$AP$2001<>"","（"&MID(元データ!$AP$2:$AP$2001,2,100)&")",""),"")),"") | Z37: =SUMPRODUCT((元データ!$AL$2:$AL$2001=1)*(元データ!$AN$2:$AN$2001=1)*(元データ!$AE$2:$AE$2001=$C$37)*(元データ!$AO$2:$AO$2001=1)*(元データ!$AM$2:$AM$2001>=8)*(元データ!$AM$2:$AM$2001<=14)*(元データ!$E$2:$E$2001="40 差戻し")) | AA37: =IFERROR(_xlfn.TEXTJOIN(CHAR(10),TRUE,IF((元データ!$AL$2:$AL$2001=1)*(元データ!$AN$2:$AN$2001=1)*(元データ!$AE$2:$AE$2001=$C$37)*(元データ!$AO$2:$AO$2001=1)*(元データ!$AM$2:$AM$2001>=8)*(元データ!$AM$2:$AM$2001<=14)*(元データ!$E$2:$E$2001="40 差戻し"),元データ!$A$2:$A$2001&IF(元データ!$AP$2:$AP$2001<>"","（"&MID(元データ!$AP$2:$AP$2001,2,100)&")",""),"")),"") | AB37: =SUMPRODUCT((元データ!$AL$2:$AL$2001=1)*(元データ!$AN$2:$AN$2001=1)*(元データ!$AE$2:$AE$2001=$C$37)*(元データ!$AO$2:$AO$2001=1)*(元データ!$AM$2:$AM$2001>=15)*(元データ!$AM$2:$AM$2001<=21)) | AC37: =SUMPRODUCT((元データ!$AL$2:$AL$2001=1)*(元データ!$AN$2:$AN$2001=1)*(元データ!$AE$2:$AE$2001=$C$37)*(元データ!$AO$2:$AO$2001=1)*(元データ!$AM$2:$AM$2001>=15)*(元データ!$AM$2:$AM$2001<=21)*(元データ!$E$2:$E$2001="20 確認待ち")) | AD37: =IFERROR(_xlfn.TEXTJOIN(CHAR(10),TRUE,IF((元データ!$AL$2:$AL$2001=1)*(元データ!$AN$2:$AN$2001=1)*(元データ!$AE$2:$AE$2001=$C$37)*(元データ!$AO$2:$AO$2001=1)*(元データ!$AM$2:$AM$2001>=15)*(元データ!$AM$2:$AM$2001<=21)*(元データ!$E$2:$E$2001="20 確認待ち"),元データ!$A$2:$A$2001&IF(元データ!$AP$2:$AP$2001<>"","（"&MID(元データ!$AP$2:$AP$2001,2,100)&")",""),"")),"") | AE37: =SUMPRODUCT((元データ!$AL$2:$AL$2001=1)*(元データ!$AN$2:$AN$2001=1)*(元データ!$AE$2:$AE$2001=$C$37)*(元データ!$AO$2:$AO$2001=1)*(元データ!$AM$2:$AM$2001>=15)*(元データ!$AM$2:$AM$2001<=21)*(元データ!$E$2:$E$2001="30 申請受付")) | AF37: =IFERROR(_xlfn.TEXTJOIN(CHAR(10),TRUE,IF((元データ!$AL$2:$AL$2001=1)*(元データ!$AN$2:$AN$2001=1)*(元データ!$AE$2:$AE$2001=$C$37)*(元データ!$AO$2:$AO$2001=1)*(元データ!$AM$2:$AM$2001>=15)*(元データ!$AM$2:$AM$2001<=21)*(元データ!$E$2:$E$2001="30 申請受付"),元データ!$A$2:$A$2001&IF(元データ!$AP$2:$AP$2001<>"","（"&MID(元データ!$AP$2:$AP$2001,2,100)&")",""),"")),"") | AG37: =SUMPRODUCT((元データ!$AL$2:$AL$2001=1)*(元データ!$AN$2:$AN$2001=1)*(元データ!$AE$2:$AE$2001=$C$37)*(元データ!$AO$2:$AO$2001=1)*(元データ!$AM$2:$AM$2001>=15)*(元データ!$AM$2:$AM$2001<=21)*(元データ!$E$2:$E$2001="31 ＯＰ確認中")) | AH37: =IFERROR(_xlfn.TEXTJOIN(CHAR(10),TRUE,IF((元データ!$AL$2:$AL$2001=1)*(元データ!$AN$2:$AN$2001=1)*(元データ!$AE$2:$AE$2001=$C$37)*(元データ!$AO$2:$AO$2001=1)*(元データ!$AM$2:$AM$2001>=15)*(元データ!$AM$2:$AM$2001<=21)*(元データ!$E$2:$E$2001="31 ＯＰ確認中"),元データ!$A$2:$A$2001&IF(元データ!$AP$2:$AP$2001<>"","（"&MID(元データ!$AP$2:$AP$2001,2,100)&")",""),"")),"") | AI37: =SUMPRODUCT((元データ!$AL$2:$AL$2001=1)*(元データ!$AN$2:$AN$2001=1)*(元データ!$AE$2:$AE$2001=$C$37)*(元データ!$AO$2:$AO$2001=1)*(元データ!$AM$2:$AM$2001>=15)*(元データ!$AM$2:$AM$2001<=21)*(元データ!$E$2:$E$2001="32 ＳＶ確認中")) | AJ37: =IFERROR(_xlfn.TEXTJOIN(CHAR(10),TRUE,IF((元データ!$AL$2:$AL$2001=1)*(元データ!$AN$2:$AN$2001=1)*(元データ!$AE$2:$AE$2001=$C$37)*(元データ!$AO$2:$AO$2001=1)*(元データ!$AM$2:$AM$2001>=15)*(元データ!$AM$2:$AM$2001<=21)*(元データ!$E$2:$E$2001="32 ＳＶ確認中"),元データ!$A$2:$A$2001&IF(元データ!$AP$2:$AP$2001<>"","（"&MID(元データ!$AP$2:$AP$2001,2,100)&")",""),"")),"") | AK37: =SUMPRODUCT((元データ!$AL$2:$AL$2001=1)*(元データ!$AN$2:$AN$2001=1)*(元データ!$AE$2:$AE$2001=$C$37)*(元データ!$AO$2:$AO$2001=1)*(元データ!$AM$2:$AM$2001>=15)*(元データ!$AM$2:$AM$2001<=21)*(元データ!$E$2:$E$2001="40 差戻し")) | AL37: =IFERROR(_xlfn.TEXTJOIN(CHAR(10),TRUE,IF((元データ!$AL$2:$AL$2001=1)*(元データ!$AN$2:$AN$2001=1)*(元データ!$AE$2:$AE$2001=$C$37)*(元データ!$AO$2:$AO$2001=1)*(元データ!$AM$2:$AM$2001>=15)*(元データ!$AM$2:$AM$2001<=21)*(元データ!$E$2:$E$2001="40 差戻し"),元データ!$A$2:$A$2001&IF(元データ!$AP$2:$AP$2001<>"","（"&MID(元データ!$AP$2:$AP$2001,2,100)&")",""),"")),"") | AM37: =SUMPRODUCT((元データ!$AL$2:$AL$2001=1)*(元データ!$AN$2:$AN$2001=1)*(元データ!$AE$2:$AE$2001=$C$37)*(元データ!$AO$2:$AO$2001=1)*(元データ!$AM$2:$AM$2001>=22)*(元データ!$AM$2:$AM$2001<=30)) | AN37: =SUMPRODUCT((元データ!$AL$2:$AL$2001=1)*(元データ!$AN$2:$AN$2001=1)*(元データ!$AE$2:$AE$2001=$C$37)*(元データ!$AO$2:$AO$2001=1)*(元データ!$AM$2:$AM$2001>=22)*(元データ!$AM$2:$AM$2001<=30)*(元データ!$E$2:$E$2001="20 確認待ち")) | AO37: =IFERROR(_xlfn.TEXTJOIN(CHAR(10),TRUE,IF((元データ!$AL$2:$AL$2001=1)*(元データ!$AN$2:$AN$2001=1)*(元データ!$AE$2:$AE$2001=$C$37)*(元データ!$AO$2:$AO$2001=1)*(元データ!$AM$2:$AM$2001>=22)*(元データ!$AM$2:$AM$2001<=30)*(元データ!$E$2:$E$2001="20 確認待ち"),元データ!$A$2:$A$2001&IF(元データ!$AP$2:$AP$2001<>"","（"&MID(元データ!$AP$2:$AP$2001,2,100)&")",""),"")),"") | AP37: =SUMPRODUCT((元データ!$AL$2:$AL$2001=1)*(元データ!$AN$2:$AN$2001=1)*(元データ!$AE$2:$AE$2001=$C$37)*(元データ!$AO$2:$AO$2001=1)*(元データ!$AM$2:$AM$2001>=22)*(元データ!$AM$2:$AM$2001<=30)*(元データ!$E$2:$E$2001="30 申請受付")) | AQ37: =IFERROR(_xlfn.TEXTJOIN(CHAR(10),TRUE,IF((元データ!$AL$2:$AL$2001=1)*(元データ!$AN$2:$AN$2001=1)*(元データ!$AE$2:$AE$2001=$C$37)*(元データ!$AO$2:$AO$2001=1)*(元データ!$AM$2:$AM$2001>=22)*(元データ!$AM$2:$AM$2001<=30)*(元データ!$E$2:$E$2001="30 申請受付"),元データ!$A$2:$A$2001&IF(元データ!$AP$2:$AP$2001<>"","（"&MID(元データ!$AP$2:$AP$2001,2,100)&")",""),"")),"") | AR37: =SUMPRODUCT((元データ!$AL$2:$AL$2001=1)*(元データ!$AN$2:$AN$2001=1)*(元データ!$AE$2:$AE$2001=$C$37)*(元データ!$AO$2:$AO$2001=1)*(元データ!$AM$2:$AM$2001>=22)*(元データ!$AM$2:$AM$2001<=30)*(元データ!$E$2:$E$2001="31 ＯＰ確認中")) | AS37: =IFERROR(_xlfn.TEXTJOIN(CHAR(10),TRUE,IF((元データ!$AL$2:$AL$2001=1)*(元データ!$AN$2:$AN$2001=1)*(元データ!$AE$2:$AE$2001=$C$37)*(元データ!$AO$2:$AO$2001=1)*(元データ!$AM$2:$AM$2001>=22)*(元データ!$AM$2:$AM$2001<=30)*(元データ!$E$2:$E$2001="31 ＯＰ確認中"),元データ!$A$2:$A$2001&IF(元データ!$AP$2:$AP$2001<>"","（"&MID(元データ!$AP$2:$AP$2001,2,100)&")",""),"")),"") | AT37: =SUMPRODUCT((元データ!$AL$2:$AL$2001=1)*(元データ!$AN$2:$AN$2001=1)*(元データ!$AE$2:$AE$2001=$C$37)*(元データ!$AO$2:$AO$2001=1)*(元データ!$AM$2:$AM$2001>=22)*(元データ!$AM$2:$AM$2001<=30)*(元データ!$E$2:$E$2001="32 ＳＶ確認中")) | AU37: =IFERROR(_xlfn.TEXTJOIN(CHAR(10),TRUE,IF((元データ!$AL$2:$AL$2001=1)*(元データ!$AN$2:$AN$2001=1)*(元データ!$AE$2:$AE$2001=$C$37)*(元データ!$AO$2:$AO$2001=1)*(元データ!$AM$2:$AM$2001>=22)*(元データ!$AM$2:$AM$2001<=30)*(元データ!$E$2:$E$2001="32 ＳＶ確認中"),元データ!$A$2:$A$2001&IF(元データ!$AP$2:$AP$2001<>"","（"&MID(元データ!$AP$2:$AP$2001,2,100)&")",""),"")),"") | AV37: =SUMPRODUCT((元データ!$AL$2:$AL$2001=1)*(元データ!$AN$2:$AN$2001=1)*(元データ!$AE$2:$AE$2001=$C$37)*(元データ!$AO$2:$AO$2001=1)*(元データ!$AM$2:$AM$2001>=22)*(元データ!$AM$2:$AM$2001<=30)*(元データ!$E$2:$E$2001="40 差戻し")) | AW37: =IFERROR(_xlfn.TEXTJOIN(CHAR(10),TRUE,IF((元データ!$AL$2:$AL$2001=1)*(元データ!$AN$2:$AN$2001=1)*(元データ!$AE$2:$AE$2001=$C$37)*(元データ!$AO$2:$AO$2001=1)*(元データ!$AM$2:$AM$2001>=22)*(元データ!$AM$2:$AM$2001<=30)*(元データ!$E$2:$E$2001="40 差戻し"),元データ!$A$2:$A$2001&IF(元データ!$AP$2:$AP$2001<>"","（"&MID(元データ!$AP$2:$AP$2001,2,100)&")",""),"")),"") | AX37: =SUMPRODUCT((元データ!$AL$2:$AL$2001=1)*(元データ!$AN$2:$AN$2001=1)*(元データ!$AE$2:$AE$2001=$C$37)*(元データ!$AO$2:$AO$2001=1)*(元データ!$AM$2:$AM$2001>=31)) | AY37: =SUMPRODUCT((元データ!$AL$2:$AL$2001=1)*(元データ!$AN$2:$AN$2001=1)*(元データ!$AE$2:$AE$2001=$C$37)*(元データ!$AO$2:$AO$2001=1)*(元データ!$AM$2:$AM$2001>=31)*(元データ!$E$2:$E$2001="20 確認待ち")) | AZ37: =IFERROR(_xlfn.TEXTJOIN(CHAR(10),TRUE,IF((元データ!$AL$2:$AL$2001=1)*(元データ!$AN$2:$AN$2001=1)*(元データ!$AE$2:$AE$2001=$C$37)*(元データ!$AO$2:$AO$2001=1)*(元データ!$AM$2:$AM$2001>=31)*(元データ!$E$2:$E$2001="20 確認待ち"),元データ!$A$2:$A$2001&IF(元データ!$AP$2:$AP$2001<>"","（"&MID(元データ!$AP$2:$AP$2001,2,100)&")",""),"")),"") | BA37: =SUMPRODUCT((元データ!$AL$2:$AL$2001=1)*(元データ!$AN$2:$AN$2001=1)*(元データ!$AE$2:$AE$2001=$C$37)*(元データ!$AO$2:$AO$2001=1)*(元データ!$AM$2:$AM$2001>=31)*(元データ!$E$2:$E$2001="30 申請受付")) | BB37: =IFERROR(_xlfn.TEXTJOIN(CHAR(10),TRUE,IF((元データ!$AL$2:$AL$2001=1)*(元データ!$AN$2:$AN$2001=1)*(元データ!$AE$2:$AE$2001=$C$37)*(元データ!$AO$2:$AO$2001=1)*(元データ!$AM$2:$AM$2001>=31)*(元データ!$E$2:$E$2001="30 申請受付"),元データ!$A$2:$A$2001&IF(元データ!$AP$2:$AP$2001<>"","（"&MID(元データ!$AP$2:$AP$2001,2,100)&")",""),"")),"") | BC37: =SUMPRODUCT((元データ!$AL$2:$AL$2001=1)*(元データ!$AN$2:$AN$2001=1)*(元データ!$AE$2:$AE$2001=$C$37)*(元データ!$AO$2:$AO$2001=1)*(元データ!$AM$2:$AM$2001>=31)*(元データ!$E$2:$E$2001="31 ＯＰ確認中")) | BD37: =IFERROR(_xlfn.TEXTJOIN(CHAR(10),TRUE,IF((元データ!$AL$2:$AL$2001=1)*(元データ!$AN$2:$AN$2001=1)*(元データ!$AE$2:$AE$2001=$C$37)*(元データ!$AO$2:$AO$2001=1)*(元データ!$AM$2:$AM$2001>=31)*(元データ!$E$2:$E$2001="31 ＯＰ確認中"),元データ!$A$2:$A$2001&IF(元データ!$AP$2:$AP$2001<>"","（"&MID(元データ!$AP$2:$AP$2001,2,100)&")",""),"")),"") | BE37: =SUMPRODUCT((元データ!$AL$2:$AL$2001=1)*(元データ!$AN$2:$AN$2001=1)*(元データ!$AE$2:$AE$2001=$C$37)*(元データ!$AO$2:$AO$2001=1)*(元データ!$AM$2:$AM$2001>=31)*(元データ!$E$2:$E$2001="32 ＳＶ確認中")) | BF37: =IFERROR(_xlfn.TEXTJOIN(CHAR(10),TRUE,IF((元データ!$AL$2:$AL$2001=1)*(元データ!$AN$2:$AN$2001=1)*(元データ!$AE$2:$AE$2001=$C$37)*(元データ!$AO$2:$AO$2001=1)*(元データ!$AM$2:$AM$2001>=31)*(元データ!$E$2:$E$2001="32 ＳＶ確認中"),元データ!$A$2:$A$2001&IF(元データ!$AP$2:$AP$2001<>"","（"&MID(元データ!$AP$2:$AP$2001,2,100)&")",""),"")),"") | BG37: =SUMPRODUCT((元データ!$AL$2:$AL$2001=1)*(元データ!$AN$2:$AN$2001=1)*(元データ!$AE$2:$AE$2001=$C$37)*(元データ!$AO$2:$AO$2001=1)*(元データ!$AM$2:$AM$2001>=31)*(元データ!$E$2:$E$2001="40 差戻し")) | BH37: =IFERROR(_xlfn.TEXTJOIN(CHAR(10),TRUE,IF((元データ!$AL$2:$AL$2001=1)*(元データ!$AN$2:$AN$2001=1)*(元データ!$AE$2:$AE$2001=$C$37)*(元データ!$AO$2:$AO$2001=1)*(元データ!$AM$2:$AM$2001>=31)*(元データ!$E$2:$E$2001="40 差戻し"),元データ!$A$2:$A$2001&IF(元データ!$AP$2:$AP$2001<>"","（"&MID(元データ!$AP$2:$AP$2001,2,100)&")",""),"")),"")
D38: なし | E38: =SUMPRODUCT((元データ!$AL$2:$AL$2001=1)*(元データ!$AN$2:$AN$2001=1)*(元データ!$AE$2:$AE$2001=$C$37)*(元データ!$AO$2:$AO$2001=0)) | F38: =SUMPRODUCT((元データ!$AL$2:$AL$2001=1)*(元データ!$AN$2:$AN$2001=1)*(元データ!$AE$2:$AE$2001=$C$37)*(元データ!$AO$2:$AO$2001=0)*(元データ!$AM$2:$AM$2001<=7)) | G38: =SUMPRODUCT((元データ!$AL$2:$AL$2001=1)*(元データ!$AN$2:$AN$2001=1)*(元データ!$AE$2:$AE$2001=$C$37)*(元データ!$AO$2:$AO$2001=0)*(元データ!$AM$2:$AM$2001<=7)*(元データ!$E$2:$E$2001="20 確認待ち")) | H38: =IFERROR(_xlfn.TEXTJOIN(CHAR(10),TRUE,IF((元データ!$AL$2:$AL$2001=1)*(元データ!$AN$2:$AN$2001=1)*(元データ!$AE$2:$AE$2001=$C$37)*(元データ!$AO$2:$AO$2001=0)*(元データ!$AM$2:$AM$2001<=7)*(元データ!$E$2:$E$2001="20 確認待ち"),元データ!$A$2:$A$2001&IF(元データ!$AP$2:$AP$2001<>"","（"&MID(元データ!$AP$2:$AP$2001,2,100)&")",""),"")),"") | I38: =SUMPRODUCT((元データ!$AL$2:$AL$2001=1)*(元データ!$AN$2:$AN$2001=1)*(元データ!$AE$2:$AE$2001=$C$37)*(元データ!$AO$2:$AO$2001=0)*(元データ!$AM$2:$AM$2001<=7)*(元データ!$E$2:$E$2001="30 申請受付")) | J38: =IFERROR(_xlfn.TEXTJOIN(CHAR(10),TRUE,IF((元データ!$AL$2:$AL$2001=1)*(元データ!$AN$2:$AN$2001=1)*(元データ!$AE$2:$AE$2001=$C$37)*(元データ!$AO$2:$AO$2001=0)*(元データ!$AM$2:$AM$2001<=7)*(元データ!$E$2:$E$2001="30 申請受付"),元データ!$A$2:$A$2001&IF(元データ!$AP$2:$AP$2001<>"","（"&MID(元データ!$AP$2:$AP$2001,2,100)&")",""),"")),"") | K38: =SUMPRODUCT((元データ!$AL$2:$AL$2001=1)*(元データ!$AN$2:$AN$2001=1)*(元データ!$AE$2:$AE$2001=$C$37)*(元データ!$AO$2:$AO$2001=0)*(元データ!$AM$2:$AM$2001<=7)*(元データ!$E$2:$E$2001="31 ＯＰ確認中")) | L38: =IFERROR(_xlfn.TEXTJOIN(CHAR(10),TRUE,IF((元データ!$AL$2:$AL$2001=1)*(元データ!$AN$2:$AN$2001=1)*(元データ!$AE$2:$AE$2001=$C$37)*(元データ!$AO$2:$AO$2001=0)*(元データ!$AM$2:$AM$2001<=7)*(元データ!$E$2:$E$2001="31 ＯＰ確認中"),元データ!$A$2:$A$2001&IF(元データ!$AP$2:$AP$2001<>"","（"&MID(元データ!$AP$2:$AP$2001,2,100)&")",""),"")),"") | M38: =SUMPRODUCT((元データ!$AL$2:$AL$2001=1)*(元データ!$AN$2:$AN$2001=1)*(元データ!$AE$2:$AE$2001=$C$37)*(元データ!$AO$2:$AO$2001=0)*(元データ!$AM$2:$AM$2001<=7)*(元データ!$E$2:$E$2001="32 ＳＶ確認中")) | N38: =IFERROR(_xlfn.TEXTJOIN(CHAR(10),TRUE,IF((元データ!$AL$2:$AL$2001=1)*(元データ!$AN$2:$AN$2001=1)*(元データ!$AE$2:$AE$2001=$C$37)*(元データ!$AO$2:$AO$2001=0)*(元データ!$AM$2:$AM$2001<=7)*(元データ!$E$2:$E$2001="32 ＳＶ確認中"),元データ!$A$2:$A$2001&IF(元データ!$AP$2:$AP$2001<>"","（"&MID(元データ!$AP$2:$AP$2001,2,100)&")",""),"")),"") | O38: =SUMPRODUCT((元データ!$AL$2:$AL$2001=1)*(元データ!$AN$2:$AN$2001=1)*(元データ!$AE$2:$AE$2001=$C$37)*(元データ!$AO$2:$AO$2001=0)*(元データ!$AM$2:$AM$2001<=7)*(元データ!$E$2:$E$2001="40 差戻し")) | P38: =IFERROR(_xlfn.TEXTJOIN(CHAR(10),TRUE,IF((元データ!$AL$2:$AL$2001=1)*(元データ!$AN$2:$AN$2001=1)*(元データ!$AE$2:$AE$2001=$C$37)*(元データ!$AO$2:$AO$2001=0)*(元データ!$AM$2:$AM$2001<=7)*(元データ!$E$2:$E$2001="40 差戻し"),元データ!$A$2:$A$2001&IF(元データ!$AP$2:$AP$2001<>"","（"&MID(元データ!$AP$2:$AP$2001,2,100)&")",""),"")),"") | Q38: =SUMPRODUCT((元データ!$AL$2:$AL$2001=1)*(元データ!$AN$2:$AN$2001=1)*(元データ!$AE$2:$AE$2001=$C$37)*(元データ!$AO$2:$AO$2001=0)*(元データ!$AM$2:$AM$2001>=8)*(元データ!$AM$2:$AM$2001<=14)) | R38: =SUMPRODUCT((元データ!$AL$2:$AL$2001=1)*(元データ!$AN$2:$AN$2001=1)*(元データ!$AE$2:$AE$2001=$C$37)*(元データ!$AO$2:$AO$2001=0)*(元データ!$AM$2:$AM$2001>=8)*(元データ!$AM$2:$AM$2001<=14)*(元データ!$E$2:$E$2001="20 確認待ち")) | S38: =IFERROR(_xlfn.TEXTJOIN(CHAR(10),TRUE,IF((元データ!$AL$2:$AL$2001=1)*(元データ!$AN$2:$AN$2001=1)*(元データ!$AE$2:$AE$2001=$C$37)*(元データ!$AO$2:$AO$2001=0)*(元データ!$AM$2:$AM$2001>=8)*(元データ!$AM$2:$AM$2001<=14)*(元データ!$E$2:$E$2001="20 確認待ち"),元データ!$A$2:$A$2001&IF(元データ!$AP$2:$AP$2001<>"","（"&MID(元データ!$AP$2:$AP$2001,2,100)&")",""),"")),"") | T38: =SUMPRODUCT((元データ!$AL$2:$AL$2001=1)*(元データ!$AN$2:$AN$2001=1)*(元データ!$AE$2:$AE$2001=$C$37)*(元データ!$AO$2:$AO$2001=0)*(元データ!$AM$2:$AM$2001>=8)*(元データ!$AM$2:$AM$2001<=14)*(元データ!$E$2:$E$2001="30 申請受付")) | U38: =IFERROR(_xlfn.TEXTJOIN(CHAR(10),TRUE,IF((元データ!$AL$2:$AL$2001=1)*(元データ!$AN$2:$AN$2001=1)*(元データ!$AE$2:$AE$2001=$C$37)*(元データ!$AO$2:$AO$2001=0)*(元データ!$AM$2:$AM$2001>=8)*(元データ!$AM$2:$AM$2001<=14)*(元データ!$E$2:$E$2001="30 申請受付"),元データ!$A$2:$A$2001&IF(元データ!$AP$2:$AP$2001<>"","（"&MID(元データ!$AP$2:$AP$2001,2,100)&")",""),"")),"") | V38: =SUMPRODUCT((元データ!$AL$2:$AL$2001=1)*(元データ!$AN$2:$AN$2001=1)*(元データ!$AE$2:$AE$2001=$C$37)*(元データ!$AO$2:$AO$2001=0)*(元データ!$AM$2:$AM$2001>=8)*(元データ!$AM$2:$AM$2001<=14)*(元データ!$E$2:$E$2001="31 ＯＰ確認中")) | W38: =IFERROR(_xlfn.TEXTJOIN(CHAR(10),TRUE,IF((元データ!$AL$2:$AL$2001=1)*(元データ!$AN$2:$AN$2001=1)*(元データ!$AE$2:$AE$2001=$C$37)*(元データ!$AO$2:$AO$2001=0)*(元データ!$AM$2:$AM$2001>=8)*(元データ!$AM$2:$AM$2001<=14)*(元データ!$E$2:$E$2001="31 ＯＰ確認中"),元データ!$A$2:$A$2001&IF(元データ!$AP$2:$AP$2001<>"","（"&MID(元データ!$AP$2:$AP$2001,2,100)&")",""),"")),"") | X38: =SUMPRODUCT((元データ!$AL$2:$AL$2001=1)*(元データ!$AN$2:$AN$2001=1)*(元データ!$AE$2:$AE$2001=$C$37)*(元データ!$AO$2:$AO$2001=0)*(元データ!$AM$2:$AM$2001>=8)*(元データ!$AM$2:$AM$2001<=14)*(元データ!$E$2:$E$2001="32 ＳＶ確認中")) | Y38: =IFERROR(_xlfn.TEXTJOIN(CHAR(10),TRUE,IF((元データ!$AL$2:$AL$2001=1)*(元データ!$AN$2:$AN$2001=1)*(元データ!$AE$2:$AE$2001=$C$37)*(元データ!$AO$2:$AO$2001=0)*(元データ!$AM$2:$AM$2001>=8)*(元データ!$AM$2:$AM$2001<=14)*(元データ!$E$2:$E$2001="32 ＳＶ確認中"),元データ!$A$2:$A$2001&IF(元データ!$AP$2:$AP$2001<>"","（"&MID(元データ!$AP$2:$AP$2001,2,100)&")",""),"")),"") | Z38: =SUMPRODUCT((元データ!$AL$2:$AL$2001=1)*(元データ!$AN$2:$AN$2001=1)*(元データ!$AE$2:$AE$2001=$C$37)*(元データ!$AO$2:$AO$2001=0)*(元データ!$AM$2:$AM$2001>=8)*(元データ!$AM$2:$AM$2001<=14)*(元データ!$E$2:$E$2001="40 差戻し")) | AA38: =IFERROR(_xlfn.TEXTJOIN(CHAR(10),TRUE,IF((元データ!$AL$2:$AL$2001=1)*(元データ!$AN$2:$AN$2001=1)*(元データ!$AE$2:$AE$2001=$C$37)*(元データ!$AO$2:$AO$2001=0)*(元データ!$AM$2:$AM$2001>=8)*(元データ!$AM$2:$AM$2001<=14)*(元データ!$E$2:$E$2001="40 差戻し"),元データ!$A$2:$A$2001&IF(元データ!$AP$2:$AP$2001<>"","（"&MID(元データ!$AP$2:$AP$2001,2,100)&")",""),"")),"") | AB38: =SUMPRODUCT((元データ!$AL$2:$AL$2001=1)*(元データ!$AN$2:$AN$2001=1)*(元データ!$AE$2:$AE$2001=$C$37)*(元データ!$AO$2:$AO$2001=0)*(元データ!$AM$2:$AM$2001>=15)*(元データ!$AM$2:$AM$2001<=21)) | AC38: =SUMPRODUCT((元データ!$AL$2:$AL$2001=1)*(元データ!$AN$2:$AN$2001=1)*(元データ!$AE$2:$AE$2001=$C$37)*(元データ!$AO$2:$AO$2001=0)*(元データ!$AM$2:$AM$2001>=15)*(元データ!$AM$2:$AM$2001<=21)*(元データ!$E$2:$E$2001="20 確認待ち")) | AD38: =IFERROR(_xlfn.TEXTJOIN(CHAR(10),TRUE,IF((元データ!$AL$2:$AL$2001=1)*(元データ!$AN$2:$AN$2001=1)*(元データ!$AE$2:$AE$2001=$C$37)*(元データ!$AO$2:$AO$2001=0)*(元データ!$AM$2:$AM$2001>=15)*(元データ!$AM$2:$AM$2001<=21)*(元データ!$E$2:$E$2001="20 確認待ち"),元データ!$A$2:$A$2001&IF(元データ!$AP$2:$AP$2001<>"","（"&MID(元データ!$AP$2:$AP$2001,2,100)&")",""),"")),"") | AE38: =SUMPRODUCT((元データ!$AL$2:$AL$2001=1)*(元データ!$AN$2:$AN$2001=1)*(元データ!$AE$2:$AE$2001=$C$37)*(元データ!$AO$2:$AO$2001=0)*(元データ!$AM$2:$AM$2001>=15)*(元データ!$AM$2:$AM$2001<=21)*(元データ!$E$2:$E$2001="30 申請受付")) | AF38: =IFERROR(_xlfn.TEXTJOIN(CHAR(10),TRUE,IF((元データ!$AL$2:$AL$2001=1)*(元データ!$AN$2:$AN$2001=1)*(元データ!$AE$2:$AE$2001=$C$37)*(元データ!$AO$2:$AO$2001=0)*(元データ!$AM$2:$AM$2001>=15)*(元データ!$AM$2:$AM$2001<=21)*(元データ!$E$2:$E$2001="30 申請受付"),元データ!$A$2:$A$2001&IF(元データ!$AP$2:$AP$2001<>"","（"&MID(元データ!$AP$2:$AP$2001,2,100)&")",""),"")),"") | AG38: =SUMPRODUCT((元データ!$AL$2:$AL$2001=1)*(元データ!$AN$2:$AN$2001=1)*(元データ!$AE$2:$AE$2001=$C$37)*(元データ!$AO$2:$AO$2001=0)*(元データ!$AM$2:$AM$2001>=15)*(元データ!$AM$2:$AM$2001<=21)*(元データ!$E$2:$E$2001="31 ＯＰ確認中")) | AH38: =IFERROR(_xlfn.TEXTJOIN(CHAR(10),TRUE,IF((元データ!$AL$2:$AL$2001=1)*(元データ!$AN$2:$AN$2001=1)*(元データ!$AE$2:$AE$2001=$C$37)*(元データ!$AO$2:$AO$2001=0)*(元データ!$AM$2:$AM$2001>=15)*(元データ!$AM$2:$AM$2001<=21)*(元データ!$E$2:$E$2001="31 ＯＰ確認中"),元データ!$A$2:$A$2001&IF(元データ!$AP$2:$AP$2001<>"","（"&MID(元データ!$AP$2:$AP$2001,2,100)&")",""),"")),"") | AI38: =SUMPRODUCT((元データ!$AL$2:$AL$2001=1)*(元データ!$AN$2:$AN$2001=1)*(元データ!$AE$2:$AE$2001=$C$37)*(元データ!$AO$2:$AO$2001=0)*(元データ!$AM$2:$AM$2001>=15)*(元データ!$AM$2:$AM$2001<=21)*(元データ!$E$2:$E$2001="32 ＳＶ確認中")) | AJ38: =IFERROR(_xlfn.TEXTJOIN(CHAR(10),TRUE,IF((元データ!$AL$2:$AL$2001=1)*(元データ!$AN$2:$AN$2001=1)*(元データ!$AE$2:$AE$2001=$C$37)*(元データ!$AO$2:$AO$2001=0)*(元データ!$AM$2:$AM$2001>=15)*(元データ!$AM$2:$AM$2001<=21)*(元データ!$E$2:$E$2001="32 ＳＶ確認中"),元データ!$A$2:$A$2001&IF(元データ!$AP$2:$AP$2001<>"","（"&MID(元データ!$AP$2:$AP$2001,2,100)&")",""),"")),"") | AK38: =SUMPRODUCT((元データ!$AL$2:$AL$2001=1)*(元データ!$AN$2:$AN$2001=1)*(元データ!$AE$2:$AE$2001=$C$37)*(元データ!$AO$2:$AO$2001=0)*(元データ!$AM$2:$AM$2001>=15)*(元データ!$AM$2:$AM$2001<=21)*(元データ!$E$2:$E$2001="40 差戻し")) | AL38: =IFERROR(_xlfn.TEXTJOIN(CHAR(10),TRUE,IF((元データ!$AL$2:$AL$2001=1)*(元データ!$AN$2:$AN$2001=1)*(元データ!$AE$2:$AE$2001=$C$37)*(元データ!$AO$2:$AO$2001=0)*(元データ!$AM$2:$AM$2001>=15)*(元データ!$AM$2:$AM$2001<=21)*(元データ!$E$2:$E$2001="40 差戻し"),元データ!$A$2:$A$2001&IF(元データ!$AP$2:$AP$2001<>"","（"&MID(元データ!$AP$2:$AP$2001,2,100)&")",""),"")),"") | AM38: =SUMPRODUCT((元データ!$AL$2:$AL$2001=1)*(元データ!$AN$2:$AN$2001=1)*(元データ!$AE$2:$AE$2001=$C$37)*(元データ!$AO$2:$AO$2001=0)*(元データ!$AM$2:$AM$2001>=22)*(元データ!$AM$2:$AM$2001<=30)) | AN38: =SUMPRODUCT((元データ!$AL$2:$AL$2001=1)*(元データ!$AN$2:$AN$2001=1)*(元データ!$AE$2:$AE$2001=$C$37)*(元データ!$AO$2:$AO$2001=0)*(元データ!$AM$2:$AM$2001>=22)*(元データ!$AM$2:$AM$2001<=30)*(元データ!$E$2:$E$2001="20 確認待ち")) | AO38: =IFERROR(_xlfn.TEXTJOIN(CHAR(10),TRUE,IF((元データ!$AL$2:$AL$2001=1)*(元データ!$AN$2:$AN$2001=1)*(元データ!$AE$2:$AE$2001=$C$37)*(元データ!$AO$2:$AO$2001=0)*(元データ!$AM$2:$AM$2001>=22)*(元データ!$AM$2:$AM$2001<=30)*(元データ!$E$2:$E$2001="20 確認待ち"),元データ!$A$2:$A$2001&IF(元データ!$AP$2:$AP$2001<>"","（"&MID(元データ!$AP$2:$AP$2001,2,100)&")",""),"")),"") | AP38: =SUMPRODUCT((元データ!$AL$2:$AL$2001=1)*(元データ!$AN$2:$AN$2001=1)*(元データ!$AE$2:$AE$2001=$C$37)*(元データ!$AO$2:$AO$2001=0)*(元データ!$AM$2:$AM$2001>=22)*(元データ!$AM$2:$AM$2001<=30)*(元データ!$E$2:$E$2001="30 申請受付")) | AQ38: =IFERROR(_xlfn.TEXTJOIN(CHAR(10),TRUE,IF((元データ!$AL$2:$AL$2001=1)*(元データ!$AN$2:$AN$2001=1)*(元データ!$AE$2:$AE$2001=$C$37)*(元データ!$AO$2:$AO$2001=0)*(元データ!$AM$2:$AM$2001>=22)*(元データ!$AM$2:$AM$2001<=30)*(元データ!$E$2:$E$2001="30 申請受付"),元データ!$A$2:$A$2001&IF(元データ!$AP$2:$AP$2001<>"","（"&MID(元データ!$AP$2:$AP$2001,2,100)&")",""),"")),"") | AR38: =SUMPRODUCT((元データ!$AL$2:$AL$2001=1)*(元データ!$AN$2:$AN$2001=1)*(元データ!$AE$2:$AE$2001=$C$37)*(元データ!$AO$2:$AO$2001=0)*(元データ!$AM$2:$AM$2001>=22)*(元データ!$AM$2:$AM$2001<=30)*(元データ!$E$2:$E$2001="31 ＯＰ確認中")) | AS38: =IFERROR(_xlfn.TEXTJOIN(CHAR(10),TRUE,IF((元データ!$AL$2:$AL$2001=1)*(元データ!$AN$2:$AN$2001=1)*(元データ!$AE$2:$AE$2001=$C$37)*(元データ!$AO$2:$AO$2001=0)*(元データ!$AM$2:$AM$2001>=22)*(元データ!$AM$2:$AM$2001<=30)*(元データ!$E$2:$E$2001="31 ＯＰ確認中"),元データ!$A$2:$A$2001&IF(元データ!$AP$2:$AP$2001<>"","（"&MID(元データ!$AP$2:$AP$2001,2,100)&")",""),"")),"") | AT38: =SUMPRODUCT((元データ!$AL$2:$AL$2001=1)*(元データ!$AN$2:$AN$2001=1)*(元データ!$AE$2:$AE$2001=$C$37)*(元データ!$AO$2:$AO$2001=0)*(元データ!$AM$2:$AM$2001>=22)*(元データ!$AM$2:$AM$2001<=30)*(元データ!$E$2:$E$2001="32 ＳＶ確認中")) | AU38: =IFERROR(_xlfn.TEXTJOIN(CHAR(10),TRUE,IF((元データ!$AL$2:$AL$2001=1)*(元データ!$AN$2:$AN$2001=1)*(元データ!$AE$2:$AE$2001=$C$37)*(元データ!$AO$2:$AO$2001=0)*(元データ!$AM$2:$AM$2001>=22)*(元データ!$AM$2:$AM$2001<=30)*(元データ!$E$2:$E$2001="32 ＳＶ確認中"),元データ!$A$2:$A$2001&IF(元データ!$AP$2:$AP$2001<>"","（"&MID(元データ!$AP$2:$AP$2001,2,100)&")",""),"")),"") | AV38: =SUMPRODUCT((元データ!$AL$2:$AL$2001=1)*(元データ!$AN$2:$AN$2001=1)*(元データ!$AE$2:$AE$2001=$C$37)*(元データ!$AO$2:$AO$2001=0)*(元データ!$AM$2:$AM$2001>=22)*(元データ!$AM$2:$AM$2001<=30)*(元データ!$E$2:$E$2001="40 差戻し")) | AW38: =IFERROR(_xlfn.TEXTJOIN(CHAR(10),TRUE,IF((元データ!$AL$2:$AL$2001=1)*(元データ!$AN$2:$AN$2001=1)*(元データ!$AE$2:$AE$2001=$C$37)*(元データ!$AO$2:$AO$2001=0)*(元データ!$AM$2:$AM$2001>=22)*(元データ!$AM$2:$AM$2001<=30)*(元データ!$E$2:$E$2001="40 差戻し"),元データ!$A$2:$A$2001&IF(元データ!$AP$2:$AP$2001<>"","（"&MID(元データ!$AP$2:$AP$2001,2,100)&")",""),"")),"") | AX38: =SUMPRODUCT((元データ!$AL$2:$AL$2001=1)*(元データ!$AN$2:$AN$2001=1)*(元データ!$AE$2:$AE$2001=$C$37)*(元データ!$AO$2:$AO$2001=0)*(元データ!$AM$2:$AM$2001>=31)) | AY38: =SUMPRODUCT((元データ!$AL$2:$AL$2001=1)*(元データ!$AN$2:$AN$2001=1)*(元データ!$AE$2:$AE$2001=$C$37)*(元データ!$AO$2:$AO$2001=0)*(元データ!$AM$2:$AM$2001>=31)*(元データ!$E$2:$E$2001="20 確認待ち")) | AZ38: =IFERROR(_xlfn.TEXTJOIN(CHAR(10),TRUE,IF((元データ!$AL$2:$AL$2001=1)*(元データ!$AN$2:$AN$2001=1)*(元データ!$AE$2:$AE$2001=$C$37)*(元データ!$AO$2:$AO$2001=0)*(元データ!$AM$2:$AM$2001>=31)*(元データ!$E$2:$E$2001="20 確認待ち"),元データ!$A$2:$A$2001&IF(元データ!$AP$2:$AP$2001<>"","（"&MID(元データ!$AP$2:$AP$2001,2,100)&")",""),"")),"") | BA38: =SUMPRODUCT((元データ!$AL$2:$AL$2001=1)*(元データ!$AN$2:$AN$2001=1)*(元データ!$AE$2:$AE$2001=$C$37)*(元データ!$AO$2:$AO$2001=0)*(元データ!$AM$2:$AM$2001>=31)*(元データ!$E$2:$E$2001="30 申請受付")) | BB38: =IFERROR(_xlfn.TEXTJOIN(CHAR(10),TRUE,IF((元データ!$AL$2:$AL$2001=1)*(元データ!$AN$2:$AN$2001=1)*(元データ!$AE$2:$AE$2001=$C$37)*(元データ!$AO$2:$AO$2001=0)*(元データ!$AM$2:$AM$2001>=31)*(元データ!$E$2:$E$2001="30 申請受付"),元データ!$A$2:$A$2001&IF(元データ!$AP$2:$AP$2001<>"","（"&MID(元データ!$AP$2:$AP$2001,2,100)&")",""),"")),"") | BC38: =SUMPRODUCT((元データ!$AL$2:$AL$2001=1)*(元データ!$AN$2:$AN$2001=1)*(元データ!$AE$2:$AE$2001=$C$37)*(元データ!$AO$2:$AO$2001=0)*(元データ!$AM$2:$AM$2001>=31)*(元データ!$E$2:$E$2001="31 ＯＰ確認中")) | BD38: =IFERROR(_xlfn.TEXTJOIN(CHAR(10),TRUE,IF((元データ!$AL$2:$AL$2001=1)*(元データ!$AN$2:$AN$2001=1)*(元データ!$AE$2:$AE$2001=$C$37)*(元データ!$AO$2:$AO$2001=0)*(元データ!$AM$2:$AM$2001>=31)*(元データ!$E$2:$E$2001="31 ＯＰ確認中"),元データ!$A$2:$A$2001&IF(元データ!$AP$2:$AP$2001<>"","（"&MID(元データ!$AP$2:$AP$2001,2,100)&")",""),"")),"") | BE38: =SUMPRODUCT((元データ!$AL$2:$AL$2001=1)*(元データ!$AN$2:$AN$2001=1)*(元データ!$AE$2:$AE$2001=$C$37)*(元データ!$AO$2:$AO$2001=0)*(元データ!$AM$2:$AM$2001>=31)*(元データ!$E$2:$E$2001="32 ＳＶ確認中")) | BF38: =IFERROR(_xlfn.TEXTJOIN(CHAR(10),TRUE,IF((元データ!$AL$2:$AL$2001=1)*(元データ!$AN$2:$AN$2001=1)*(元データ!$AE$2:$AE$2001=$C$37)*(元データ!$AO$2:$AO$2001=0)*(元データ!$AM$2:$AM$2001>=31)*(元データ!$E$2:$E$2001="32 ＳＶ確認中"),元データ!$A$2:$A$2001&IF(元データ!$AP$2:$AP$2001<>"","（"&MID(元データ!$AP$2:$AP$2001,2,100)&")",""),"")),"") | BG38: =SUMPRODUCT((元データ!$AL$2:$AL$2001=1)*(元データ!$AN$2:$AN$2001=1)*(元データ!$AE$2:$AE$2001=$C$37)*(元データ!$AO$2:$AO$2001=0)*(元データ!$AM$2:$AM$2001>=31)*(元データ!$E$2:$E$2001="40 差戻し")) | BH38: =IFERROR(_xlfn.TEXTJOIN(CHAR(10),TRUE,IF((元データ!$AL$2:$AL$2001=1)*(元データ!$AN$2:$AN$2001=1)*(元データ!$AE$2:$AE$2001=$C$37)*(元データ!$AO$2:$AO$2001=0)*(元データ!$AM$2:$AM$2001>=31)*(元データ!$E$2:$E$2001="40 差戻し"),元データ!$A$2:$A$2001&IF(元データ!$AP$2:$AP$2001<>"","（"&MID(元データ!$AP$2:$AP$2001,2,100)&")",""),"")),"")
C39: 30 養子縁組 | D39: あり | E39: =SUMPRODUCT((元データ!$AL$2:$AL$2001=1)*(元データ!$AN$2:$AN$2001=1)*(元データ!$AE$2:$AE$2001=$C$39)*(元データ!$AO$2:$AO$2001=1)) | F39: =SUMPRODUCT((元データ!$AL$2:$AL$2001=1)*(元データ!$AN$2:$AN$2001=1)*(元データ!$AE$2:$AE$2001=$C$39)*(元データ!$AO$2:$AO$2001=1)*(元データ!$AM$2:$AM$2001<=7)) | G39: =SUMPRODUCT((元データ!$AL$2:$AL$2001=1)*(元データ!$AN$2:$AN$2001=1)*(元データ!$AE$2:$AE$2001=$C$39)*(元データ!$AO$2:$AO$2001=1)*(元データ!$AM$2:$AM$2001<=7)*(元データ!$E$2:$E$2001="20 確認待ち")) | H39: =IFERROR(_xlfn.TEXTJOIN(CHAR(10),TRUE,IF((元データ!$AL$2:$AL$2001=1)*(元データ!$AN$2:$AN$2001=1)*(元データ!$AE$2:$AE$2001=$C$39)*(元データ!$AO$2:$AO$2001=1)*(元データ!$AM$2:$AM$2001<=7)*(元データ!$E$2:$E$2001="20 確認待ち"),元データ!$A$2:$A$2001&IF(元データ!$AP$2:$AP$2001<>"","（"&MID(元データ!$AP$2:$AP$2001,2,100)&")",""),"")),"") | I39: =SUMPRODUCT((元データ!$AL$2:$AL$2001=1)*(元データ!$AN$2:$AN$2001=1)*(元データ!$AE$2:$AE$2001=$C$39)*(元データ!$AO$2:$AO$2001=1)*(元データ!$AM$2:$AM$2001<=7)*(元データ!$E$2:$E$2001="30 申請受付")) | J39: =IFERROR(_xlfn.TEXTJOIN(CHAR(10),TRUE,IF((元データ!$AL$2:$AL$2001=1)*(元データ!$AN$2:$AN$2001=1)*(元データ!$AE$2:$AE$2001=$C$39)*(元データ!$AO$2:$AO$2001=1)*(元データ!$AM$2:$AM$2001<=7)*(元データ!$E$2:$E$2001="30 申請受付"),元データ!$A$2:$A$2001&IF(元データ!$AP$2:$AP$2001<>"","（"&MID(元データ!$AP$2:$AP$2001,2,100)&")",""),"")),"") | K39: =SUMPRODUCT((元データ!$AL$2:$AL$2001=1)*(元データ!$AN$2:$AN$2001=1)*(元データ!$AE$2:$AE$2001=$C$39)*(元データ!$AO$2:$AO$2001=1)*(元データ!$AM$2:$AM$2001<=7)*(元データ!$E$2:$E$2001="31 ＯＰ確認中")) | L39: =IFERROR(_xlfn.TEXTJOIN(CHAR(10),TRUE,IF((元データ!$AL$2:$AL$2001=1)*(元データ!$AN$2:$AN$2001=1)*(元データ!$AE$2:$AE$2001=$C$39)*(元データ!$AO$2:$AO$2001=1)*(元データ!$AM$2:$AM$2001<=7)*(元データ!$E$2:$E$2001="31 ＯＰ確認中"),元データ!$A$2:$A$2001&IF(元データ!$AP$2:$AP$2001<>"","（"&MID(元データ!$AP$2:$AP$2001,2,100)&")",""),"")),"") | M39: =SUMPRODUCT((元データ!$AL$2:$AL$2001=1)*(元データ!$AN$2:$AN$2001=1)*(元データ!$AE$2:$AE$2001=$C$39)*(元データ!$AO$2:$AO$2001=1)*(元データ!$AM$2:$AM$2001<=7)*(元データ!$E$2:$E$2001="32 ＳＶ確認中")) | N39: =IFERROR(_xlfn.TEXTJOIN(CHAR(10),TRUE,IF((元データ!$AL$2:$AL$2001=1)*(元データ!$AN$2:$AN$2001=1)*(元データ!$AE$2:$AE$2001=$C$39)*(元データ!$AO$2:$AO$2001=1)*(元データ!$AM$2:$AM$2001<=7)*(元データ!$E$2:$E$2001="32 ＳＶ確認中"),元データ!$A$2:$A$2001&IF(元データ!$AP$2:$AP$2001<>"","（"&MID(元データ!$AP$2:$AP$2001,2,100)&")",""),"")),"") | O39: =SUMPRODUCT((元データ!$AL$2:$AL$2001=1)*(元データ!$AN$2:$AN$2001=1)*(元データ!$AE$2:$AE$2001=$C$39)*(元データ!$AO$2:$AO$2001=1)*(元データ!$AM$2:$AM$2001<=7)*(元データ!$E$2:$E$2001="40 差戻し")) | P39: =IFERROR(_xlfn.TEXTJOIN(CHAR(10),TRUE,IF((元データ!$AL$2:$AL$2001=1)*(元データ!$AN$2:$AN$2001=1)*(元データ!$AE$2:$AE$2001=$C$39)*(元データ!$AO$2:$AO$2001=1)*(元データ!$AM$2:$AM$2001<=7)*(元データ!$E$2:$E$2001="40 差戻し"),元データ!$A$2:$A$2001&IF(元データ!$AP$2:$AP$2001<>"","（"&MID(元データ!$AP$2:$AP$2001,2,100)&")",""),"")),"") | Q39: =SUMPRODUCT((元データ!$AL$2:$AL$2001=1)*(元データ!$AN$2:$AN$2001=1)*(元データ!$AE$2:$AE$2001=$C$39)*(元データ!$AO$2:$AO$2001=1)*(元データ!$AM$2:$AM$2001>=8)*(元データ!$AM$2:$AM$2001<=14)) | R39: =SUMPRODUCT((元データ!$AL$2:$AL$2001=1)*(元データ!$AN$2:$AN$2001=1)*(元データ!$AE$2:$AE$2001=$C$39)*(元データ!$AO$2:$AO$2001=1)*(元データ!$AM$2:$AM$2001>=8)*(元データ!$AM$2:$AM$2001<=14)*(元データ!$E$2:$E$2001="20 確認待ち")) | S39: =IFERROR(_xlfn.TEXTJOIN(CHAR(10),TRUE,IF((元データ!$AL$2:$AL$2001=1)*(元データ!$AN$2:$AN$2001=1)*(元データ!$AE$2:$AE$2001=$C$39)*(元データ!$AO$2:$AO$2001=1)*(元データ!$AM$2:$AM$2001>=8)*(元データ!$AM$2:$AM$2001<=14)*(元データ!$E$2:$E$2001="20 確認待ち"),元データ!$A$2:$A$2001&IF(元データ!$AP$2:$AP$2001<>"","（"&MID(元データ!$AP$2:$AP$2001,2,100)&")",""),"")),"") | T39: =SUMPRODUCT((元データ!$AL$2:$AL$2001=1)*(元データ!$AN$2:$AN$2001=1)*(元データ!$AE$2:$AE$2001=$C$39)*(元データ!$AO$2:$AO$2001=1)*(元データ!$AM$2:$AM$2001>=8)*(元データ!$AM$2:$AM$2001<=14)*(元データ!$E$2:$E$2001="30 申請受付")) | U39: =IFERROR(_xlfn.TEXTJOIN(CHAR(10),TRUE,IF((元データ!$AL$2:$AL$2001=1)*(元データ!$AN$2:$AN$2001=1)*(元データ!$AE$2:$AE$2001=$C$39)*(元データ!$AO$2:$AO$2001=1)*(元データ!$AM$2:$AM$2001>=8)*(元データ!$AM$2:$AM$2001<=14)*(元データ!$E$2:$E$2001="30 申請受付"),元データ!$A$2:$A$2001&IF(元データ!$AP$2:$AP$2001<>"","（"&MID(元データ!$AP$2:$AP$2001,2,100)&")",""),"")),"") | V39: =SUMPRODUCT((元データ!$AL$2:$AL$2001=1)*(元データ!$AN$2:$AN$2001=1)*(元データ!$AE$2:$AE$2001=$C$39)*(元データ!$AO$2:$AO$2001=1)*(元データ!$AM$2:$AM$2001>=8)*(元データ!$AM$2:$AM$2001<=14)*(元データ!$E$2:$E$2001="31 ＯＰ確認中")) | W39: =IFERROR(_xlfn.TEXTJOIN(CHAR(10),TRUE,IF((元データ!$AL$2:$AL$2001=1)*(元データ!$AN$2:$AN$2001=1)*(元データ!$AE$2:$AE$2001=$C$39)*(元データ!$AO$2:$AO$2001=1)*(元データ!$AM$2:$AM$2001>=8)*(元データ!$AM$2:$AM$2001<=14)*(元データ!$E$2:$E$2001="31 ＯＰ確認中"),元データ!$A$2:$A$2001&IF(元データ!$AP$2:$AP$2001<>"","（"&MID(元データ!$AP$2:$AP$2001,2,100)&")",""),"")),"") | X39: =SUMPRODUCT((元データ!$AL$2:$AL$2001=1)*(元データ!$AN$2:$AN$2001=1)*(元データ!$AE$2:$AE$2001=$C$39)*(元データ!$AO$2:$AO$2001=1)*(元データ!$AM$2:$AM$2001>=8)*(元データ!$AM$2:$AM$2001<=14)*(元データ!$E$2:$E$2001="32 ＳＶ確認中")) | Y39: =IFERROR(_xlfn.TEXTJOIN(CHAR(10),TRUE,IF((元データ!$AL$2:$AL$2001=1)*(元データ!$AN$2:$AN$2001=1)*(元データ!$AE$2:$AE$2001=$C$39)*(元データ!$AO$2:$AO$2001=1)*(元データ!$AM$2:$AM$2001>=8)*(元データ!$AM$2:$AM$2001<=14)*(元データ!$E$2:$E$2001="32 ＳＶ確認中"),元データ!$A$2:$A$2001&IF(元データ!$AP$2:$AP$2001<>"","（"&MID(元データ!$AP$2:$AP$2001,2,100)&")",""),"")),"") | Z39: =SUMPRODUCT((元データ!$AL$2:$AL$2001=1)*(元データ!$AN$2:$AN$2001=1)*(元データ!$AE$2:$AE$2001=$C$39)*(元データ!$AO$2:$AO$2001=1)*(元データ!$AM$2:$AM$2001>=8)*(元データ!$AM$2:$AM$2001<=14)*(元データ!$E$2:$E$2001="40 差戻し")) | AA39: =IFERROR(_xlfn.TEXTJOIN(CHAR(10),TRUE,IF((元データ!$AL$2:$AL$2001=1)*(元データ!$AN$2:$AN$2001=1)*(元データ!$AE$2:$AE$2001=$C$39)*(元データ!$AO$2:$AO$2001=1)*(元データ!$AM$2:$AM$2001>=8)*(元データ!$AM$2:$AM$2001<=14)*(元データ!$E$2:$E$2001="40 差戻し"),元データ!$A$2:$A$2001&IF(元データ!$AP$2:$AP$2001<>"","（"&MID(元データ!$AP$2:$AP$2001,2,100)&")",""),"")),"") | AB39: =SUMPRODUCT((元データ!$AL$2:$AL$2001=1)*(元データ!$AN$2:$AN$2001=1)*(元データ!$AE$2:$AE$2001=$C$39)*(元データ!$AO$2:$AO$2001=1)*(元データ!$AM$2:$AM$2001>=15)*(元データ!$AM$2:$AM$2001<=21)) | AC39: =SUMPRODUCT((元データ!$AL$2:$AL$2001=1)*(元データ!$AN$2:$AN$2001=1)*(元データ!$AE$2:$AE$2001=$C$39)*(元データ!$AO$2:$AO$2001=1)*(元データ!$AM$2:$AM$2001>=15)*(元データ!$AM$2:$AM$2001<=21)*(元データ!$E$2:$E$2001="20 確認待ち")) | AD39: =IFERROR(_xlfn.TEXTJOIN(CHAR(10),TRUE,IF((元データ!$AL$2:$AL$2001=1)*(元データ!$AN$2:$AN$2001=1)*(元データ!$AE$2:$AE$2001=$C$39)*(元データ!$AO$2:$AO$2001=1)*(元データ!$AM$2:$AM$2001>=15)*(元データ!$AM$2:$AM$2001<=21)*(元データ!$E$2:$E$2001="20 確認待ち"),元データ!$A$2:$A$2001&IF(元データ!$AP$2:$AP$2001<>"","（"&MID(元データ!$AP$2:$AP$2001,2,100)&")",""),"")),"") | AE39: =SUMPRODUCT((元データ!$AL$2:$AL$2001=1)*(元データ!$AN$2:$AN$2001=1)*(元データ!$AE$2:$AE$2001=$C$39)*(元データ!$AO$2:$AO$2001=1)*(元データ!$AM$2:$AM$2001>=15)*(元データ!$AM$2:$AM$2001<=21)*(元データ!$E$2:$E$2001="30 申請受付")) | AF39: =IFERROR(_xlfn.TEXTJOIN(CHAR(10),TRUE,IF((元データ!$AL$2:$AL$2001=1)*(元データ!$AN$2:$AN$2001=1)*(元データ!$AE$2:$AE$2001=$C$39)*(元データ!$AO$2:$AO$2001=1)*(元データ!$AM$2:$AM$2001>=15)*(元データ!$AM$2:$AM$2001<=21)*(元データ!$E$2:$E$2001="30 申請受付"),元データ!$A$2:$A$2001&IF(元データ!$AP$2:$AP$2001<>"","（"&MID(元データ!$AP$2:$AP$2001,2,100)&")",""),"")),"") | AG39: =SUMPRODUCT((元データ!$AL$2:$AL$2001=1)*(元データ!$AN$2:$AN$2001=1)*(元データ!$AE$2:$AE$2001=$C$39)*(元データ!$AO$2:$AO$2001=1)*(元データ!$AM$2:$AM$2001>=15)*(元データ!$AM$2:$AM$2001<=21)*(元データ!$E$2:$E$2001="31 ＯＰ確認中")) | AH39: =IFERROR(_xlfn.TEXTJOIN(CHAR(10),TRUE,IF((元データ!$AL$2:$AL$2001=1)*(元データ!$AN$2:$AN$2001=1)*(元データ!$AE$2:$AE$2001=$C$39)*(元データ!$AO$2:$AO$2001=1)*(元データ!$AM$2:$AM$2001>=15)*(元データ!$AM$2:$AM$2001<=21)*(元データ!$E$2:$E$2001="31 ＯＰ確認中"),元データ!$A$2:$A$2001&IF(元データ!$AP$2:$AP$2001<>"","（"&MID(元データ!$AP$2:$AP$2001,2,100)&")",""),"")),"") | AI39: =SUMPRODUCT((元データ!$AL$2:$AL$2001=1)*(元データ!$AN$2:$AN$2001=1)*(元データ!$AE$2:$AE$2001=$C$39)*(元データ!$AO$2:$AO$2001=1)*(元データ!$AM$2:$AM$2001>=15)*(元データ!$AM$2:$AM$2001<=21)*(元データ!$E$2:$E$2001="32 ＳＶ確認中")) | AJ39: =IFERROR(_xlfn.TEXTJOIN(CHAR(10),TRUE,IF((元データ!$AL$2:$AL$2001=1)*(元データ!$AN$2:$AN$2001=1)*(元データ!$AE$2:$AE$2001=$C$39)*(元データ!$AO$2:$AO$2001=1)*(元データ!$AM$2:$AM$2001>=15)*(元データ!$AM$2:$AM$2001<=21)*(元データ!$E$2:$E$2001="32 ＳＶ確認中"),元データ!$A$2:$A$2001&IF(元データ!$AP$2:$AP$2001<>"","（"&MID(元データ!$AP$2:$AP$2001,2,100)&")",""),"")),"") | AK39: =SUMPRODUCT((元データ!$AL$2:$AL$2001=1)*(元データ!$AN$2:$AN$2001=1)*(元データ!$AE$2:$AE$2001=$C$39)*(元データ!$AO$2:$AO$2001=1)*(元データ!$AM$2:$AM$2001>=15)*(元データ!$AM$2:$AM$2001<=21)*(元データ!$E$2:$E$2001="40 差戻し")) | AL39: =IFERROR(_xlfn.TEXTJOIN(CHAR(10),TRUE,IF((元データ!$AL$2:$AL$2001=1)*(元データ!$AN$2:$AN$2001=1)*(元データ!$AE$2:$AE$2001=$C$39)*(元データ!$AO$2:$AO$2001=1)*(元データ!$AM$2:$AM$2001>=15)*(元データ!$AM$2:$AM$2001<=21)*(元データ!$E$2:$E$2001="40 差戻し"),元データ!$A$2:$A$2001&IF(元データ!$AP$2:$AP$2001<>"","（"&MID(元データ!$AP$2:$AP$2001,2,100)&")",""),"")),"") | AM39: =SUMPRODUCT((元データ!$AL$2:$AL$2001=1)*(元データ!$AN$2:$AN$2001=1)*(元データ!$AE$2:$AE$2001=$C$39)*(元データ!$AO$2:$AO$2001=1)*(元データ!$AM$2:$AM$2001>=22)*(元データ!$AM$2:$AM$2001<=30)) | AN39: =SUMPRODUCT((元データ!$AL$2:$AL$2001=1)*(元データ!$AN$2:$AN$2001=1)*(元データ!$AE$2:$AE$2001=$C$39)*(元データ!$AO$2:$AO$2001=1)*(元データ!$AM$2:$AM$2001>=22)*(元データ!$AM$2:$AM$2001<=30)*(元データ!$E$2:$E$2001="20 確認待ち")) | AO39: =IFERROR(_xlfn.TEXTJOIN(CHAR(10),TRUE,IF((元データ!$AL$2:$AL$2001=1)*(元データ!$AN$2:$AN$2001=1)*(元データ!$AE$2:$AE$2001=$C$39)*(元データ!$AO$2:$AO$2001=1)*(元データ!$AM$2:$AM$2001>=22)*(元データ!$AM$2:$AM$2001<=30)*(元データ!$E$2:$E$2001="20 確認待ち"),元データ!$A$2:$A$2001&IF(元データ!$AP$2:$AP$2001<>"","（"&MID(元データ!$AP$2:$AP$2001,2,100)&")",""),"")),"") | AP39: =SUMPRODUCT((元データ!$AL$2:$AL$2001=1)*(元データ!$AN$2:$AN$2001=1)*(元データ!$AE$2:$AE$2001=$C$39)*(元データ!$AO$2:$AO$2001=1)*(元データ!$AM$2:$AM$2001>=22)*(元データ!$AM$2:$AM$2001<=30)*(元データ!$E$2:$E$2001="30 申請受付")) | AQ39: =IFERROR(_xlfn.TEXTJOIN(CHAR(10),TRUE,IF((元データ!$AL$2:$AL$2001=1)*(元データ!$AN$2:$AN$2001=1)*(元データ!$AE$2:$AE$2001=$C$39)*(元データ!$AO$2:$AO$2001=1)*(元データ!$AM$2:$AM$2001>=22)*(元データ!$AM$2:$AM$2001<=30)*(元データ!$E$2:$E$2001="30 申請受付"),元データ!$A$2:$A$2001&IF(元データ!$AP$2:$AP$2001<>"","（"&MID(元データ!$AP$2:$AP$2001,2,100)&")",""),"")),"") | AR39: =SUMPRODUCT((元データ!$AL$2:$AL$2001=1)*(元データ!$AN$2:$AN$2001=1)*(元データ!$AE$2:$AE$2001=$C$39)*(元データ!$AO$2:$AO$2001=1)*(元データ!$AM$2:$AM$2001>=22)*(元データ!$AM$2:$AM$2001<=30)*(元データ!$E$2:$E$2001="31 ＯＰ確認中")) | AS39: =IFERROR(_xlfn.TEXTJOIN(CHAR(10),TRUE,IF((元データ!$AL$2:$AL$2001=1)*(元データ!$AN$2:$AN$2001=1)*(元データ!$AE$2:$AE$2001=$C$39)*(元データ!$AO$2:$AO$2001=1)*(元データ!$AM$2:$AM$2001>=22)*(元データ!$AM$2:$AM$2001<=30)*(元データ!$E$2:$E$2001="31 ＯＰ確認中"),元データ!$A$2:$A$2001&IF(元データ!$AP$2:$AP$2001<>"","（"&MID(元データ!$AP$2:$AP$2001,2,100)&")",""),"")),"") | AT39: =SUMPRODUCT((元データ!$AL$2:$AL$2001=1)*(元データ!$AN$2:$AN$2001=1)*(元データ!$AE$2:$AE$2001=$C$39)*(元データ!$AO$2:$AO$2001=1)*(元データ!$AM$2:$AM$2001>=22)*(元データ!$AM$2:$AM$2001<=30)*(元データ!$E$2:$E$2001="32 ＳＶ確認中")) | AU39: =IFERROR(_xlfn.TEXTJOIN(CHAR(10),TRUE,IF((元データ!$AL$2:$AL$2001=1)*(元データ!$AN$2:$AN$2001=1)*(元データ!$AE$2:$AE$2001=$C$39)*(元データ!$AO$2:$AO$2001=1)*(元データ!$AM$2:$AM$2001>=22)*(元データ!$AM$2:$AM$2001<=30)*(元データ!$E$2:$E$2001="32 ＳＶ確認中"),元データ!$A$2:$A$2001&IF(元データ!$AP$2:$AP$2001<>"","（"&MID(元データ!$AP$2:$AP$2001,2,100)&")",""),"")),"") | AV39: =SUMPRODUCT((元データ!$AL$2:$AL$2001=1)*(元データ!$AN$2:$AN$2001=1)*(元データ!$AE$2:$AE$2001=$C$39)*(元データ!$AO$2:$AO$2001=1)*(元データ!$AM$2:$AM$2001>=22)*(元データ!$AM$2:$AM$2001<=30)*(元データ!$E$2:$E$2001="40 差戻し")) | AW39: =IFERROR(_xlfn.TEXTJOIN(CHAR(10),TRUE,IF((元データ!$AL$2:$AL$2001=1)*(元データ!$AN$2:$AN$2001=1)*(元データ!$AE$2:$AE$2001=$C$39)*(元データ!$AO$2:$AO$2001=1)*(元データ!$AM$2:$AM$2001>=22)*(元データ!$AM$2:$AM$2001<=30)*(元データ!$E$2:$E$2001="40 差戻し"),元データ!$A$2:$A$2001&IF(元データ!$AP$2:$AP$2001<>"","（"&MID(元データ!$AP$2:$AP$2001,2,100)&")",""),"")),"") | AX39: =SUMPRODUCT((元データ!$AL$2:$AL$2001=1)*(元データ!$AN$2:$AN$2001=1)*(元データ!$AE$2:$AE$2001=$C$39)*(元データ!$AO$2:$AO$2001=1)*(元データ!$AM$2:$AM$2001>=31)) | AY39: =SUMPRODUCT((元データ!$AL$2:$AL$2001=1)*(元データ!$AN$2:$AN$2001=1)*(元データ!$AE$2:$AE$2001=$C$39)*(元データ!$AO$2:$AO$2001=1)*(元データ!$AM$2:$AM$2001>=31)*(元データ!$E$2:$E$2001="20 確認待ち")) | AZ39: =IFERROR(_xlfn.TEXTJOIN(CHAR(10),TRUE,IF((元データ!$AL$2:$AL$2001=1)*(元データ!$AN$2:$AN$2001=1)*(元データ!$AE$2:$AE$2001=$C$39)*(元データ!$AO$2:$AO$2001=1)*(元データ!$AM$2:$AM$2001>=31)*(元データ!$E$2:$E$2001="20 確認待ち"),元データ!$A$2:$A$2001&IF(元データ!$AP$2:$AP$2001<>"","（"&MID(元データ!$AP$2:$AP$2001,2,100)&")",""),"")),"") | BA39: =SUMPRODUCT((元データ!$AL$2:$AL$2001=1)*(元データ!$AN$2:$AN$2001=1)*(元データ!$AE$2:$AE$2001=$C$39)*(元データ!$AO$2:$AO$2001=1)*(元データ!$AM$2:$AM$2001>=31)*(元データ!$E$2:$E$2001="30 申請受付")) | BB39: =IFERROR(_xlfn.TEXTJOIN(CHAR(10),TRUE,IF((元データ!$AL$2:$AL$2001=1)*(元データ!$AN$2:$AN$2001=1)*(元データ!$AE$2:$AE$2001=$C$39)*(元データ!$AO$2:$AO$2001=1)*(元データ!$AM$2:$AM$2001>=31)*(元データ!$E$2:$E$2001="30 申請受付"),元データ!$A$2:$A$2001&IF(元データ!$AP$2:$AP$2001<>"","（"&MID(元データ!$AP$2:$AP$2001,2,100)&")",""),"")),"") | BC39: =SUMPRODUCT((元データ!$AL$2:$AL$2001=1)*(元データ!$AN$2:$AN$2001=1)*(元データ!$AE$2:$AE$2001=$C$39)*(元データ!$AO$2:$AO$2001=1)*(元データ!$AM$2:$AM$2001>=31)*(元データ!$E$2:$E$2001="31 ＯＰ確認中")) | BD39: =IFERROR(_xlfn.TEXTJOIN(CHAR(10),TRUE,IF((元データ!$AL$2:$AL$2001=1)*(元データ!$AN$2:$AN$2001=1)*(元データ!$AE$2:$AE$2001=$C$39)*(元データ!$AO$2:$AO$2001=1)*(元データ!$AM$2:$AM$2001>=31)*(元データ!$E$2:$E$2001="31 ＯＰ確認中"),元データ!$A$2:$A$2001&IF(元データ!$AP$2:$AP$2001<>"","（"&MID(元データ!$AP$2:$AP$2001,2,100)&")",""),"")),"") | BE39: =SUMPRODUCT((元データ!$AL$2:$AL$2001=1)*(元データ!$AN$2:$AN$2001=1)*(元データ!$AE$2:$AE$2001=$C$39)*(元データ!$AO$2:$AO$2001=1)*(元データ!$AM$2:$AM$2001>=31)*(元データ!$E$2:$E$2001="32 ＳＶ確認中")) | BF39: =IFERROR(_xlfn.TEXTJOIN(CHAR(10),TRUE,IF((元データ!$AL$2:$AL$2001=1)*(元データ!$AN$2:$AN$2001=1)*(元データ!$AE$2:$AE$2001=$C$39)*(元データ!$AO$2:$AO$2001=1)*(元データ!$AM$2:$AM$2001>=31)*(元データ!$E$2:$E$2001="32 ＳＶ確認中"),元データ!$A$2:$A$2001&IF(元データ!$AP$2:$AP$2001<>"","（"&MID(元データ!$AP$2:$AP$2001,2,100)&")",""),"")),"") | BG39: =SUMPRODUCT((元データ!$AL$2:$AL$2001=1)*(元データ!$AN$2:$AN$2001=1)*(元データ!$AE$2:$AE$2001=$C$39)*(元データ!$AO$2:$AO$2001=1)*(元データ!$AM$2:$AM$2001>=31)*(元データ!$E$2:$E$2001="40 差戻し")) | BH39: =IFERROR(_xlfn.TEXTJOIN(CHAR(10),TRUE,IF((元データ!$AL$2:$AL$2001=1)*(元データ!$AN$2:$AN$2001=1)*(元データ!$AE$2:$AE$2001=$C$39)*(元データ!$AO$2:$AO$2001=1)*(元データ!$AM$2:$AM$2001>=31)*(元データ!$E$2:$E$2001="40 差戻し"),元データ!$A$2:$A$2001&IF(元データ!$AP$2:$AP$2001<>"","（"&MID(元データ!$AP$2:$AP$2001,2,100)&")",""),"")),"")
D40: なし | E40: =SUMPRODUCT((元データ!$AL$2:$AL$2001=1)*(元データ!$AN$2:$AN$2001=1)*(元データ!$AE$2:$AE$2001=$C$39)*(元データ!$AO$2:$AO$2001=0)) | F40: =SUMPRODUCT((元データ!$AL$2:$AL$2001=1)*(元データ!$AN$2:$AN$2001=1)*(元データ!$AE$2:$AE$2001=$C$39)*(元データ!$AO$2:$AO$2001=0)*(元データ!$AM$2:$AM$2001<=7)) | G40: =SUMPRODUCT((元データ!$AL$2:$AL$2001=1)*(元データ!$AN$2:$AN$2001=1)*(元データ!$AE$2:$AE$2001=$C$39)*(元データ!$AO$2:$AO$2001=0)*(元データ!$AM$2:$AM$2001<=7)*(元データ!$E$2:$E$2001="20 確認待ち")) | H40: =IFERROR(_xlfn.TEXTJOIN(CHAR(10),TRUE,IF((元データ!$AL$2:$AL$2001=1)*(元データ!$AN$2:$AN$2001=1)*(元データ!$AE$2:$AE$2001=$C$39)*(元データ!$AO$2:$AO$2001=0)*(元データ!$AM$2:$AM$2001<=7)*(元データ!$E$2:$E$2001="20 確認待ち"),元データ!$A$2:$A$2001&IF(元データ!$AP$2:$AP$2001<>"","（"&MID(元データ!$AP$2:$AP$2001,2,100)&")",""),"")),"") | I40: =SUMPRODUCT((元データ!$AL$2:$AL$2001=1)*(元データ!$AN$2:$AN$2001=1)*(元データ!$AE$2:$AE$2001=$C$39)*(元データ!$AO$2:$AO$2001=0)*(元データ!$AM$2:$AM$2001<=7)*(元データ!$E$2:$E$2001="30 申請受付")) | J40: =IFERROR(_xlfn.TEXTJOIN(CHAR(10),TRUE,IF((元データ!$AL$2:$AL$2001=1)*(元データ!$AN$2:$AN$2001=1)*(元データ!$AE$2:$AE$2001=$C$39)*(元データ!$AO$2:$AO$2001=0)*(元データ!$AM$2:$AM$2001<=7)*(元データ!$E$2:$E$2001="30 申請受付"),元データ!$A$2:$A$2001&IF(元データ!$AP$2:$AP$2001<>"","（"&MID(元データ!$AP$2:$AP$2001,2,100)&")",""),"")),"") | K40: =SUMPRODUCT((元データ!$AL$2:$AL$2001=1)*(元データ!$AN$2:$AN$2001=1)*(元データ!$AE$2:$AE$2001=$C$39)*(元データ!$AO$2:$AO$2001=0)*(元データ!$AM$2:$AM$2001<=7)*(元データ!$E$2:$E$2001="31 ＯＰ確認中")) | L40: =IFERROR(_xlfn.TEXTJOIN(CHAR(10),TRUE,IF((元データ!$AL$2:$AL$2001=1)*(元データ!$AN$2:$AN$2001=1)*(元データ!$AE$2:$AE$2001=$C$39)*(元データ!$AO$2:$AO$2001=0)*(元データ!$AM$2:$AM$2001<=7)*(元データ!$E$2:$E$2001="31 ＯＰ確認中"),元データ!$A$2:$A$2001&IF(元データ!$AP$2:$AP$2001<>"","（"&MID(元データ!$AP$2:$AP$2001,2,100)&")",""),"")),"") | M40: =SUMPRODUCT((元データ!$AL$2:$AL$2001=1)*(元データ!$AN$2:$AN$2001=1)*(元データ!$AE$2:$AE$2001=$C$39)*(元データ!$AO$2:$AO$2001=0)*(元データ!$AM$2:$AM$2001<=7)*(元データ!$E$2:$E$2001="32 ＳＶ確認中")) | N40: =IFERROR(_xlfn.TEXTJOIN(CHAR(10),TRUE,IF((元データ!$AL$2:$AL$2001=1)*(元データ!$AN$2:$AN$2001=1)*(元データ!$AE$2:$AE$2001=$C$39)*(元データ!$AO$2:$AO$2001=0)*(元データ!$AM$2:$AM$2001<=7)*(元データ!$E$2:$E$2001="32 ＳＶ確認中"),元データ!$A$2:$A$2001&IF(元データ!$AP$2:$AP$2001<>"","（"&MID(元データ!$AP$2:$AP$2001,2,100)&")",""),"")),"") | O40: =SUMPRODUCT((元データ!$AL$2:$AL$2001=1)*(元データ!$AN$2:$AN$2001=1)*(元データ!$AE$2:$AE$2001=$C$39)*(元データ!$AO$2:$AO$2001=0)*(元データ!$AM$2:$AM$2001<=7)*(元データ!$E$2:$E$2001="40 差戻し")) | P40: =IFERROR(_xlfn.TEXTJOIN(CHAR(10),TRUE,IF((元データ!$AL$2:$AL$2001=1)*(元データ!$AN$2:$AN$2001=1)*(元データ!$AE$2:$AE$2001=$C$39)*(元データ!$AO$2:$AO$2001=0)*(元データ!$AM$2:$AM$2001<=7)*(元データ!$E$2:$E$2001="40 差戻し"),元データ!$A$2:$A$2001&IF(元データ!$AP$2:$AP$2001<>"","（"&MID(元データ!$AP$2:$AP$2001,2,100)&")",""),"")),"") | Q40: =SUMPRODUCT((元データ!$AL$2:$AL$2001=1)*(元データ!$AN$2:$AN$2001=1)*(元データ!$AE$2:$AE$2001=$C$39)*(元データ!$AO$2:$AO$2001=0)*(元データ!$AM$2:$AM$2001>=8)*(元データ!$AM$2:$AM$2001<=14)) | R40: =SUMPRODUCT((元データ!$AL$2:$AL$2001=1)*(元データ!$AN$2:$AN$2001=1)*(元データ!$AE$2:$AE$2001=$C$39)*(元データ!$AO$2:$AO$2001=0)*(元データ!$AM$2:$AM$2001>=8)*(元データ!$AM$2:$AM$2001<=14)*(元データ!$E$2:$E$2001="20 確認待ち")) | S40: =IFERROR(_xlfn.TEXTJOIN(CHAR(10),TRUE,IF((元データ!$AL$2:$AL$2001=1)*(元データ!$AN$2:$AN$2001=1)*(元データ!$AE$2:$AE$2001=$C$39)*(元データ!$AO$2:$AO$2001=0)*(元データ!$AM$2:$AM$2001>=8)*(元データ!$AM$2:$AM$2001<=14)*(元データ!$E$2:$E$2001="20 確認待ち"),元データ!$A$2:$A$2001&IF(元データ!$AP$2:$AP$2001<>"","（"&MID(元データ!$AP$2:$AP$2001,2,100)&")",""),"")),"") | T40: =SUMPRODUCT((元データ!$AL$2:$AL$2001=1)*(元データ!$AN$2:$AN$2001=1)*(元データ!$AE$2:$AE$2001=$C$39)*(元データ!$AO$2:$AO$2001=0)*(元データ!$AM$2:$AM$2001>=8)*(元データ!$AM$2:$AM$2001<=14)*(元データ!$E$2:$E$2001="30 申請受付")) | U40: =IFERROR(_xlfn.TEXTJOIN(CHAR(10),TRUE,IF((元データ!$AL$2:$AL$2001=1)*(元データ!$AN$2:$AN$2001=1)*(元データ!$AE$2:$AE$2001=$C$39)*(元データ!$AO$2:$AO$2001=0)*(元データ!$AM$2:$AM$2001>=8)*(元データ!$AM$2:$AM$2001<=14)*(元データ!$E$2:$E$2001="30 申請受付"),元データ!$A$2:$A$2001&IF(元データ!$AP$2:$AP$2001<>"","（"&MID(元データ!$AP$2:$AP$2001,2,100)&")",""),"")),"") | V40: =SUMPRODUCT((元データ!$AL$2:$AL$2001=1)*(元データ!$AN$2:$AN$2001=1)*(元データ!$AE$2:$AE$2001=$C$39)*(元データ!$AO$2:$AO$2001=0)*(元データ!$AM$2:$AM$2001>=8)*(元データ!$AM$2:$AM$2001<=14)*(元データ!$E$2:$E$2001="31 ＯＰ確認中")) | W40: =IFERROR(_xlfn.TEXTJOIN(CHAR(10),TRUE,IF((元データ!$AL$2:$AL$2001=1)*(元データ!$AN$2:$AN$2001=1)*(元データ!$AE$2:$AE$2001=$C$39)*(元データ!$AO$2:$AO$2001=0)*(元データ!$AM$2:$AM$2001>=8)*(元データ!$AM$2:$AM$2001<=14)*(元データ!$E$2:$E$2001="31 ＯＰ確認中"),元データ!$A$2:$A$2001&IF(元データ!$AP$2:$AP$2001<>"","（"&MID(元データ!$AP$2:$AP$2001,2,100)&")",""),"")),"") | X40: =SUMPRODUCT((元データ!$AL$2:$AL$2001=1)*(元データ!$AN$2:$AN$2001=1)*(元データ!$AE$2:$AE$2001=$C$39)*(元データ!$AO$2:$AO$2001=0)*(元データ!$AM$2:$AM$2001>=8)*(元データ!$AM$2:$AM$2001<=14)*(元データ!$E$2:$E$2001="32 ＳＶ確認中")) | Y40: =IFERROR(_xlfn.TEXTJOIN(CHAR(10),TRUE,IF((元データ!$AL$2:$AL$2001=1)*(元データ!$AN$2:$AN$2001=1)*(元データ!$AE$2:$AE$2001=$C$39)*(元データ!$AO$2:$AO$2001=0)*(元データ!$AM$2:$AM$2001>=8)*(元データ!$AM$2:$AM$2001<=14)*(元データ!$E$2:$E$2001="32 ＳＶ確認中"),元データ!$A$2:$A$2001&IF(元データ!$AP$2:$AP$2001<>"","（"&MID(元データ!$AP$2:$AP$2001,2,100)&")",""),"")),"") | Z40: =SUMPRODUCT((元データ!$AL$2:$AL$2001=1)*(元データ!$AN$2:$AN$2001=1)*(元データ!$AE$2:$AE$2001=$C$39)*(元データ!$AO$2:$AO$2001=0)*(元データ!$AM$2:$AM$2001>=8)*(元データ!$AM$2:$AM$2001<=14)*(元データ!$E$2:$E$2001="40 差戻し")) | AA40: =IFERROR(_xlfn.TEXTJOIN(CHAR(10),TRUE,IF((元データ!$AL$2:$AL$2001=1)*(元データ!$AN$2:$AN$2001=1)*(元データ!$AE$2:$AE$2001=$C$39)*(元データ!$AO$2:$AO$2001=0)*(元データ!$AM$2:$AM$2001>=8)*(元データ!$AM$2:$AM$2001<=14)*(元データ!$E$2:$E$2001="40 差戻し"),元データ!$A$2:$A$2001&IF(元データ!$AP$2:$AP$2001<>"","（"&MID(元データ!$AP$2:$AP$2001,2,100)&")",""),"")),"") | AB40: =SUMPRODUCT((元データ!$AL$2:$AL$2001=1)*(元データ!$AN$2:$AN$2001=1)*(元データ!$AE$2:$AE$2001=$C$39)*(元データ!$AO$2:$AO$2001=0)*(元データ!$AM$2:$AM$2001>=15)*(元データ!$AM$2:$AM$2001<=21)) | AC40: =SUMPRODUCT((元データ!$AL$2:$AL$2001=1)*(元データ!$AN$2:$AN$2001=1)*(元データ!$AE$2:$AE$2001=$C$39)*(元データ!$AO$2:$AO$2001=0)*(元データ!$AM$2:$AM$2001>=15)*(元データ!$AM$2:$AM$2001<=21)*(元データ!$E$2:$E$2001="20 確認待ち")) | AD40: =IFERROR(_xlfn.TEXTJOIN(CHAR(10),TRUE,IF((元データ!$AL$2:$AL$2001=1)*(元データ!$AN$2:$AN$2001=1)*(元データ!$AE$2:$AE$2001=$C$39)*(元データ!$AO$2:$AO$2001=0)*(元データ!$AM$2:$AM$2001>=15)*(元データ!$AM$2:$AM$2001<=21)*(元データ!$E$2:$E$2001="20 確認待ち"),元データ!$A$2:$A$2001&IF(元データ!$AP$2:$AP$2001<>"","（"&MID(元データ!$AP$2:$AP$2001,2,100)&")",""),"")),"") | AE40: =SUMPRODUCT((元データ!$AL$2:$AL$2001=1)*(元データ!$AN$2:$AN$2001=1)*(元データ!$AE$2:$AE$2001=$C$39)*(元データ!$AO$2:$AO$2001=0)*(元データ!$AM$2:$AM$2001>=15)*(元データ!$AM$2:$AM$2001<=21)*(元データ!$E$2:$E$2001="30 申請受付")) | AF40: =IFERROR(_xlfn.TEXTJOIN(CHAR(10),TRUE,IF((元データ!$AL$2:$AL$2001=1)*(元データ!$AN$2:$AN$2001=1)*(元データ!$AE$2:$AE$2001=$C$39)*(元データ!$AO$2:$AO$2001=0)*(元データ!$AM$2:$AM$2001>=15)*(元データ!$AM$2:$AM$2001<=21)*(元データ!$E$2:$E$2001="30 申請受付"),元データ!$A$2:$A$2001&IF(元データ!$AP$2:$AP$2001<>"","（"&MID(元データ!$AP$2:$AP$2001,2,100)&")",""),"")),"") | AG40: =SUMPRODUCT((元データ!$AL$2:$AL$2001=1)*(元データ!$AN$2:$AN$2001=1)*(元データ!$AE$2:$AE$2001=$C$39)*(元データ!$AO$2:$AO$2001=0)*(元データ!$AM$2:$AM$2001>=15)*(元データ!$AM$2:$AM$2001<=21)*(元データ!$E$2:$E$2001="31 ＯＰ確認中")) | AH40: =IFERROR(_xlfn.TEXTJOIN(CHAR(10),TRUE,IF((元データ!$AL$2:$AL$2001=1)*(元データ!$AN$2:$AN$2001=1)*(元データ!$AE$2:$AE$2001=$C$39)*(元データ!$AO$2:$AO$2001=0)*(元データ!$AM$2:$AM$2001>=15)*(元データ!$AM$2:$AM$2001<=21)*(元データ!$E$2:$E$2001="31 ＯＰ確認中"),元データ!$A$2:$A$2001&IF(元データ!$AP$2:$AP$2001<>"","（"&MID(元データ!$AP$2:$AP$2001,2,100)&")",""),"")),"") | AI40: =SUMPRODUCT((元データ!$AL$2:$AL$2001=1)*(元データ!$AN$2:$AN$2001=1)*(元データ!$AE$2:$AE$2001=$C$39)*(元データ!$AO$2:$AO$2001=0)*(元データ!$AM$2:$AM$2001>=15)*(元データ!$AM$2:$AM$2001<=21)*(元データ!$E$2:$E$2001="32 ＳＶ確認中")) | AJ40: =IFERROR(_xlfn.TEXTJOIN(CHAR(10),TRUE,IF((元データ!$AL$2:$AL$2001=1)*(元データ!$AN$2:$AN$2001=1)*(元データ!$AE$2:$AE$2001=$C$39)*(元データ!$AO$2:$AO$2001=0)*(元データ!$AM$2:$AM$2001>=15)*(元データ!$AM$2:$AM$2001<=21)*(元データ!$E$2:$E$2001="32 ＳＶ確認中"),元データ!$A$2:$A$2001&IF(元データ!$AP$2:$AP$2001<>"","（"&MID(元データ!$AP$2:$AP$2001,2,100)&")",""),"")),"") | AK40: =SUMPRODUCT((元データ!$AL$2:$AL$2001=1)*(元データ!$AN$2:$AN$2001=1)*(元データ!$AE$2:$AE$2001=$C$39)*(元データ!$AO$2:$AO$2001=0)*(元データ!$AM$2:$AM$2001>=15)*(元データ!$AM$2:$AM$2001<=21)*(元データ!$E$2:$E$2001="40 差戻し")) | AL40: =IFERROR(_xlfn.TEXTJOIN(CHAR(10),TRUE,IF((元データ!$AL$2:$AL$2001=1)*(元データ!$AN$2:$AN$2001=1)*(元データ!$AE$2:$AE$2001=$C$39)*(元データ!$AO$2:$AO$2001=0)*(元データ!$AM$2:$AM$2001>=15)*(元データ!$AM$2:$AM$2001<=21)*(元データ!$E$2:$E$2001="40 差戻し"),元データ!$A$2:$A$2001&IF(元データ!$AP$2:$AP$2001<>"","（"&MID(元データ!$AP$2:$AP$2001,2,100)&")",""),"")),"") | AM40: =SUMPRODUCT((元データ!$AL$2:$AL$2001=1)*(元データ!$AN$2:$AN$2001=1)*(元データ!$AE$2:$AE$2001=$C$39)*(元データ!$AO$2:$AO$2001=0)*(元データ!$AM$2:$AM$2001>=22)*(元データ!$AM$2:$AM$2001<=30)) | AN40: =SUMPRODUCT((元データ!$AL$2:$AL$2001=1)*(元データ!$AN$2:$AN$2001=1)*(元データ!$AE$2:$AE$2001=$C$39)*(元データ!$AO$2:$AO$2001=0)*(元データ!$AM$2:$AM$2001>=22)*(元データ!$AM$2:$AM$2001<=30)*(元データ!$E$2:$E$2001="20 確認待ち")) | AO40: =IFERROR(_xlfn.TEXTJOIN(CHAR(10),TRUE,IF((元データ!$AL$2:$AL$2001=1)*(元データ!$AN$2:$AN$2001=1)*(元データ!$AE$2:$AE$2001=$C$39)*(元データ!$AO$2:$AO$2001=0)*(元データ!$AM$2:$AM$2001>=22)*(元データ!$AM$2:$AM$2001<=30)*(元データ!$E$2:$E$2001="20 確認待ち"),元データ!$A$2:$A$2001&IF(元データ!$AP$2:$AP$2001<>"","（"&MID(元データ!$AP$2:$AP$2001,2,100)&")",""),"")),"") | AP40: =SUMPRODUCT((元データ!$AL$2:$AL$2001=1)*(元データ!$AN$2:$AN$2001=1)*(元データ!$AE$2:$AE$2001=$C$39)*(元データ!$AO$2:$AO$2001=0)*(元データ!$AM$2:$AM$2001>=22)*(元データ!$AM$2:$AM$2001<=30)*(元データ!$E$2:$E$2001="30 申請受付")) | AQ40: =IFERROR(_xlfn.TEXTJOIN(CHAR(10),TRUE,IF((元データ!$AL$2:$AL$2001=1)*(元データ!$AN$2:$AN$2001=1)*(元データ!$AE$2:$AE$2001=$C$39)*(元データ!$AO$2:$AO$2001=0)*(元データ!$AM$2:$AM$2001>=22)*(元データ!$AM$2:$AM$2001<=30)*(元データ!$E$2:$E$2001="30 申請受付"),元データ!$A$2:$A$2001&IF(元データ!$AP$2:$AP$2001<>"","（"&MID(元データ!$AP$2:$AP$2001,2,100)&")",""),"")),"") | AR40: =SUMPRODUCT((元データ!$AL$2:$AL$2001=1)*(元データ!$AN$2:$AN$2001=1)*(元データ!$AE$2:$AE$2001=$C$39)*(元データ!$AO$2:$AO$2001=0)*(元データ!$AM$2:$AM$2001>=22)*(元データ!$AM$2:$AM$2001<=30)*(元データ!$E$2:$E$2001="31 ＯＰ確認中")) | AS40: =IFERROR(_xlfn.TEXTJOIN(CHAR(10),TRUE,IF((元データ!$AL$2:$AL$2001=1)*(元データ!$AN$2:$AN$2001=1)*(元データ!$AE$2:$AE$2001=$C$39)*(元データ!$AO$2:$AO$2001=0)*(元データ!$AM$2:$AM$2001>=22)*(元データ!$AM$2:$AM$2001<=30)*(元データ!$E$2:$E$2001="31 ＯＰ確認中"),元データ!$A$2:$A$2001&IF(元データ!$AP$2:$AP$2001<>"","（"&MID(元データ!$AP$2:$AP$2001,2,100)&")",""),"")),"") | AT40: =SUMPRODUCT((元データ!$AL$2:$AL$2001=1)*(元データ!$AN$2:$AN$2001=1)*(元データ!$AE$2:$AE$2001=$C$39)*(元データ!$AO$2:$AO$2001=0)*(元データ!$AM$2:$AM$2001>=22)*(元データ!$AM$2:$AM$2001<=30)*(元データ!$E$2:$E$2001="32 ＳＶ確認中")) | AU40: =IFERROR(_xlfn.TEXTJOIN(CHAR(10),TRUE,IF((元データ!$AL$2:$AL$2001=1)*(元データ!$AN$2:$AN$2001=1)*(元データ!$AE$2:$AE$2001=$C$39)*(元データ!$AO$2:$AO$2001=0)*(元データ!$AM$2:$AM$2001>=22)*(元データ!$AM$2:$AM$2001<=30)*(元データ!$E$2:$E$2001="32 ＳＶ確認中"),元データ!$A$2:$A$2001&IF(元データ!$AP$2:$AP$2001<>"","（"&MID(元データ!$AP$2:$AP$2001,2,100)&")",""),"")),"") | AV40: =SUMPRODUCT((元データ!$AL$2:$AL$2001=1)*(元データ!$AN$2:$AN$2001=1)*(元データ!$AE$2:$AE$2001=$C$39)*(元データ!$AO$2:$AO$2001=0)*(元データ!$AM$2:$AM$2001>=22)*(元データ!$AM$2:$AM$2001<=30)*(元データ!$E$2:$E$2001="40 差戻し")) | AW40: =IFERROR(_xlfn.TEXTJOIN(CHAR(10),TRUE,IF((元データ!$AL$2:$AL$2001=1)*(元データ!$AN$2:$AN$2001=1)*(元データ!$AE$2:$AE$2001=$C$39)*(元データ!$AO$2:$AO$2001=0)*(元データ!$AM$2:$AM$2001>=22)*(元データ!$AM$2:$AM$2001<=30)*(元データ!$E$2:$E$2001="40 差戻し"),元データ!$A$2:$A$2001&IF(元データ!$AP$2:$AP$2001<>"","（"&MID(元データ!$AP$2:$AP$2001,2,100)&")",""),"")),"") | AX40: =SUMPRODUCT((元データ!$AL$2:$AL$2001=1)*(元データ!$AN$2:$AN$2001=1)*(元データ!$AE$2:$AE$2001=$C$39)*(元データ!$AO$2:$AO$2001=0)*(元データ!$AM$2:$AM$2001>=31)) | AY40: =SUMPRODUCT((元データ!$AL$2:$AL$2001=1)*(元データ!$AN$2:$AN$2001=1)*(元データ!$AE$2:$AE$2001=$C$39)*(元データ!$AO$2:$AO$2001=0)*(元データ!$AM$2:$AM$2001>=31)*(元データ!$E$2:$E$2001="20 確認待ち")) | AZ40: =IFERROR(_xlfn.TEXTJOIN(CHAR(10),TRUE,IF((元データ!$AL$2:$AL$2001=1)*(元データ!$AN$2:$AN$2001=1)*(元データ!$AE$2:$AE$2001=$C$39)*(元データ!$AO$2:$AO$2001=0)*(元データ!$AM$2:$AM$2001>=31)*(元データ!$E$2:$E$2001="20 確認待ち"),元データ!$A$2:$A$2001&IF(元データ!$AP$2:$AP$2001<>"","（"&MID(元データ!$AP$2:$AP$2001,2,100)&")",""),"")),"") | BA40: =SUMPRODUCT((元データ!$AL$2:$AL$2001=1)*(元データ!$AN$2:$AN$2001=1)*(元データ!$AE$2:$AE$2001=$C$39)*(元データ!$AO$2:$AO$2001=0)*(元データ!$AM$2:$AM$2001>=31)*(元データ!$E$2:$E$2001="30 申請受付")) | BB40: =IFERROR(_xlfn.TEXTJOIN(CHAR(10),TRUE,IF((元データ!$AL$2:$AL$2001=1)*(元データ!$AN$2:$AN$2001=1)*(元データ!$AE$2:$AE$2001=$C$39)*(元データ!$AO$2:$AO$2001=0)*(元データ!$AM$2:$AM$2001>=31)*(元データ!$E$2:$E$2001="30 申請受付"),元データ!$A$2:$A$2001&IF(元データ!$AP$2:$AP$2001<>"","（"&MID(元データ!$AP$2:$AP$2001,2,100)&")",""),"")),"") | BC40: =SUMPRODUCT((元データ!$AL$2:$AL$2001=1)*(元データ!$AN$2:$AN$2001=1)*(元データ!$AE$2:$AE$2001=$C$39)*(元データ!$AO$2:$AO$2001=0)*(元データ!$AM$2:$AM$2001>=31)*(元データ!$E$2:$E$2001="31 ＯＰ確認中")) | BD40: =IFERROR(_xlfn.TEXTJOIN(CHAR(10),TRUE,IF((元データ!$AL$2:$AL$2001=1)*(元データ!$AN$2:$AN$2001=1)*(元データ!$AE$2:$AE$2001=$C$39)*(元データ!$AO$2:$AO$2001=0)*(元データ!$AM$2:$AM$2001>=31)*(元データ!$E$2:$E$2001="31 ＯＰ確認中"),元データ!$A$2:$A$2001&IF(元データ!$AP$2:$AP$2001<>"","（"&MID(元データ!$AP$2:$AP$2001,2,100)&")",""),"")),"") | BE40: =SUMPRODUCT((元データ!$AL$2:$AL$2001=1)*(元データ!$AN$2:$AN$2001=1)*(元データ!$AE$2:$AE$2001=$C$39)*(元データ!$AO$2:$AO$2001=0)*(元データ!$AM$2:$AM$2001>=31)*(元データ!$E$2:$E$2001="32 ＳＶ確認中")) | BF40: =IFERROR(_xlfn.TEXTJOIN(CHAR(10),TRUE,IF((元データ!$AL$2:$AL$2001=1)*(元データ!$AN$2:$AN$2001=1)*(元データ!$AE$2:$AE$2001=$C$39)*(元データ!$AO$2:$AO$2001=0)*(元データ!$AM$2:$AM$2001>=31)*(元データ!$E$2:$E$2001="32 ＳＶ確認中"),元データ!$A$2:$A$2001&IF(元データ!$AP$2:$AP$2001<>"","（"&MID(元データ!$AP$2:$AP$2001,2,100)&")",""),"")),"") | BG40: =SUMPRODUCT((元データ!$AL$2:$AL$2001=1)*(元データ!$AN$2:$AN$2001=1)*(元データ!$AE$2:$AE$2001=$C$39)*(元データ!$AO$2:$AO$2001=0)*(元データ!$AM$2:$AM$2001>=31)*(元データ!$E$2:$E$2001="40 差戻し")) | BH40: =IFERROR(_xlfn.TEXTJOIN(CHAR(10),TRUE,IF((元データ!$AL$2:$AL$2001=1)*(元データ!$AN$2:$AN$2001=1)*(元データ!$AE$2:$AE$2001=$C$39)*(元データ!$AO$2:$AO$2001=0)*(元データ!$AM$2:$AM$2001>=31)*(元データ!$E$2:$E$2001="40 差戻し"),元データ!$A$2:$A$2001&IF(元データ!$AP$2:$AP$2001<>"","（"&MID(元データ!$AP$2:$AP$2001,2,100)&")",""),"")),"")
C41: 55 扶養親族の結婚 | D41: あり | E41: =SUMPRODUCT((元データ!$AL$2:$AL$2001=1)*(元データ!$AN$2:$AN$2001=1)*(元データ!$AE$2:$AE$2001=$C$41)*(元データ!$AO$2:$AO$2001=1)) | F41: =SUMPRODUCT((元データ!$AL$2:$AL$2001=1)*(元データ!$AN$2:$AN$2001=1)*(元データ!$AE$2:$AE$2001=$C$41)*(元データ!$AO$2:$AO$2001=1)*(元データ!$AM$2:$AM$2001<=7)) | G41: =SUMPRODUCT((元データ!$AL$2:$AL$2001=1)*(元データ!$AN$2:$AN$2001=1)*(元データ!$AE$2:$AE$2001=$C$41)*(元データ!$AO$2:$AO$2001=1)*(元データ!$AM$2:$AM$2001<=7)*(元データ!$E$2:$E$2001="20 確認待ち")) | H41: =IFERROR(_xlfn.TEXTJOIN(CHAR(10),TRUE,IF((元データ!$AL$2:$AL$2001=1)*(元データ!$AN$2:$AN$2001=1)*(元データ!$AE$2:$AE$2001=$C$41)*(元データ!$AO$2:$AO$2001=1)*(元データ!$AM$2:$AM$2001<=7)*(元データ!$E$2:$E$2001="20 確認待ち"),元データ!$A$2:$A$2001&IF(元データ!$AP$2:$AP$2001<>"","（"&MID(元データ!$AP$2:$AP$2001,2,100)&")",""),"")),"") | I41: =SUMPRODUCT((元データ!$AL$2:$AL$2001=1)*(元データ!$AN$2:$AN$2001=1)*(元データ!$AE$2:$AE$2001=$C$41)*(元データ!$AO$2:$AO$2001=1)*(元データ!$AM$2:$AM$2001<=7)*(元データ!$E$2:$E$2001="30 申請受付")) | J41: =IFERROR(_xlfn.TEXTJOIN(CHAR(10),TRUE,IF((元データ!$AL$2:$AL$2001=1)*(元データ!$AN$2:$AN$2001=1)*(元データ!$AE$2:$AE$2001=$C$41)*(元データ!$AO$2:$AO$2001=1)*(元データ!$AM$2:$AM$2001<=7)*(元データ!$E$2:$E$2001="30 申請受付"),元データ!$A$2:$A$2001&IF(元データ!$AP$2:$AP$2001<>"","（"&MID(元データ!$AP$2:$AP$2001,2,100)&")",""),"")),"") | K41: =SUMPRODUCT((元データ!$AL$2:$AL$2001=1)*(元データ!$AN$2:$AN$2001=1)*(元データ!$AE$2:$AE$2001=$C$41)*(元データ!$AO$2:$AO$2001=1)*(元データ!$AM$2:$AM$2001<=7)*(元データ!$E$2:$E$2001="31 ＯＰ確認中")) | L41: =IFERROR(_xlfn.TEXTJOIN(CHAR(10),TRUE,IF((元データ!$AL$2:$AL$2001=1)*(元データ!$AN$2:$AN$2001=1)*(元データ!$AE$2:$AE$2001=$C$41)*(元データ!$AO$2:$AO$2001=1)*(元データ!$AM$2:$AM$2001<=7)*(元データ!$E$2:$E$2001="31 ＯＰ確認中"),元データ!$A$2:$A$2001&IF(元データ!$AP$2:$AP$2001<>"","（"&MID(元データ!$AP$2:$AP$2001,2,100)&")",""),"")),"") | M41: =SUMPRODUCT((元データ!$AL$2:$AL$2001=1)*(元データ!$AN$2:$AN$2001=1)*(元データ!$AE$2:$AE$2001=$C$41)*(元データ!$AO$2:$AO$2001=1)*(元データ!$AM$2:$AM$2001<=7)*(元データ!$E$2:$E$2001="32 ＳＶ確認中")) | N41: =IFERROR(_xlfn.TEXTJOIN(CHAR(10),TRUE,IF((元データ!$AL$2:$AL$2001=1)*(元データ!$AN$2:$AN$2001=1)*(元データ!$AE$2:$AE$2001=$C$41)*(元データ!$AO$2:$AO$2001=1)*(元データ!$AM$2:$AM$2001<=7)*(元データ!$E$2:$E$2001="32 ＳＶ確認中"),元データ!$A$2:$A$2001&IF(元データ!$AP$2:$AP$2001<>"","（"&MID(元データ!$AP$2:$AP$2001,2,100)&")",""),"")),"") | O41: =SUMPRODUCT((元データ!$AL$2:$AL$2001=1)*(元データ!$AN$2:$AN$2001=1)*(元データ!$AE$2:$AE$2001=$C$41)*(元データ!$AO$2:$AO$2001=1)*(元データ!$AM$2:$AM$2001<=7)*(元データ!$E$2:$E$2001="40 差戻し")) | P41: =IFERROR(_xlfn.TEXTJOIN(CHAR(10),TRUE,IF((元データ!$AL$2:$AL$2001=1)*(元データ!$AN$2:$AN$2001=1)*(元データ!$AE$2:$AE$2001=$C$41)*(元データ!$AO$2:$AO$2001=1)*(元データ!$AM$2:$AM$2001<=7)*(元データ!$E$2:$E$2001="40 差戻し"),元データ!$A$2:$A$2001&IF(元データ!$AP$2:$AP$2001<>"","（"&MID(元データ!$AP$2:$AP$2001,2,100)&")",""),"")),"") | Q41: =SUMPRODUCT((元データ!$AL$2:$AL$2001=1)*(元データ!$AN$2:$AN$2001=1)*(元データ!$AE$2:$AE$2001=$C$41)*(元データ!$AO$2:$AO$2001=1)*(元データ!$AM$2:$AM$2001>=8)*(元データ!$AM$2:$AM$2001<=14)) | R41: =SUMPRODUCT((元データ!$AL$2:$AL$2001=1)*(元データ!$AN$2:$AN$2001=1)*(元データ!$AE$2:$AE$2001=$C$41)*(元データ!$AO$2:$AO$2001=1)*(元データ!$AM$2:$AM$2001>=8)*(元データ!$AM$2:$AM$2001<=14)*(元データ!$E$2:$E$2001="20 確認待ち")) | S41: =IFERROR(_xlfn.TEXTJOIN(CHAR(10),TRUE,IF((元データ!$AL$2:$AL$2001=1)*(元データ!$AN$2:$AN$2001=1)*(元データ!$AE$2:$AE$2001=$C$41)*(元データ!$AO$2:$AO$2001=1)*(元データ!$AM$2:$AM$2001>=8)*(元データ!$AM$2:$AM$2001<=14)*(元データ!$E$2:$E$2001="20 確認待ち"),元データ!$A$2:$A$2001&IF(元データ!$AP$2:$AP$2001<>"","（"&MID(元データ!$AP$2:$AP$2001,2,100)&")",""),"")),"") | T41: =SUMPRODUCT((元データ!$AL$2:$AL$2001=1)*(元データ!$AN$2:$AN$2001=1)*(元データ!$AE$2:$AE$2001=$C$41)*(元データ!$AO$2:$AO$2001=1)*(元データ!$AM$2:$AM$2001>=8)*(元データ!$AM$2:$AM$2001<=14)*(元データ!$E$2:$E$2001="30 申請受付")) | U41: =IFERROR(_xlfn.TEXTJOIN(CHAR(10),TRUE,IF((元データ!$AL$2:$AL$2001=1)*(元データ!$AN$2:$AN$2001=1)*(元データ!$AE$2:$AE$2001=$C$41)*(元データ!$AO$2:$AO$2001=1)*(元データ!$AM$2:$AM$2001>=8)*(元データ!$AM$2:$AM$2001<=14)*(元データ!$E$2:$E$2001="30 申請受付"),元データ!$A$2:$A$2001&IF(元データ!$AP$2:$AP$2001<>"","（"&MID(元データ!$AP$2:$AP$2001,2,100)&")",""),"")),"") | V41: =SUMPRODUCT((元データ!$AL$2:$AL$2001=1)*(元データ!$AN$2:$AN$2001=1)*(元データ!$AE$2:$AE$2001=$C$41)*(元データ!$AO$2:$AO$2001=1)*(元データ!$AM$2:$AM$2001>=8)*(元データ!$AM$2:$AM$2001<=14)*(元データ!$E$2:$E$2001="31 ＯＰ確認中")) | W41: =IFERROR(_xlfn.TEXTJOIN(CHAR(10),TRUE,IF((元データ!$AL$2:$AL$2001=1)*(元データ!$AN$2:$AN$2001=1)*(元データ!$AE$2:$AE$2001=$C$41)*(元データ!$AO$2:$AO$2001=1)*(元データ!$AM$2:$AM$2001>=8)*(元データ!$AM$2:$AM$2001<=14)*(元データ!$E$2:$E$2001="31 ＯＰ確認中"),元データ!$A$2:$A$2001&IF(元データ!$AP$2:$AP$2001<>"","（"&MID(元データ!$AP$2:$AP$2001,2,100)&")",""),"")),"") | X41: =SUMPRODUCT((元データ!$AL$2:$AL$2001=1)*(元データ!$AN$2:$AN$2001=1)*(元データ!$AE$2:$AE$2001=$C$41)*(元データ!$AO$2:$AO$2001=1)*(元データ!$AM$2:$AM$2001>=8)*(元データ!$AM$2:$AM$2001<=14)*(元データ!$E$2:$E$2001="32 ＳＶ確認中")) | Y41: =IFERROR(_xlfn.TEXTJOIN(CHAR(10),TRUE,IF((元データ!$AL$2:$AL$2001=1)*(元データ!$AN$2:$AN$2001=1)*(元データ!$AE$2:$AE$2001=$C$41)*(元データ!$AO$2:$AO$2001=1)*(元データ!$AM$2:$AM$2001>=8)*(元データ!$AM$2:$AM$2001<=14)*(元データ!$E$2:$E$2001="32 ＳＶ確認中"),元データ!$A$2:$A$2001&IF(元データ!$AP$2:$AP$2001<>"","（"&MID(元データ!$AP$2:$AP$2001,2,100)&")",""),"")),"") | Z41: =SUMPRODUCT((元データ!$AL$2:$AL$2001=1)*(元データ!$AN$2:$AN$2001=1)*(元データ!$AE$2:$AE$2001=$C$41)*(元データ!$AO$2:$AO$2001=1)*(元データ!$AM$2:$AM$2001>=8)*(元データ!$AM$2:$AM$2001<=14)*(元データ!$E$2:$E$2001="40 差戻し")) | AA41: =IFERROR(_xlfn.TEXTJOIN(CHAR(10),TRUE,IF((元データ!$AL$2:$AL$2001=1)*(元データ!$AN$2:$AN$2001=1)*(元データ!$AE$2:$AE$2001=$C$41)*(元データ!$AO$2:$AO$2001=1)*(元データ!$AM$2:$AM$2001>=8)*(元データ!$AM$2:$AM$2001<=14)*(元データ!$E$2:$E$2001="40 差戻し"),元データ!$A$2:$A$2001&IF(元データ!$AP$2:$AP$2001<>"","（"&MID(元データ!$AP$2:$AP$2001,2,100)&")",""),"")),"") | AB41: =SUMPRODUCT((元データ!$AL$2:$AL$2001=1)*(元データ!$AN$2:$AN$2001=1)*(元データ!$AE$2:$AE$2001=$C$41)*(元データ!$AO$2:$AO$2001=1)*(元データ!$AM$2:$AM$2001>=15)*(元データ!$AM$2:$AM$2001<=21)) | AC41: =SUMPRODUCT((元データ!$AL$2:$AL$2001=1)*(元データ!$AN$2:$AN$2001=1)*(元データ!$AE$2:$AE$2001=$C$41)*(元データ!$AO$2:$AO$2001=1)*(元データ!$AM$2:$AM$2001>=15)*(元データ!$AM$2:$AM$2001<=21)*(元データ!$E$2:$E$2001="20 確認待ち")) | AD41: =IFERROR(_xlfn.TEXTJOIN(CHAR(10),TRUE,IF((元データ!$AL$2:$AL$2001=1)*(元データ!$AN$2:$AN$2001=1)*(元データ!$AE$2:$AE$2001=$C$41)*(元データ!$AO$2:$AO$2001=1)*(元データ!$AM$2:$AM$2001>=15)*(元データ!$AM$2:$AM$2001<=21)*(元データ!$E$2:$E$2001="20 確認待ち"),元データ!$A$2:$A$2001&IF(元データ!$AP$2:$AP$2001<>"","（"&MID(元データ!$AP$2:$AP$2001,2,100)&")",""),"")),"") | AE41: =SUMPRODUCT((元データ!$AL$2:$AL$2001=1)*(元データ!$AN$2:$AN$2001=1)*(元データ!$AE$2:$AE$2001=$C$41)*(元データ!$AO$2:$AO$2001=1)*(元データ!$AM$2:$AM$2001>=15)*(元データ!$AM$2:$AM$2001<=21)*(元データ!$E$2:$E$2001="30 申請受付")) | AF41: =IFERROR(_xlfn.TEXTJOIN(CHAR(10),TRUE,IF((元データ!$AL$2:$AL$2001=1)*(元データ!$AN$2:$AN$2001=1)*(元データ!$AE$2:$AE$2001=$C$41)*(元データ!$AO$2:$AO$2001=1)*(元データ!$AM$2:$AM$2001>=15)*(元データ!$AM$2:$AM$2001<=21)*(元データ!$E$2:$E$2001="30 申請受付"),元データ!$A$2:$A$2001&IF(元データ!$AP$2:$AP$2001<>"","（"&MID(元データ!$AP$2:$AP$2001,2,100)&")",""),"")),"") | AG41: =SUMPRODUCT((元データ!$AL$2:$AL$2001=1)*(元データ!$AN$2:$AN$2001=1)*(元データ!$AE$2:$AE$2001=$C$41)*(元データ!$AO$2:$AO$2001=1)*(元データ!$AM$2:$AM$2001>=15)*(元データ!$AM$2:$AM$2001<=21)*(元データ!$E$2:$E$2001="31 ＯＰ確認中")) | AH41: =IFERROR(_xlfn.TEXTJOIN(CHAR(10),TRUE,IF((元データ!$AL$2:$AL$2001=1)*(元データ!$AN$2:$AN$2001=1)*(元データ!$AE$2:$AE$2001=$C$41)*(元データ!$AO$2:$AO$2001=1)*(元データ!$AM$2:$AM$2001>=15)*(元データ!$AM$2:$AM$2001<=21)*(元データ!$E$2:$E$2001="31 ＯＰ確認中"),元データ!$A$2:$A$2001&IF(元データ!$AP$2:$AP$2001<>"","（"&MID(元データ!$AP$2:$AP$2001,2,100)&")",""),"")),"") | AI41: =SUMPRODUCT((元データ!$AL$2:$AL$2001=1)*(元データ!$AN$2:$AN$2001=1)*(元データ!$AE$2:$AE$2001=$C$41)*(元データ!$AO$2:$AO$2001=1)*(元データ!$AM$2:$AM$2001>=15)*(元データ!$AM$2:$AM$2001<=21)*(元データ!$E$2:$E$2001="32 ＳＶ確認中")) | AJ41: =IFERROR(_xlfn.TEXTJOIN(CHAR(10),TRUE,IF((元データ!$AL$2:$AL$2001=1)*(元データ!$AN$2:$AN$2001=1)*(元データ!$AE$2:$AE$2001=$C$41)*(元データ!$AO$2:$AO$2001=1)*(元データ!$AM$2:$AM$2001>=15)*(元データ!$AM$2:$AM$2001<=21)*(元データ!$E$2:$E$2001="32 ＳＶ確認中"),元データ!$A$2:$A$2001&IF(元データ!$AP$2:$AP$2001<>"","（"&MID(元データ!$AP$2:$AP$2001,2,100)&")",""),"")),"") | AK41: =SUMPRODUCT((元データ!$AL$2:$AL$2001=1)*(元データ!$AN$2:$AN$2001=1)*(元データ!$AE$2:$AE$2001=$C$41)*(元データ!$AO$2:$AO$2001=1)*(元データ!$AM$2:$AM$2001>=15)*(元データ!$AM$2:$AM$2001<=21)*(元データ!$E$2:$E$2001="40 差戻し")) | AL41: =IFERROR(_xlfn.TEXTJOIN(CHAR(10),TRUE,IF((元データ!$AL$2:$AL$2001=1)*(元データ!$AN$2:$AN$2001=1)*(元データ!$AE$2:$AE$2001=$C$41)*(元データ!$AO$2:$AO$2001=1)*(元データ!$AM$2:$AM$2001>=15)*(元データ!$AM$2:$AM$2001<=21)*(元データ!$E$2:$E$2001="40 差戻し"),元データ!$A$2:$A$2001&IF(元データ!$AP$2:$AP$2001<>"","（"&MID(元データ!$AP$2:$AP$2001,2,100)&")",""),"")),"") | AM41: =SUMPRODUCT((元データ!$AL$2:$AL$2001=1)*(元データ!$AN$2:$AN$2001=1)*(元データ!$AE$2:$AE$2001=$C$41)*(元データ!$AO$2:$AO$2001=1)*(元データ!$AM$2:$AM$2001>=22)*(元データ!$AM$2:$AM$2001<=30)) | AN41: =SUMPRODUCT((元データ!$AL$2:$AL$2001=1)*(元データ!$AN$2:$AN$2001=1)*(元データ!$AE$2:$AE$2001=$C$41)*(元データ!$AO$2:$AO$2001=1)*(元データ!$AM$2:$AM$2001>=22)*(元データ!$AM$2:$AM$2001<=30)*(元データ!$E$2:$E$2001="20 確認待ち")) | AO41: =IFERROR(_xlfn.TEXTJOIN(CHAR(10),TRUE,IF((元データ!$AL$2:$AL$2001=1)*(元データ!$AN$2:$AN$2001=1)*(元データ!$AE$2:$AE$2001=$C$41)*(元データ!$AO$2:$AO$2001=1)*(元データ!$AM$2:$AM$2001>=22)*(元データ!$AM$2:$AM$2001<=30)*(元データ!$E$2:$E$2001="20 確認待ち"),元データ!$A$2:$A$2001&IF(元データ!$AP$2:$AP$2001<>"","（"&MID(元データ!$AP$2:$AP$2001,2,100)&")",""),"")),"") | AP41: =SUMPRODUCT((元データ!$AL$2:$AL$2001=1)*(元データ!$AN$2:$AN$2001=1)*(元データ!$AE$2:$AE$2001=$C$41)*(元データ!$AO$2:$AO$2001=1)*(元データ!$AM$2:$AM$2001>=22)*(元データ!$AM$2:$AM$2001<=30)*(元データ!$E$2:$E$2001="30 申請受付")) | AQ41: =IFERROR(_xlfn.TEXTJOIN(CHAR(10),TRUE,IF((元データ!$AL$2:$AL$2001=1)*(元データ!$AN$2:$AN$2001=1)*(元データ!$AE$2:$AE$2001=$C$41)*(元データ!$AO$2:$AO$2001=1)*(元データ!$AM$2:$AM$2001>=22)*(元データ!$AM$2:$AM$2001<=30)*(元データ!$E$2:$E$2001="30 申請受付"),元データ!$A$2:$A$2001&IF(元データ!$AP$2:$AP$2001<>"","（"&MID(元データ!$AP$2:$AP$2001,2,100)&")",""),"")),"") | AR41: =SUMPRODUCT((元データ!$AL$2:$AL$2001=1)*(元データ!$AN$2:$AN$2001=1)*(元データ!$AE$2:$AE$2001=$C$41)*(元データ!$AO$2:$AO$2001=1)*(元データ!$AM$2:$AM$2001>=22)*(元データ!$AM$2:$AM$2001<=30)*(元データ!$E$2:$E$2001="31 ＯＰ確認中")) | AS41: =IFERROR(_xlfn.TEXTJOIN(CHAR(10),TRUE,IF((元データ!$AL$2:$AL$2001=1)*(元データ!$AN$2:$AN$2001=1)*(元データ!$AE$2:$AE$2001=$C$41)*(元データ!$AO$2:$AO$2001=1)*(元データ!$AM$2:$AM$2001>=22)*(元データ!$AM$2:$AM$2001<=30)*(元データ!$E$2:$E$2001="31 ＯＰ確認中"),元データ!$A$2:$A$2001&IF(元データ!$AP$2:$AP$2001<>"","（"&MID(元データ!$AP$2:$AP$2001,2,100)&")",""),"")),"") | AT41: =SUMPRODUCT((元データ!$AL$2:$AL$2001=1)*(元データ!$AN$2:$AN$2001=1)*(元データ!$AE$2:$AE$2001=$C$41)*(元データ!$AO$2:$AO$2001=1)*(元データ!$AM$2:$AM$2001>=22)*(元データ!$AM$2:$AM$2001<=30)*(元データ!$E$2:$E$2001="32 ＳＶ確認中")) | AU41: =IFERROR(_xlfn.TEXTJOIN(CHAR(10),TRUE,IF((元データ!$AL$2:$AL$2001=1)*(元データ!$AN$2:$AN$2001=1)*(元データ!$AE$2:$AE$2001=$C$41)*(元データ!$AO$2:$AO$2001=1)*(元データ!$AM$2:$AM$2001>=22)*(元データ!$AM$2:$AM$2001<=30)*(元データ!$E$2:$E$2001="32 ＳＶ確認中"),元データ!$A$2:$A$2001&IF(元データ!$AP$2:$AP$2001<>"","（"&MID(元データ!$AP$2:$AP$2001,2,100)&")",""),"")),"") | AV41: =SUMPRODUCT((元データ!$AL$2:$AL$2001=1)*(元データ!$AN$2:$AN$2001=1)*(元データ!$AE$2:$AE$2001=$C$41)*(元データ!$AO$2:$AO$2001=1)*(元データ!$AM$2:$AM$2001>=22)*(元データ!$AM$2:$AM$2001<=30)*(元データ!$E$2:$E$2001="40 差戻し")) | AW41: =IFERROR(_xlfn.TEXTJOIN(CHAR(10),TRUE,IF((元データ!$AL$2:$AL$2001=1)*(元データ!$AN$2:$AN$2001=1)*(元データ!$AE$2:$AE$2001=$C$41)*(元データ!$AO$2:$AO$2001=1)*(元データ!$AM$2:$AM$2001>=22)*(元データ!$AM$2:$AM$2001<=30)*(元データ!$E$2:$E$2001="40 差戻し"),元データ!$A$2:$A$2001&IF(元データ!$AP$2:$AP$2001<>"","（"&MID(元データ!$AP$2:$AP$2001,2,100)&")",""),"")),"") | AX41: =SUMPRODUCT((元データ!$AL$2:$AL$2001=1)*(元データ!$AN$2:$AN$2001=1)*(元データ!$AE$2:$AE$2001=$C$41)*(元データ!$AO$2:$AO$2001=1)*(元データ!$AM$2:$AM$2001>=31)) | AY41: =SUMPRODUCT((元データ!$AL$2:$AL$2001=1)*(元データ!$AN$2:$AN$2001=1)*(元データ!$AE$2:$AE$2001=$C$41)*(元データ!$AO$2:$AO$2001=1)*(元データ!$AM$2:$AM$2001>=31)*(元データ!$E$2:$E$2001="20 確認待ち")) | AZ41: =IFERROR(_xlfn.TEXTJOIN(CHAR(10),TRUE,IF((元データ!$AL$2:$AL$2001=1)*(元データ!$AN$2:$AN$2001=1)*(元データ!$AE$2:$AE$2001=$C$41)*(元データ!$AO$2:$AO$2001=1)*(元データ!$AM$2:$AM$2001>=31)*(元データ!$E$2:$E$2001="20 確認待ち"),元データ!$A$2:$A$2001&IF(元データ!$AP$2:$AP$2001<>"","（"&MID(元データ!$AP$2:$AP$2001,2,100)&")",""),"")),"") | BA41: =SUMPRODUCT((元データ!$AL$2:$AL$2001=1)*(元データ!$AN$2:$AN$2001=1)*(元データ!$AE$2:$AE$2001=$C$41)*(元データ!$AO$2:$AO$2001=1)*(元データ!$AM$2:$AM$2001>=31)*(元データ!$E$2:$E$2001="30 申請受付")) | BB41: =IFERROR(_xlfn.TEXTJOIN(CHAR(10),TRUE,IF((元データ!$AL$2:$AL$2001=1)*(元データ!$AN$2:$AN$2001=1)*(元データ!$AE$2:$AE$2001=$C$41)*(元データ!$AO$2:$AO$2001=1)*(元データ!$AM$2:$AM$2001>=31)*(元データ!$E$2:$E$2001="30 申請受付"),元データ!$A$2:$A$2001&IF(元データ!$AP$2:$AP$2001<>"","（"&MID(元データ!$AP$2:$AP$2001,2,100)&")",""),"")),"") | BC41: =SUMPRODUCT((元データ!$AL$2:$AL$2001=1)*(元データ!$AN$2:$AN$2001=1)*(元データ!$AE$2:$AE$2001=$C$41)*(元データ!$AO$2:$AO$2001=1)*(元データ!$AM$2:$AM$2001>=31)*(元データ!$E$2:$E$2001="31 ＯＰ確認中")) | BD41: =IFERROR(_xlfn.TEXTJOIN(CHAR(10),TRUE,IF((元データ!$AL$2:$AL$2001=1)*(元データ!$AN$2:$AN$2001=1)*(元データ!$AE$2:$AE$2001=$C$41)*(元データ!$AO$2:$AO$2001=1)*(元データ!$AM$2:$AM$2001>=31)*(元データ!$E$2:$E$2001="31 ＯＰ確認中"),元データ!$A$2:$A$2001&IF(元データ!$AP$2:$AP$2001<>"","（"&MID(元データ!$AP$2:$AP$2001,2,100)&")",""),"")),"") | BE41: =SUMPRODUCT((元データ!$AL$2:$AL$2001=1)*(元データ!$AN$2:$AN$2001=1)*(元データ!$AE$2:$AE$2001=$C$41)*(元データ!$AO$2:$AO$2001=1)*(元データ!$AM$2:$AM$2001>=31)*(元データ!$E$2:$E$2001="32 ＳＶ確認中")) | BF41: =IFERROR(_xlfn.TEXTJOIN(CHAR(10),TRUE,IF((元データ!$AL$2:$AL$2001=1)*(元データ!$AN$2:$AN$2001=1)*(元データ!$AE$2:$AE$2001=$C$41)*(元データ!$AO$2:$AO$2001=1)*(元データ!$AM$2:$AM$2001>=31)*(元データ!$E$2:$E$2001="32 ＳＶ確認中"),元データ!$A$2:$A$2001&IF(元データ!$AP$2:$AP$2001<>"","（"&MID(元データ!$AP$2:$AP$2001,2,100)&")",""),"")),"") | BG41: =SUMPRODUCT((元データ!$AL$2:$AL$2001=1)*(元データ!$AN$2:$AN$2001=1)*(元データ!$AE$2:$AE$2001=$C$41)*(元データ!$AO$2:$AO$2001=1)*(元データ!$AM$2:$AM$2001>=31)*(元データ!$E$2:$E$2001="40 差戻し")) | BH41: =IFERROR(_xlfn.TEXTJOIN(CHAR(10),TRUE,IF((元データ!$AL$2:$AL$2001=1)*(元データ!$AN$2:$AN$2001=1)*(元データ!$AE$2:$AE$2001=$C$41)*(元データ!$AO$2:$AO$2001=1)*(元データ!$AM$2:$AM$2001>=31)*(元データ!$E$2:$E$2001="40 差戻し"),元データ!$A$2:$A$2001&IF(元データ!$AP$2:$AP$2001<>"","（"&MID(元データ!$AP$2:$AP$2001,2,100)&")",""),"")),"")
D42: なし | E42: =SUMPRODUCT((元データ!$AL$2:$AL$2001=1)*(元データ!$AN$2:$AN$2001=1)*(元データ!$AE$2:$AE$2001=$C$41)*(元データ!$AO$2:$AO$2001=0)) | F42: =SUMPRODUCT((元データ!$AL$2:$AL$2001=1)*(元データ!$AN$2:$AN$2001=1)*(元データ!$AE$2:$AE$2001=$C$41)*(元データ!$AO$2:$AO$2001=0)*(元データ!$AM$2:$AM$2001<=7)) | G42: =SUMPRODUCT((元データ!$AL$2:$AL$2001=1)*(元データ!$AN$2:$AN$2001=1)*(元データ!$AE$2:$AE$2001=$C$41)*(元データ!$AO$2:$AO$2001=0)*(元データ!$AM$2:$AM$2001<=7)*(元データ!$E$2:$E$2001="20 確認待ち")) | H42: =IFERROR(_xlfn.TEXTJOIN(CHAR(10),TRUE,IF((元データ!$AL$2:$AL$2001=1)*(元データ!$AN$2:$AN$2001=1)*(元データ!$AE$2:$AE$2001=$C$41)*(元データ!$AO$2:$AO$2001=0)*(元データ!$AM$2:$AM$2001<=7)*(元データ!$E$2:$E$2001="20 確認待ち"),元データ!$A$2:$A$2001&IF(元データ!$AP$2:$AP$2001<>"","（"&MID(元データ!$AP$2:$AP$2001,2,100)&")",""),"")),"") | I42: =SUMPRODUCT((元データ!$AL$2:$AL$2001=1)*(元データ!$AN$2:$AN$2001=1)*(元データ!$AE$2:$AE$2001=$C$41)*(元データ!$AO$2:$AO$2001=0)*(元データ!$AM$2:$AM$2001<=7)*(元データ!$E$2:$E$2001="30 申請受付")) | J42: =IFERROR(_xlfn.TEXTJOIN(CHAR(10),TRUE,IF((元データ!$AL$2:$AL$2001=1)*(元データ!$AN$2:$AN$2001=1)*(元データ!$AE$2:$AE$2001=$C$41)*(元データ!$AO$2:$AO$2001=0)*(元データ!$AM$2:$AM$2001<=7)*(元データ!$E$2:$E$2001="30 申請受付"),元データ!$A$2:$A$2001&IF(元データ!$AP$2:$AP$2001<>"","（"&MID(元データ!$AP$2:$AP$2001,2,100)&")",""),"")),"") | K42: =SUMPRODUCT((元データ!$AL$2:$AL$2001=1)*(元データ!$AN$2:$AN$2001=1)*(元データ!$AE$2:$AE$2001=$C$41)*(元データ!$AO$2:$AO$2001=0)*(元データ!$AM$2:$AM$2001<=7)*(元データ!$E$2:$E$2001="31 ＯＰ確認中")) | L42: =IFERROR(_xlfn.TEXTJOIN(CHAR(10),TRUE,IF((元データ!$AL$2:$AL$2001=1)*(元データ!$AN$2:$AN$2001=1)*(元データ!$AE$2:$AE$2001=$C$41)*(元データ!$AO$2:$AO$2001=0)*(元データ!$AM$2:$AM$2001<=7)*(元データ!$E$2:$E$2001="31 ＯＰ確認中"),元データ!$A$2:$A$2001&IF(元データ!$AP$2:$AP$2001<>"","（"&MID(元データ!$AP$2:$AP$2001,2,100)&")",""),"")),"") | M42: =SUMPRODUCT((元データ!$AL$2:$AL$2001=1)*(元データ!$AN$2:$AN$2001=1)*(元データ!$AE$2:$AE$2001=$C$41)*(元データ!$AO$2:$AO$2001=0)*(元データ!$AM$2:$AM$2001<=7)*(元データ!$E$2:$E$2001="32 ＳＶ確認中")) | N42: =IFERROR(_xlfn.TEXTJOIN(CHAR(10),TRUE,IF((元データ!$AL$2:$AL$2001=1)*(元データ!$AN$2:$AN$2001=1)*(元データ!$AE$2:$AE$2001=$C$41)*(元データ!$AO$2:$AO$2001=0)*(元データ!$AM$2:$AM$2001<=7)*(元データ!$E$2:$E$2001="32 ＳＶ確認中"),元データ!$A$2:$A$2001&IF(元データ!$AP$2:$AP$2001<>"","（"&MID(元データ!$AP$2:$AP$2001,2,100)&")",""),"")),"") | O42: =SUMPRODUCT((元データ!$AL$2:$AL$2001=1)*(元データ!$AN$2:$AN$2001=1)*(元データ!$AE$2:$AE$2001=$C$41)*(元データ!$AO$2:$AO$2001=0)*(元データ!$AM$2:$AM$2001<=7)*(元データ!$E$2:$E$2001="40 差戻し")) | P42: =IFERROR(_xlfn.TEXTJOIN(CHAR(10),TRUE,IF((元データ!$AL$2:$AL$2001=1)*(元データ!$AN$2:$AN$2001=1)*(元データ!$AE$2:$AE$2001=$C$41)*(元データ!$AO$2:$AO$2001=0)*(元データ!$AM$2:$AM$2001<=7)*(元データ!$E$2:$E$2001="40 差戻し"),元データ!$A$2:$A$2001&IF(元データ!$AP$2:$AP$2001<>"","（"&MID(元データ!$AP$2:$AP$2001,2,100)&")",""),"")),"") | Q42: =SUMPRODUCT((元データ!$AL$2:$AL$2001=1)*(元データ!$AN$2:$AN$2001=1)*(元データ!$AE$2:$AE$2001=$C$41)*(元データ!$AO$2:$AO$2001=0)*(元データ!$AM$2:$AM$2001>=8)*(元データ!$AM$2:$AM$2001<=14)) | R42: =SUMPRODUCT((元データ!$AL$2:$AL$2001=1)*(元データ!$AN$2:$AN$2001=1)*(元データ!$AE$2:$AE$2001=$C$41)*(元データ!$AO$2:$AO$2001=0)*(元データ!$AM$2:$AM$2001>=8)*(元データ!$AM$2:$AM$2001<=14)*(元データ!$E$2:$E$2001="20 確認待ち")) | S42: =IFERROR(_xlfn.TEXTJOIN(CHAR(10),TRUE,IF((元データ!$AL$2:$AL$2001=1)*(元データ!$AN$2:$AN$2001=1)*(元データ!$AE$2:$AE$2001=$C$41)*(元データ!$AO$2:$AO$2001=0)*(元データ!$AM$2:$AM$2001>=8)*(元データ!$AM$2:$AM$2001<=14)*(元データ!$E$2:$E$2001="20 確認待ち"),元データ!$A$2:$A$2001&IF(元データ!$AP$2:$AP$2001<>"","（"&MID(元データ!$AP$2:$AP$2001,2,100)&")",""),"")),"") | T42: =SUMPRODUCT((元データ!$AL$2:$AL$2001=1)*(元データ!$AN$2:$AN$2001=1)*(元データ!$AE$2:$AE$2001=$C$41)*(元データ!$AO$2:$AO$2001=0)*(元データ!$AM$2:$AM$2001>=8)*(元データ!$AM$2:$AM$2001<=14)*(元データ!$E$2:$E$2001="30 申請受付")) | U42: =IFERROR(_xlfn.TEXTJOIN(CHAR(10),TRUE,IF((元データ!$AL$2:$AL$2001=1)*(元データ!$AN$2:$AN$2001=1)*(元データ!$AE$2:$AE$2001=$C$41)*(元データ!$AO$2:$AO$2001=0)*(元データ!$AM$2:$AM$2001>=8)*(元データ!$AM$2:$AM$2001<=14)*(元データ!$E$2:$E$2001="30 申請受付"),元データ!$A$2:$A$2001&IF(元データ!$AP$2:$AP$2001<>"","（"&MID(元データ!$AP$2:$AP$2001,2,100)&")",""),"")),"") | V42: =SUMPRODUCT((元データ!$AL$2:$AL$2001=1)*(元データ!$AN$2:$AN$2001=1)*(元データ!$AE$2:$AE$2001=$C$41)*(元データ!$AO$2:$AO$2001=0)*(元データ!$AM$2:$AM$2001>=8)*(元データ!$AM$2:$AM$2001<=14)*(元データ!$E$2:$E$2001="31 ＯＰ確認中")) | W42: =IFERROR(_xlfn.TEXTJOIN(CHAR(10),TRUE,IF((元データ!$AL$2:$AL$2001=1)*(元データ!$AN$2:$AN$2001=1)*(元データ!$AE$2:$AE$2001=$C$41)*(元データ!$AO$2:$AO$2001=0)*(元データ!$AM$2:$AM$2001>=8)*(元データ!$AM$2:$AM$2001<=14)*(元データ!$E$2:$E$2001="31 ＯＰ確認中"),元データ!$A$2:$A$2001&IF(元データ!$AP$2:$AP$2001<>"","（"&MID(元データ!$AP$2:$AP$2001,2,100)&")",""),"")),"") | X42: =SUMPRODUCT((元データ!$AL$2:$AL$2001=1)*(元データ!$AN$2:$AN$2001=1)*(元データ!$AE$2:$AE$2001=$C$41)*(元データ!$AO$2:$AO$2001=0)*(元データ!$AM$2:$AM$2001>=8)*(元データ!$AM$2:$AM$2001<=14)*(元データ!$E$2:$E$2001="32 ＳＶ確認中")) | Y42: =IFERROR(_xlfn.TEXTJOIN(CHAR(10),TRUE,IF((元データ!$AL$2:$AL$2001=1)*(元データ!$AN$2:$AN$2001=1)*(元データ!$AE$2:$AE$2001=$C$41)*(元データ!$AO$2:$AO$2001=0)*(元データ!$AM$2:$AM$2001>=8)*(元データ!$AM$2:$AM$2001<=14)*(元データ!$E$2:$E$2001="32 ＳＶ確認中"),元データ!$A$2:$A$2001&IF(元データ!$AP$2:$AP$2001<>"","（"&MID(元データ!$AP$2:$AP$2001,2,100)&")",""),"")),"") | Z42: =SUMPRODUCT((元データ!$AL$2:$AL$2001=1)*(元データ!$AN$2:$AN$2001=1)*(元データ!$AE$2:$AE$2001=$C$41)*(元データ!$AO$2:$AO$2001=0)*(元データ!$AM$2:$AM$2001>=8)*(元データ!$AM$2:$AM$2001<=14)*(元データ!$E$2:$E$2001="40 差戻し")) | AA42: =IFERROR(_xlfn.TEXTJOIN(CHAR(10),TRUE,IF((元データ!$AL$2:$AL$2001=1)*(元データ!$AN$2:$AN$2001=1)*(元データ!$AE$2:$AE$2001=$C$41)*(元データ!$AO$2:$AO$2001=0)*(元データ!$AM$2:$AM$2001>=8)*(元データ!$AM$2:$AM$2001<=14)*(元データ!$E$2:$E$2001="40 差戻し"),元データ!$A$2:$A$2001&IF(元データ!$AP$2:$AP$2001<>"","（"&MID(元データ!$AP$2:$AP$2001,2,100)&")",""),"")),"") | AB42: =SUMPRODUCT((元データ!$AL$2:$AL$2001=1)*(元データ!$AN$2:$AN$2001=1)*(元データ!$AE$2:$AE$2001=$C$41)*(元データ!$AO$2:$AO$2001=0)*(元データ!$AM$2:$AM$2001>=15)*(元データ!$AM$2:$AM$2001<=21)) | AC42: =SUMPRODUCT((元データ!$AL$2:$AL$2001=1)*(元データ!$AN$2:$AN$2001=1)*(元データ!$AE$2:$AE$2001=$C$41)*(元データ!$AO$2:$AO$2001=0)*(元データ!$AM$2:$AM$2001>=15)*(元データ!$AM$2:$AM$2001<=21)*(元データ!$E$2:$E$2001="20 確認待ち")) | AD42: =IFERROR(_xlfn.TEXTJOIN(CHAR(10),TRUE,IF((元データ!$AL$2:$AL$2001=1)*(元データ!$AN$2:$AN$2001=1)*(元データ!$AE$2:$AE$2001=$C$41)*(元データ!$AO$2:$AO$2001=0)*(元データ!$AM$2:$AM$2001>=15)*(元データ!$AM$2:$AM$2001<=21)*(元データ!$E$2:$E$2001="20 確認待ち"),元データ!$A$2:$A$2001&IF(元データ!$AP$2:$AP$2001<>"","（"&MID(元データ!$AP$2:$AP$2001,2,100)&")",""),"")),"") | AE42: =SUMPRODUCT((元データ!$AL$2:$AL$2001=1)*(元データ!$AN$2:$AN$2001=1)*(元データ!$AE$2:$AE$2001=$C$41)*(元データ!$AO$2:$AO$2001=0)*(元データ!$AM$2:$AM$2001>=15)*(元データ!$AM$2:$AM$2001<=21)*(元データ!$E$2:$E$2001="30 申請受付")) | AF42: =IFERROR(_xlfn.TEXTJOIN(CHAR(10),TRUE,IF((元データ!$AL$2:$AL$2001=1)*(元データ!$AN$2:$AN$2001=1)*(元データ!$AE$2:$AE$2001=$C$41)*(元データ!$AO$2:$AO$2001=0)*(元データ!$AM$2:$AM$2001>=15)*(元データ!$AM$2:$AM$2001<=21)*(元データ!$E$2:$E$2001="30 申請受付"),元データ!$A$2:$A$2001&IF(元データ!$AP$2:$AP$2001<>"","（"&MID(元データ!$AP$2:$AP$2001,2,100)&")",""),"")),"") | AG42: =SUMPRODUCT((元データ!$AL$2:$AL$2001=1)*(元データ!$AN$2:$AN$2001=1)*(元データ!$AE$2:$AE$2001=$C$41)*(元データ!$AO$2:$AO$2001=0)*(元データ!$AM$2:$AM$2001>=15)*(元データ!$AM$2:$AM$2001<=21)*(元データ!$E$2:$E$2001="31 ＯＰ確認中")) | AH42: =IFERROR(_xlfn.TEXTJOIN(CHAR(10),TRUE,IF((元データ!$AL$2:$AL$2001=1)*(元データ!$AN$2:$AN$2001=1)*(元データ!$AE$2:$AE$2001=$C$41)*(元データ!$AO$2:$AO$2001=0)*(元データ!$AM$2:$AM$2001>=15)*(元データ!$AM$2:$AM$2001<=21)*(元データ!$E$2:$E$2001="31 ＯＰ確認中"),元データ!$A$2:$A$2001&IF(元データ!$AP$2:$AP$2001<>"","（"&MID(元データ!$AP$2:$AP$2001,2,100)&")",""),"")),"") | AI42: =SUMPRODUCT((元データ!$AL$2:$AL$2001=1)*(元データ!$AN$2:$AN$2001=1)*(元データ!$AE$2:$AE$2001=$C$41)*(元データ!$AO$2:$AO$2001=0)*(元データ!$AM$2:$AM$2001>=15)*(元データ!$AM$2:$AM$2001<=21)*(元データ!$E$2:$E$2001="32 ＳＶ確認中")) | AJ42: =IFERROR(_xlfn.TEXTJOIN(CHAR(10),TRUE,IF((元データ!$AL$2:$AL$2001=1)*(元データ!$AN$2:$AN$2001=1)*(元データ!$AE$2:$AE$2001=$C$41)*(元データ!$AO$2:$AO$2001=0)*(元データ!$AM$2:$AM$2001>=15)*(元データ!$AM$2:$AM$2001<=21)*(元データ!$E$2:$E$2001="32 ＳＶ確認中"),元データ!$A$2:$A$2001&IF(元データ!$AP$2:$AP$2001<>"","（"&MID(元データ!$AP$2:$AP$2001,2,100)&")",""),"")),"") | AK42: =SUMPRODUCT((元データ!$AL$2:$AL$2001=1)*(元データ!$AN$2:$AN$2001=1)*(元データ!$AE$2:$AE$2001=$C$41)*(元データ!$AO$2:$AO$2001=0)*(元データ!$AM$2:$AM$2001>=15)*(元データ!$AM$2:$AM$2001<=21)*(元データ!$E$2:$E$2001="40 差戻し")) | AL42: =IFERROR(_xlfn.TEXTJOIN(CHAR(10),TRUE,IF((元データ!$AL$2:$AL$2001=1)*(元データ!$AN$2:$AN$2001=1)*(元データ!$AE$2:$AE$2001=$C$41)*(元データ!$AO$2:$AO$2001=0)*(元データ!$AM$2:$AM$2001>=15)*(元データ!$AM$2:$AM$2001<=21)*(元データ!$E$2:$E$2001="40 差戻し"),元データ!$A$2:$A$2001&IF(元データ!$AP$2:$AP$2001<>"","（"&MID(元データ!$AP$2:$AP$2001,2,100)&")",""),"")),"") | AM42: =SUMPRODUCT((元データ!$AL$2:$AL$2001=1)*(元データ!$AN$2:$AN$2001=1)*(元データ!$AE$2:$AE$2001=$C$41)*(元データ!$AO$2:$AO$2001=0)*(元データ!$AM$2:$AM$2001>=22)*(元データ!$AM$2:$AM$2001<=30)) | AN42: =SUMPRODUCT((元データ!$AL$2:$AL$2001=1)*(元データ!$AN$2:$AN$2001=1)*(元データ!$AE$2:$AE$2001=$C$41)*(元データ!$AO$2:$AO$2001=0)*(元データ!$AM$2:$AM$2001>=22)*(元データ!$AM$2:$AM$2001<=30)*(元データ!$E$2:$E$2001="20 確認待ち")) | AO42: =IFERROR(_xlfn.TEXTJOIN(CHAR(10),TRUE,IF((元データ!$AL$2:$AL$2001=1)*(元データ!$AN$2:$AN$2001=1)*(元データ!$AE$2:$AE$2001=$C$41)*(元データ!$AO$2:$AO$2001=0)*(元データ!$AM$2:$AM$2001>=22)*(元データ!$AM$2:$AM$2001<=30)*(元データ!$E$2:$E$2001="20 確認待ち"),元データ!$A$2:$A$2001&IF(元データ!$AP$2:$AP$2001<>"","（"&MID(元データ!$AP$2:$AP$2001,2,100)&")",""),"")),"") | AP42: =SUMPRODUCT((元データ!$AL$2:$AL$2001=1)*(元データ!$AN$2:$AN$2001=1)*(元データ!$AE$2:$AE$2001=$C$41)*(元データ!$AO$2:$AO$2001=0)*(元データ!$AM$2:$AM$2001>=22)*(元データ!$AM$2:$AM$2001<=30)*(元データ!$E$2:$E$2001="30 申請受付")) | AQ42: =IFERROR(_xlfn.TEXTJOIN(CHAR(10),TRUE,IF((元データ!$AL$2:$AL$2001=1)*(元データ!$AN$2:$AN$2001=1)*(元データ!$AE$2:$AE$2001=$C$41)*(元データ!$AO$2:$AO$2001=0)*(元データ!$AM$2:$AM$2001>=22)*(元データ!$AM$2:$AM$2001<=30)*(元データ!$E$2:$E$2001="30 申請受付"),元データ!$A$2:$A$2001&IF(元データ!$AP$2:$AP$2001<>"","（"&MID(元データ!$AP$2:$AP$2001,2,100)&")",""),"")),"") | AR42: =SUMPRODUCT((元データ!$AL$2:$AL$2001=1)*(元データ!$AN$2:$AN$2001=1)*(元データ!$AE$2:$AE$2001=$C$41)*(元データ!$AO$2:$AO$2001=0)*(元データ!$AM$2:$AM$2001>=22)*(元データ!$AM$2:$AM$2001<=30)*(元データ!$E$2:$E$2001="31 ＯＰ確認中")) | AS42: =IFERROR(_xlfn.TEXTJOIN(CHAR(10),TRUE,IF((元データ!$AL$2:$AL$2001=1)*(元データ!$AN$2:$AN$2001=1)*(元データ!$AE$2:$AE$2001=$C$41)*(元データ!$AO$2:$AO$2001=0)*(元データ!$AM$2:$AM$2001>=22)*(元データ!$AM$2:$AM$2001<=30)*(元データ!$E$2:$E$2001="31 ＯＰ確認中"),元データ!$A$2:$A$2001&IF(元データ!$AP$2:$AP$2001<>"","（"&MID(元データ!$AP$2:$AP$2001,2,100)&")",""),"")),"") | AT42: =SUMPRODUCT((元データ!$AL$2:$AL$2001=1)*(元データ!$AN$2:$AN$2001=1)*(元データ!$AE$2:$AE$2001=$C$41)*(元データ!$AO$2:$AO$2001=0)*(元データ!$AM$2:$AM$2001>=22)*(元データ!$AM$2:$AM$2001<=30)*(元データ!$E$2:$E$2001="32 ＳＶ確認中")) | AU42: =IFERROR(_xlfn.TEXTJOIN(CHAR(10),TRUE,IF((元データ!$AL$2:$AL$2001=1)*(元データ!$AN$2:$AN$2001=1)*(元データ!$AE$2:$AE$2001=$C$41)*(元データ!$AO$2:$AO$2001=0)*(元データ!$AM$2:$AM$2001>=22)*(元データ!$AM$2:$AM$2001<=30)*(元データ!$E$2:$E$2001="32 ＳＶ確認中"),元データ!$A$2:$A$2001&IF(元データ!$AP$2:$AP$2001<>"","（"&MID(元データ!$AP$2:$AP$2001,2,100)&")",""),"")),"") | AV42: =SUMPRODUCT((元データ!$AL$2:$AL$2001=1)*(元データ!$AN$2:$AN$2001=1)*(元データ!$AE$2:$AE$2001=$C$41)*(元データ!$AO$2:$AO$2001=0)*(元データ!$AM$2:$AM$2001>=22)*(元データ!$AM$2:$AM$2001<=30)*(元データ!$E$2:$E$2001="40 差戻し")) | AW42: =IFERROR(_xlfn.TEXTJOIN(CHAR(10),TRUE,IF((元データ!$AL$2:$AL$2001=1)*(元データ!$AN$2:$AN$2001=1)*(元データ!$AE$2:$AE$2001=$C$41)*(元データ!$AO$2:$AO$2001=0)*(元データ!$AM$2:$AM$2001>=22)*(元データ!$AM$2:$AM$2001<=30)*(元データ!$E$2:$E$2001="40 差戻し"),元データ!$A$2:$A$2001&IF(元データ!$AP$2:$AP$2001<>"","（"&MID(元データ!$AP$2:$AP$2001,2,100)&")",""),"")),"") | AX42: =SUMPRODUCT((元データ!$AL$2:$AL$2001=1)*(元データ!$AN$2:$AN$2001=1)*(元データ!$AE$2:$AE$2001=$C$41)*(元データ!$AO$2:$AO$2001=0)*(元データ!$AM$2:$AM$2001>=31)) | AY42: =SUMPRODUCT((元データ!$AL$2:$AL$2001=1)*(元データ!$AN$2:$AN$2001=1)*(元データ!$AE$2:$AE$2001=$C$41)*(元データ!$AO$2:$AO$2001=0)*(元データ!$AM$2:$AM$2001>=31)*(元データ!$E$2:$E$2001="20 確認待ち")) | AZ42: =IFERROR(_xlfn.TEXTJOIN(CHAR(10),TRUE,IF((元データ!$AL$2:$AL$2001=1)*(元データ!$AN$2:$AN$2001=1)*(元データ!$AE$2:$AE$2001=$C$41)*(元データ!$AO$2:$AO$2001=0)*(元データ!$AM$2:$AM$2001>=31)*(元データ!$E$2:$E$2001="20 確認待ち"),元データ!$A$2:$A$2001&IF(元データ!$AP$2:$AP$2001<>"","（"&MID(元データ!$AP$2:$AP$2001,2,100)&")",""),"")),"") | BA42: =SUMPRODUCT((元データ!$AL$2:$AL$2001=1)*(元データ!$AN$2:$AN$2001=1)*(元データ!$AE$2:$AE$2001=$C$41)*(元データ!$AO$2:$AO$2001=0)*(元データ!$AM$2:$AM$2001>=31)*(元データ!$E$2:$E$2001="30 申請受付")) | BB42: =IFERROR(_xlfn.TEXTJOIN(CHAR(10),TRUE,IF((元データ!$AL$2:$AL$2001=1)*(元データ!$AN$2:$AN$2001=1)*(元データ!$AE$2:$AE$2001=$C$41)*(元データ!$AO$2:$AO$2001=0)*(元データ!$AM$2:$AM$2001>=31)*(元データ!$E$2:$E$2001="30 申請受付"),元データ!$A$2:$A$2001&IF(元データ!$AP$2:$AP$2001<>"","（"&MID(元データ!$AP$2:$AP$2001,2,100)&")",""),"")),"") | BC42: =SUMPRODUCT((元データ!$AL$2:$AL$2001=1)*(元データ!$AN$2:$AN$2001=1)*(元データ!$AE$2:$AE$2001=$C$41)*(元データ!$AO$2:$AO$2001=0)*(元データ!$AM$2:$AM$2001>=31)*(元データ!$E$2:$E$2001="31 ＯＰ確認中")) | BD42: =IFERROR(_xlfn.TEXTJOIN(CHAR(10),TRUE,IF((元データ!$AL$2:$AL$2001=1)*(元データ!$AN$2:$AN$2001=1)*(元データ!$AE$2:$AE$2001=$C$41)*(元データ!$AO$2:$AO$2001=0)*(元データ!$AM$2:$AM$2001>=31)*(元データ!$E$2:$E$2001="31 ＯＰ確認中"),元データ!$A$2:$A$2001&IF(元データ!$AP$2:$AP$2001<>"","（"&MID(元データ!$AP$2:$AP$2001,2,100)&")",""),"")),"") | BE42: =SUMPRODUCT((元データ!$AL$2:$AL$2001=1)*(元データ!$AN$2:$AN$2001=1)*(元データ!$AE$2:$AE$2001=$C$41)*(元データ!$AO$2:$AO$2001=0)*(元データ!$AM$2:$AM$2001>=31)*(元データ!$E$2:$E$2001="32 ＳＶ確認中")) | BF42: =IFERROR(_xlfn.TEXTJOIN(CHAR(10),TRUE,IF((元データ!$AL$2:$AL$2001=1)*(元データ!$AN$2:$AN$2001=1)*(元データ!$AE$2:$AE$2001=$C$41)*(元データ!$AO$2:$AO$2001=0)*(元データ!$AM$2:$AM$2001>=31)*(元データ!$E$2:$E$2001="32 ＳＶ確認中"),元データ!$A$2:$A$2001&IF(元データ!$AP$2:$AP$2001<>"","（"&MID(元データ!$AP$2:$AP$2001,2,100)&")",""),"")),"") | BG42: =SUMPRODUCT((元データ!$AL$2:$AL$2001=1)*(元データ!$AN$2:$AN$2001=1)*(元データ!$AE$2:$AE$2001=$C$41)*(元データ!$AO$2:$AO$2001=0)*(元データ!$AM$2:$AM$2001>=31)*(元データ!$E$2:$E$2001="40 差戻し")) | BH42: =IFERROR(_xlfn.TEXTJOIN(CHAR(10),TRUE,IF((元データ!$AL$2:$AL$2001=1)*(元データ!$AN$2:$AN$2001=1)*(元データ!$AE$2:$AE$2001=$C$41)*(元データ!$AO$2:$AO$2001=0)*(元データ!$AM$2:$AM$2001>=31)*(元データ!$E$2:$E$2001="40 差戻し"),元データ!$A$2:$A$2001&IF(元データ!$AP$2:$AP$2001<>"","（"&MID(元データ!$AP$2:$AP$2001,2,100)&")",""),"")),"")
C43: 22 扶養親族の退職 | D43: あり | E43: =SUMPRODUCT((元データ!$AL$2:$AL$2001=1)*(元データ!$AN$2:$AN$2001=1)*(元データ!$AE$2:$AE$2001=$C$43)*(元データ!$AO$2:$AO$2001=1)) | F43: =SUMPRODUCT((元データ!$AL$2:$AL$2001=1)*(元データ!$AN$2:$AN$2001=1)*(元データ!$AE$2:$AE$2001=$C$43)*(元データ!$AO$2:$AO$2001=1)*(元データ!$AM$2:$AM$2001<=7)) | G43: =SUMPRODUCT((元データ!$AL$2:$AL$2001=1)*(元データ!$AN$2:$AN$2001=1)*(元データ!$AE$2:$AE$2001=$C$43)*(元データ!$AO$2:$AO$2001=1)*(元データ!$AM$2:$AM$2001<=7)*(元データ!$E$2:$E$2001="20 確認待ち")) | H43: =IFERROR(_xlfn.TEXTJOIN(CHAR(10),TRUE,IF((元データ!$AL$2:$AL$2001=1)*(元データ!$AN$2:$AN$2001=1)*(元データ!$AE$2:$AE$2001=$C$43)*(元データ!$AO$2:$AO$2001=1)*(元データ!$AM$2:$AM$2001<=7)*(元データ!$E$2:$E$2001="20 確認待ち"),元データ!$A$2:$A$2001&IF(元データ!$AP$2:$AP$2001<>"","（"&MID(元データ!$AP$2:$AP$2001,2,100)&")",""),"")),"") | I43: =SUMPRODUCT((元データ!$AL$2:$AL$2001=1)*(元データ!$AN$2:$AN$2001=1)*(元データ!$AE$2:$AE$2001=$C$43)*(元データ!$AO$2:$AO$2001=1)*(元データ!$AM$2:$AM$2001<=7)*(元データ!$E$2:$E$2001="30 申請受付")) | J43: =IFERROR(_xlfn.TEXTJOIN(CHAR(10),TRUE,IF((元データ!$AL$2:$AL$2001=1)*(元データ!$AN$2:$AN$2001=1)*(元データ!$AE$2:$AE$2001=$C$43)*(元データ!$AO$2:$AO$2001=1)*(元データ!$AM$2:$AM$2001<=7)*(元データ!$E$2:$E$2001="30 申請受付"),元データ!$A$2:$A$2001&IF(元データ!$AP$2:$AP$2001<>"","（"&MID(元データ!$AP$2:$AP$2001,2,100)&")",""),"")),"") | K43: =SUMPRODUCT((元データ!$AL$2:$AL$2001=1)*(元データ!$AN$2:$AN$2001=1)*(元データ!$AE$2:$AE$2001=$C$43)*(元データ!$AO$2:$AO$2001=1)*(元データ!$AM$2:$AM$2001<=7)*(元データ!$E$2:$E$2001="31 ＯＰ確認中")) | L43: =IFERROR(_xlfn.TEXTJOIN(CHAR(10),TRUE,IF((元データ!$AL$2:$AL$2001=1)*(元データ!$AN$2:$AN$2001=1)*(元データ!$AE$2:$AE$2001=$C$43)*(元データ!$AO$2:$AO$2001=1)*(元データ!$AM$2:$AM$2001<=7)*(元データ!$E$2:$E$2001="31 ＯＰ確認中"),元データ!$A$2:$A$2001&IF(元データ!$AP$2:$AP$2001<>"","（"&MID(元データ!$AP$2:$AP$2001,2,100)&")",""),"")),"") | M43: =SUMPRODUCT((元データ!$AL$2:$AL$2001=1)*(元データ!$AN$2:$AN$2001=1)*(元データ!$AE$2:$AE$2001=$C$43)*(元データ!$AO$2:$AO$2001=1)*(元データ!$AM$2:$AM$2001<=7)*(元データ!$E$2:$E$2001="32 ＳＶ確認中")) | N43: =IFERROR(_xlfn.TEXTJOIN(CHAR(10),TRUE,IF((元データ!$AL$2:$AL$2001=1)*(元データ!$AN$2:$AN$2001=1)*(元データ!$AE$2:$AE$2001=$C$43)*(元データ!$AO$2:$AO$2001=1)*(元データ!$AM$2:$AM$2001<=7)*(元データ!$E$2:$E$2001="32 ＳＶ確認中"),元データ!$A$2:$A$2001&IF(元データ!$AP$2:$AP$2001<>"","（"&MID(元データ!$AP$2:$AP$2001,2,100)&")",""),"")),"") | O43: =SUMPRODUCT((元データ!$AL$2:$AL$2001=1)*(元データ!$AN$2:$AN$2001=1)*(元データ!$AE$2:$AE$2001=$C$43)*(元データ!$AO$2:$AO$2001=1)*(元データ!$AM$2:$AM$2001<=7)*(元データ!$E$2:$E$2001="40 差戻し")) | P43: =IFERROR(_xlfn.TEXTJOIN(CHAR(10),TRUE,IF((元データ!$AL$2:$AL$2001=1)*(元データ!$AN$2:$AN$2001=1)*(元データ!$AE$2:$AE$2001=$C$43)*(元データ!$AO$2:$AO$2001=1)*(元データ!$AM$2:$AM$2001<=7)*(元データ!$E$2:$E$2001="40 差戻し"),元データ!$A$2:$A$2001&IF(元データ!$AP$2:$AP$2001<>"","（"&MID(元データ!$AP$2:$AP$2001,2,100)&")",""),"")),"") | Q43: =SUMPRODUCT((元データ!$AL$2:$AL$2001=1)*(元データ!$AN$2:$AN$2001=1)*(元データ!$AE$2:$AE$2001=$C$43)*(元データ!$AO$2:$AO$2001=1)*(元データ!$AM$2:$AM$2001>=8)*(元データ!$AM$2:$AM$2001<=14)) | R43: =SUMPRODUCT((元データ!$AL$2:$AL$2001=1)*(元データ!$AN$2:$AN$2001=1)*(元データ!$AE$2:$AE$2001=$C$43)*(元データ!$AO$2:$AO$2001=1)*(元データ!$AM$2:$AM$2001>=8)*(元データ!$AM$2:$AM$2001<=14)*(元データ!$E$2:$E$2001="20 確認待ち")) | S43: =IFERROR(_xlfn.TEXTJOIN(CHAR(10),TRUE,IF((元データ!$AL$2:$AL$2001=1)*(元データ!$AN$2:$AN$2001=1)*(元データ!$AE$2:$AE$2001=$C$43)*(元データ!$AO$2:$AO$2001=1)*(元データ!$AM$2:$AM$2001>=8)*(元データ!$AM$2:$AM$2001<=14)*(元データ!$E$2:$E$2001="20 確認待ち"),元データ!$A$2:$A$2001&IF(元データ!$AP$2:$AP$2001<>"","（"&MID(元データ!$AP$2:$AP$2001,2,100)&")",""),"")),"") | T43: =SUMPRODUCT((元データ!$AL$2:$AL$2001=1)*(元データ!$AN$2:$AN$2001=1)*(元データ!$AE$2:$AE$2001=$C$43)*(元データ!$AO$2:$AO$2001=1)*(元データ!$AM$2:$AM$2001>=8)*(元データ!$AM$2:$AM$2001<=14)*(元データ!$E$2:$E$2001="30 申請受付")) | U43: =IFERROR(_xlfn.TEXTJOIN(CHAR(10),TRUE,IF((元データ!$AL$2:$AL$2001=1)*(元データ!$AN$2:$AN$2001=1)*(元データ!$AE$2:$AE$2001=$C$43)*(元データ!$AO$2:$AO$2001=1)*(元データ!$AM$2:$AM$2001>=8)*(元データ!$AM$2:$AM$2001<=14)*(元データ!$E$2:$E$2001="30 申請受付"),元データ!$A$2:$A$2001&IF(元データ!$AP$2:$AP$2001<>"","（"&MID(元データ!$AP$2:$AP$2001,2,100)&")",""),"")),"") | V43: =SUMPRODUCT((元データ!$AL$2:$AL$2001=1)*(元データ!$AN$2:$AN$2001=1)*(元データ!$AE$2:$AE$2001=$C$43)*(元データ!$AO$2:$AO$2001=1)*(元データ!$AM$2:$AM$2001>=8)*(元データ!$AM$2:$AM$2001<=14)*(元データ!$E$2:$E$2001="31 ＯＰ確認中")) | W43: =IFERROR(_xlfn.TEXTJOIN(CHAR(10),TRUE,IF((元データ!$AL$2:$AL$2001=1)*(元データ!$AN$2:$AN$2001=1)*(元データ!$AE$2:$AE$2001=$C$43)*(元データ!$AO$2:$AO$2001=1)*(元データ!$AM$2:$AM$2001>=8)*(元データ!$AM$2:$AM$2001<=14)*(元データ!$E$2:$E$2001="31 ＯＰ確認中"),元データ!$A$2:$A$2001&IF(元データ!$AP$2:$AP$2001<>"","（"&MID(元データ!$AP$2:$AP$2001,2,100)&")",""),"")),"") | X43: =SUMPRODUCT((元データ!$AL$2:$AL$2001=1)*(元データ!$AN$2:$AN$2001=1)*(元データ!$AE$2:$AE$2001=$C$43)*(元データ!$AO$2:$AO$2001=1)*(元データ!$AM$2:$AM$2001>=8)*(元データ!$AM$2:$AM$2001<=14)*(元データ!$E$2:$E$2001="32 ＳＶ確認中")) | Y43: =IFERROR(_xlfn.TEXTJOIN(CHAR(10),TRUE,IF((元データ!$AL$2:$AL$2001=1)*(元データ!$AN$2:$AN$2001=1)*(元データ!$AE$2:$AE$2001=$C$43)*(元データ!$AO$2:$AO$2001=1)*(元データ!$AM$2:$AM$2001>=8)*(元データ!$AM$2:$AM$2001<=14)*(元データ!$E$2:$E$2001="32 ＳＶ確認中"),元データ!$A$2:$A$2001&IF(元データ!$AP$2:$AP$2001<>"","（"&MID(元データ!$AP$2:$AP$2001,2,100)&")",""),"")),"") | Z43: =SUMPRODUCT((元データ!$AL$2:$AL$2001=1)*(元データ!$AN$2:$AN$2001=1)*(元データ!$AE$2:$AE$2001=$C$43)*(元データ!$AO$2:$AO$2001=1)*(元データ!$AM$2:$AM$2001>=8)*(元データ!$AM$2:$AM$2001<=14)*(元データ!$E$2:$E$2001="40 差戻し")) | AA43: =IFERROR(_xlfn.TEXTJOIN(CHAR(10),TRUE,IF((元データ!$AL$2:$AL$2001=1)*(元データ!$AN$2:$AN$2001=1)*(元データ!$AE$2:$AE$2001=$C$43)*(元データ!$AO$2:$AO$2001=1)*(元データ!$AM$2:$AM$2001>=8)*(元データ!$AM$2:$AM$2001<=14)*(元データ!$E$2:$E$2001="40 差戻し"),元データ!$A$2:$A$2001&IF(元データ!$AP$2:$AP$2001<>"","（"&MID(元データ!$AP$2:$AP$2001,2,100)&")",""),"")),"") | AB43: =SUMPRODUCT((元データ!$AL$2:$AL$2001=1)*(元データ!$AN$2:$AN$2001=1)*(元データ!$AE$2:$AE$2001=$C$43)*(元データ!$AO$2:$AO$2001=1)*(元データ!$AM$2:$AM$2001>=15)*(元データ!$AM$2:$AM$2001<=21)) | AC43: =SUMPRODUCT((元データ!$AL$2:$AL$2001=1)*(元データ!$AN$2:$AN$2001=1)*(元データ!$AE$2:$AE$2001=$C$43)*(元データ!$AO$2:$AO$2001=1)*(元データ!$AM$2:$AM$2001>=15)*(元データ!$AM$2:$AM$2001<=21)*(元データ!$E$2:$E$2001="20 確認待ち")) | AD43: =IFERROR(_xlfn.TEXTJOIN(CHAR(10),TRUE,IF((元データ!$AL$2:$AL$2001=1)*(元データ!$AN$2:$AN$2001=1)*(元データ!$AE$2:$AE$2001=$C$43)*(元データ!$AO$2:$AO$2001=1)*(元データ!$AM$2:$AM$2001>=15)*(元データ!$AM$2:$AM$2001<=21)*(元データ!$E$2:$E$2001="20 確認待ち"),元データ!$A$2:$A$2001&IF(元データ!$AP$2:$AP$2001<>"","（"&MID(元データ!$AP$2:$AP$2001,2,100)&")",""),"")),"") | AE43: =SUMPRODUCT((元データ!$AL$2:$AL$2001=1)*(元データ!$AN$2:$AN$2001=1)*(元データ!$AE$2:$AE$2001=$C$43)*(元データ!$AO$2:$AO$2001=1)*(元データ!$AM$2:$AM$2001>=15)*(元データ!$AM$2:$AM$2001<=21)*(元データ!$E$2:$E$2001="30 申請受付")) | AF43: =IFERROR(_xlfn.TEXTJOIN(CHAR(10),TRUE,IF((元データ!$AL$2:$AL$2001=1)*(元データ!$AN$2:$AN$2001=1)*(元データ!$AE$2:$AE$2001=$C$43)*(元データ!$AO$2:$AO$2001=1)*(元データ!$AM$2:$AM$2001>=15)*(元データ!$AM$2:$AM$2001<=21)*(元データ!$E$2:$E$2001="30 申請受付"),元データ!$A$2:$A$2001&IF(元データ!$AP$2:$AP$2001<>"","（"&MID(元データ!$AP$2:$AP$2001,2,100)&")",""),"")),"") | AG43: =SUMPRODUCT((元データ!$AL$2:$AL$2001=1)*(元データ!$AN$2:$AN$2001=1)*(元データ!$AE$2:$AE$2001=$C$43)*(元データ!$AO$2:$AO$2001=1)*(元データ!$AM$2:$AM$2001>=15)*(元データ!$AM$2:$AM$2001<=21)*(元データ!$E$2:$E$2001="31 ＯＰ確認中")) | AH43: =IFERROR(_xlfn.TEXTJOIN(CHAR(10),TRUE,IF((元データ!$AL$2:$AL$2001=1)*(元データ!$AN$2:$AN$2001=1)*(元データ!$AE$2:$AE$2001=$C$43)*(元データ!$AO$2:$AO$2001=1)*(元データ!$AM$2:$AM$2001>=15)*(元データ!$AM$2:$AM$2001<=21)*(元データ!$E$2:$E$2001="31 ＯＰ確認中"),元データ!$A$2:$A$2001&IF(元データ!$AP$2:$AP$2001<>"","（"&MID(元データ!$AP$2:$AP$2001,2,100)&")",""),"")),"") | AI43: =SUMPRODUCT((元データ!$AL$2:$AL$2001=1)*(元データ!$AN$2:$AN$2001=1)*(元データ!$AE$2:$AE$2001=$C$43)*(元データ!$AO$2:$AO$2001=1)*(元データ!$AM$2:$AM$2001>=15)*(元データ!$AM$2:$AM$2001<=21)*(元データ!$E$2:$E$2001="32 ＳＶ確認中")) | AJ43: =IFERROR(_xlfn.TEXTJOIN(CHAR(10),TRUE,IF((元データ!$AL$2:$AL$2001=1)*(元データ!$AN$2:$AN$2001=1)*(元データ!$AE$2:$AE$2001=$C$43)*(元データ!$AO$2:$AO$2001=1)*(元データ!$AM$2:$AM$2001>=15)*(元データ!$AM$2:$AM$2001<=21)*(元データ!$E$2:$E$2001="32 ＳＶ確認中"),元データ!$A$2:$A$2001&IF(元データ!$AP$2:$AP$2001<>"","（"&MID(元データ!$AP$2:$AP$2001,2,100)&")",""),"")),"") | AK43: =SUMPRODUCT((元データ!$AL$2:$AL$2001=1)*(元データ!$AN$2:$AN$2001=1)*(元データ!$AE$2:$AE$2001=$C$43)*(元データ!$AO$2:$AO$2001=1)*(元データ!$AM$2:$AM$2001>=15)*(元データ!$AM$2:$AM$2001<=21)*(元データ!$E$2:$E$2001="40 差戻し")) | AL43: =IFERROR(_xlfn.TEXTJOIN(CHAR(10),TRUE,IF((元データ!$AL$2:$AL$2001=1)*(元データ!$AN$2:$AN$2001=1)*(元データ!$AE$2:$AE$2001=$C$43)*(元データ!$AO$2:$AO$2001=1)*(元データ!$AM$2:$AM$2001>=15)*(元データ!$AM$2:$AM$2001<=21)*(元データ!$E$2:$E$2001="40 差戻し"),元データ!$A$2:$A$2001&IF(元データ!$AP$2:$AP$2001<>"","（"&MID(元データ!$AP$2:$AP$2001,2,100)&")",""),"")),"") | AM43: =SUMPRODUCT((元データ!$AL$2:$AL$2001=1)*(元データ!$AN$2:$AN$2001=1)*(元データ!$AE$2:$AE$2001=$C$43)*(元データ!$AO$2:$AO$2001=1)*(元データ!$AM$2:$AM$2001>=22)*(元データ!$AM$2:$AM$2001<=30)) | AN43: =SUMPRODUCT((元データ!$AL$2:$AL$2001=1)*(元データ!$AN$2:$AN$2001=1)*(元データ!$AE$2:$AE$2001=$C$43)*(元データ!$AO$2:$AO$2001=1)*(元データ!$AM$2:$AM$2001>=22)*(元データ!$AM$2:$AM$2001<=30)*(元データ!$E$2:$E$2001="20 確認待ち")) | AO43: =IFERROR(_xlfn.TEXTJOIN(CHAR(10),TRUE,IF((元データ!$AL$2:$AL$2001=1)*(元データ!$AN$2:$AN$2001=1)*(元データ!$AE$2:$AE$2001=$C$43)*(元データ!$AO$2:$AO$2001=1)*(元データ!$AM$2:$AM$2001>=22)*(元データ!$AM$2:$AM$2001<=30)*(元データ!$E$2:$E$2001="20 確認待ち"),元データ!$A$2:$A$2001&IF(元データ!$AP$2:$AP$2001<>"","（"&MID(元データ!$AP$2:$AP$2001,2,100)&")",""),"")),"") | AP43: =SUMPRODUCT((元データ!$AL$2:$AL$2001=1)*(元データ!$AN$2:$AN$2001=1)*(元データ!$AE$2:$AE$2001=$C$43)*(元データ!$AO$2:$AO$2001=1)*(元データ!$AM$2:$AM$2001>=22)*(元データ!$AM$2:$AM$2001<=30)*(元データ!$E$2:$E$2001="30 申請受付")) | AQ43: =IFERROR(_xlfn.TEXTJOIN(CHAR(10),TRUE,IF((元データ!$AL$2:$AL$2001=1)*(元データ!$AN$2:$AN$2001=1)*(元データ!$AE$2:$AE$2001=$C$43)*(元データ!$AO$2:$AO$2001=1)*(元データ!$AM$2:$AM$2001>=22)*(元データ!$AM$2:$AM$2001<=30)*(元データ!$E$2:$E$2001="30 申請受付"),元データ!$A$2:$A$2001&IF(元データ!$AP$2:$AP$2001<>"","（"&MID(元データ!$AP$2:$AP$2001,2,100)&")",""),"")),"") | AR43: =SUMPRODUCT((元データ!$AL$2:$AL$2001=1)*(元データ!$AN$2:$AN$2001=1)*(元データ!$AE$2:$AE$2001=$C$43)*(元データ!$AO$2:$AO$2001=1)*(元データ!$AM$2:$AM$2001>=22)*(元データ!$AM$2:$AM$2001<=30)*(元データ!$E$2:$E$2001="31 ＯＰ確認中")) | AS43: =IFERROR(_xlfn.TEXTJOIN(CHAR(10),TRUE,IF((元データ!$AL$2:$AL$2001=1)*(元データ!$AN$2:$AN$2001=1)*(元データ!$AE$2:$AE$2001=$C$43)*(元データ!$AO$2:$AO$2001=1)*(元データ!$AM$2:$AM$2001>=22)*(元データ!$AM$2:$AM$2001<=30)*(元データ!$E$2:$E$2001="31 ＯＰ確認中"),元データ!$A$2:$A$2001&IF(元データ!$AP$2:$AP$2001<>"","（"&MID(元データ!$AP$2:$AP$2001,2,100)&")",""),"")),"") | AT43: =SUMPRODUCT((元データ!$AL$2:$AL$2001=1)*(元データ!$AN$2:$AN$2001=1)*(元データ!$AE$2:$AE$2001=$C$43)*(元データ!$AO$2:$AO$2001=1)*(元データ!$AM$2:$AM$2001>=22)*(元データ!$AM$2:$AM$2001<=30)*(元データ!$E$2:$E$2001="32 ＳＶ確認中")) | AU43: =IFERROR(_xlfn.TEXTJOIN(CHAR(10),TRUE,IF((元データ!$AL$2:$AL$2001=1)*(元データ!$AN$2:$AN$2001=1)*(元データ!$AE$2:$AE$2001=$C$43)*(元データ!$AO$2:$AO$2001=1)*(元データ!$AM$2:$AM$2001>=22)*(元データ!$AM$2:$AM$2001<=30)*(元データ!$E$2:$E$2001="32 ＳＶ確認中"),元データ!$A$2:$A$2001&IF(元データ!$AP$2:$AP$2001<>"","（"&MID(元データ!$AP$2:$AP$2001,2,100)&")",""),"")),"") | AV43: =SUMPRODUCT((元データ!$AL$2:$AL$2001=1)*(元データ!$AN$2:$AN$2001=1)*(元データ!$AE$2:$AE$2001=$C$43)*(元データ!$AO$2:$AO$2001=1)*(元データ!$AM$2:$AM$2001>=22)*(元データ!$AM$2:$AM$2001<=30)*(元データ!$E$2:$E$2001="40 差戻し")) | AW43: =IFERROR(_xlfn.TEXTJOIN(CHAR(10),TRUE,IF((元データ!$AL$2:$AL$2001=1)*(元データ!$AN$2:$AN$2001=1)*(元データ!$AE$2:$AE$2001=$C$43)*(元データ!$AO$2:$AO$2001=1)*(元データ!$AM$2:$AM$2001>=22)*(元データ!$AM$2:$AM$2001<=30)*(元データ!$E$2:$E$2001="40 差戻し"),元データ!$A$2:$A$2001&IF(元データ!$AP$2:$AP$2001<>"","（"&MID(元データ!$AP$2:$AP$2001,2,100)&")",""),"")),"") | AX43: =SUMPRODUCT((元データ!$AL$2:$AL$2001=1)*(元データ!$AN$2:$AN$2001=1)*(元データ!$AE$2:$AE$2001=$C$43)*(元データ!$AO$2:$AO$2001=1)*(元データ!$AM$2:$AM$2001>=31)) | AY43: =SUMPRODUCT((元データ!$AL$2:$AL$2001=1)*(元データ!$AN$2:$AN$2001=1)*(元データ!$AE$2:$AE$2001=$C$43)*(元データ!$AO$2:$AO$2001=1)*(元データ!$AM$2:$AM$2001>=31)*(元データ!$E$2:$E$2001="20 確認待ち")) | AZ43: =IFERROR(_xlfn.TEXTJOIN(CHAR(10),TRUE,IF((元データ!$AL$2:$AL$2001=1)*(元データ!$AN$2:$AN$2001=1)*(元データ!$AE$2:$AE$2001=$C$43)*(元データ!$AO$2:$AO$2001=1)*(元データ!$AM$2:$AM$2001>=31)*(元データ!$E$2:$E$2001="20 確認待ち"),元データ!$A$2:$A$2001&IF(元データ!$AP$2:$AP$2001<>"","（"&MID(元データ!$AP$2:$AP$2001,2,100)&")",""),"")),"") | BA43: =SUMPRODUCT((元データ!$AL$2:$AL$2001=1)*(元データ!$AN$2:$AN$2001=1)*(元データ!$AE$2:$AE$2001=$C$43)*(元データ!$AO$2:$AO$2001=1)*(元データ!$AM$2:$AM$2001>=31)*(元データ!$E$2:$E$2001="30 申請受付")) | BB43: =IFERROR(_xlfn.TEXTJOIN(CHAR(10),TRUE,IF((元データ!$AL$2:$AL$2001=1)*(元データ!$AN$2:$AN$2001=1)*(元データ!$AE$2:$AE$2001=$C$43)*(元データ!$AO$2:$AO$2001=1)*(元データ!$AM$2:$AM$2001>=31)*(元データ!$E$2:$E$2001="30 申請受付"),元データ!$A$2:$A$2001&IF(元データ!$AP$2:$AP$2001<>"","（"&MID(元データ!$AP$2:$AP$2001,2,100)&")",""),"")),"") | BC43: =SUMPRODUCT((元データ!$AL$2:$AL$2001=1)*(元データ!$AN$2:$AN$2001=1)*(元データ!$AE$2:$AE$2001=$C$43)*(元データ!$AO$2:$AO$2001=1)*(元データ!$AM$2:$AM$2001>=31)*(元データ!$E$2:$E$2001="31 ＯＰ確認中")) | BD43: =IFERROR(_xlfn.TEXTJOIN(CHAR(10),TRUE,IF((元データ!$AL$2:$AL$2001=1)*(元データ!$AN$2:$AN$2001=1)*(元データ!$AE$2:$AE$2001=$C$43)*(元データ!$AO$2:$AO$2001=1)*(元データ!$AM$2:$AM$2001>=31)*(元データ!$E$2:$E$2001="31 ＯＰ確認中"),元データ!$A$2:$A$2001&IF(元データ!$AP$2:$AP$2001<>"","（"&MID(元データ!$AP$2:$AP$2001,2,100)&")",""),"")),"") | BE43: =SUMPRODUCT((元データ!$AL$2:$AL$2001=1)*(元データ!$AN$2:$AN$2001=1)*(元データ!$AE$2:$AE$2001=$C$43)*(元データ!$AO$2:$AO$2001=1)*(元データ!$AM$2:$AM$2001>=31)*(元データ!$E$2:$E$2001="32 ＳＶ確認中")) | BF43: =IFERROR(_xlfn.TEXTJOIN(CHAR(10),TRUE,IF((元データ!$AL$2:$AL$2001=1)*(元データ!$AN$2:$AN$2001=1)*(元データ!$AE$2:$AE$2001=$C$43)*(元データ!$AO$2:$AO$2001=1)*(元データ!$AM$2:$AM$2001>=31)*(元データ!$E$2:$E$2001="32 ＳＶ確認中"),元データ!$A$2:$A$2001&IF(元データ!$AP$2:$AP$2001<>"","（"&MID(元データ!$AP$2:$AP$2001,2,100)&")",""),"")),"") | BG43: =SUMPRODUCT((元データ!$AL$2:$AL$2001=1)*(元データ!$AN$2:$AN$2001=1)*(元データ!$AE$2:$AE$2001=$C$43)*(元データ!$AO$2:$AO$2001=1)*(元データ!$AM$2:$AM$2001>=31)*(元データ!$E$2:$E$2001="40 差戻し")) | BH43: =IFERROR(_xlfn.TEXTJOIN(CHAR(10),TRUE,IF((元データ!$AL$2:$AL$2001=1)*(元データ!$AN$2:$AN$2001=1)*(元データ!$AE$2:$AE$2001=$C$43)*(元データ!$AO$2:$AO$2001=1)*(元データ!$AM$2:$AM$2001>=31)*(元データ!$E$2:$E$2001="40 差戻し"),元データ!$A$2:$A$2001&IF(元データ!$AP$2:$AP$2001<>"","（"&MID(元データ!$AP$2:$AP$2001,2,100)&")",""),"")),"")
