Workbook
Name 業務名: #REF!

Sheet 0401(予定）
A1: ※SQL(運用作業＞0230.年次＞年度繁忙）
J2: 1 | M2: 1 | N2: 1 | O2: 1 | P2: 1 | Q2: 1 | T2: 1 | U2: 1 | V2: 1 | W2: 1 | X2: 1 | AA2: 1 | AB2: 1 | AC2: 1 | AD2: 1 | AE2: 1 | AH2: 1 | AI2: 1 | AK2: 1 | AL2: =SUM(H2:AK2) -> 19
E3: 予測件数 | F3: 件数/人 | H3: 46113 | N3: システム停止日 | T3: システム停止日 | AL3: *
H4: =H3 -> 46113 | I4: =H4+1 -> 46114 | J4: =I4+1 -> 46115 | K4: =J4+1 -> 46116 | L4: =K4+1 -> 46117 | M4: =L4+1 -> 46118 | N4: =M4+1 -> 46119 | O4: =N4+1 -> 46120 | P4: =O4+1 -> 46121 | ... AK4: =AJ4+1 -> 46142 | AL4: *
H5: =H4 -> 46113 | I5: =I4 -> 46114 | J5: =J4 -> 46115 | K5: =K4 -> 46116 | L5: =L4 -> 46117 | M5: =M4 -> 46118 | N5: =N4 -> 46119 | O5: =O4 -> 46120 | ... AK5: =AK4 -> 46142 | AL5: *
B6: 通勤 | C6: 申請（合計） | E6: =SUM(H6:AK6) -> 4525 | F6: - | G6: 件数 | H6: 0 | I6: 0 | J6: =104+464 -> 568 | K6: 0 | L6: 0 | M6: 487 | N6: 0 | O6: 498 | P6: 43 | Q6: 43 | R6: 0 | S6: 0 | T6: 0 | U6: 226 | V6: 162 | W6: 86 | X6: 866 | Y6: 0 | Z6: 0 | AA6: 356 | AB6: 220 | AC6: 228 | AD6: 161 | AE6: 116 | AF6: 0 | AG6: 0 | AH6: 81 | AI6: 179 | AJ6: 0 | AK6: 205 | AL6: =SUM(H6:AK6) -> 4525
C7: 1次（日別合計） | E7: =SUM(H7:AK7) -> 1520 | F7: - | G7: 件数 | H7: =SUM(H13*$F$13,H14*$F$14,H15*$F$15,$F$16*H16,$F$17*H17,$F$18*H18,$F$19*H19) -> 0 | I7: =SUM(I13*$F$13,I14*$F$14,I15*$F$15,$F$16*I16,$F$17*I17,$F$18*I18,$F$19*I19) -> 0 | J7: =SUM(J13*$F$13,J14*$F$14,J15*$F$15,$F$16*J16,$F$17*J17,$F$18*J18,$F$19*J19) -> 85 | K7: =SUM(K13*$F$13,K14*$F$14,K15*$F$15,$F$16*K16,$F$17*K17,$F$18*K18,$F$19*K19) -> 0 | L7: =SUM(L13*$F$13,L14*$F$14,L15*$F$15,$F$16*L16,$F$17*L17,$F$18*L18,$F$19*L19) -> 0 | M7: =SUM(M13*$F$13,M14*$F$14,M15*$F$15,$F$16*M16,$F$17*M17,$F$18*M18,$F$19*M19) -> 75 | N7: =SUM(N13*$F$13,N14*$F$14,N15*$F$15,$F$16*N16,$F$17*N17,$F$18*N18,$F$19*N19) -> 75 | O7: =SUM(O13*$F$13,O14*$F$14,O15*$F$15,$F$16*O16,$F$17*O17,$F$18*O18,$F$19*O19) -> 75 | ... AK7: =SUM(AK13*$F$13,AK14*$F$14,AK15*$F$15,$F$16*AK16,$F$17*AK17,$F$18*AK18,$F$19*AK19) -> 95 | AL7: *
C8: 1次（累計） | E8: - | F8: - | G8: 件数 | H8: =H7 -> 0 | I8: =H8+I7 -> 0 | J8: =I8+J7 -> 85 | K8: =J8+K7 -> 85 | L8: =K8+L7 -> 85 | M8: =L8+M7 -> 160 | N8: =M8+N7 -> 235 | O8: =N8+O7 -> 310 | P8: =O8+P7 -> 385 | ... AK8: =AJ8+AK7 -> 1520
C9: 2次（日別合計） | E9: =SUM(H9:AK9) -> 1001 | F9: - | G9: 件数 | H9: =SUM(H20:H23) -> 0 | I9: =SUM(I20*$F$20,I21*$F$21,I22*$F$22,I23*$F$23) -> 0 | J9: =SUM(J20*$F$20,J21*$F$21,J22*$F$22,J23*$F$23) -> 39 | K9: =SUM(K20*$F$20,K21*$F$21,K22*$F$22,K23*$F$23) -> 0 | L9: =SUM(L20*$F$20,L21*$F$21,L22*$F$22,L23*$F$23) -> 0 | M9: =SUM(M20*$F$20,M21*$F$21,M22*$F$22,M23*$F$23) -> 35 | N9: =SUM(N20*$F$20,N21*$F$21,N22*$F$22,N23*$F$23) -> 45 | O9: =SUM(O20*$F$20,O21*$F$21,O22*$F$22,O23*$F$23) -> 35 | P9: =SUM(P20*$F$20,P21*$F$21,P22*$F$22,P23*$F$23) -> 35 | ... AK9: =SUM(AK20*$F$20,AK21*$F$21,AK22*$F$22,AK23*$F$23) -> 80 | AL9: *
C10: 2次（累計） | E10: - | F10: - | G10: 件数 | H10: =H9 -> 0 | I10: =H10+I9 -> 0 | J10: =I10+J9 -> 39 | K10: =J10+K9 -> 39 | L10: =K10+L9 -> 39 | M10: =L10+M9 -> 74 | N10: =M10+N9 -> 119 | O10: =N10+O9 -> 154 | P10: =O10+P9 -> 189 | ... AK10: =AJ10+AK9 -> 1001
C11: 1次残件数 | E11: =E6-E7 -> 3005 | F11: - | G11: 件数 | H11: =H6-H7 -> 0 | I11: =H11+I6-I7 -> 0 | J11: =I11+J6-J7 -> 483 | K11: =J11+K6-K7 -> 483 | L11: =K11+L6-L7 -> 483 | M11: =L11+M6-M7 -> 895 | N11: =M11+N6-N7 -> 820 | O11: =N11+O6-O7 -> 1243 | P11: =O11+P6-P7 -> 1211 | ... AK11: =AJ11+AK6-AK7 -> 3005 | AL11: *
C12: 2次残件数 | E12: =E6-E9 -> 3524 | F12: - | G12: 件数 | H12: =SUM($H$6:H6)-SUM($H$9:H9) -> 0 | I12: =H12+I6-I9 -> 0 | J12: =I12+J6-J9 -> 529 | K12: =J12+K6-K9 -> 529 | L12: =K12+L6-L9 -> 529 | M12: =L12+M6-M9 -> 981 | N12: =M12+N6-N9 -> 936 | O12: =N12+O6-O9 -> 1399 | P12: =O12+P6-P9 -> 1407 | ... AK12: =AJ12+AK6-AK9 -> 3524 | AL12: *
C13: 1次 | D13: OP | E13: =SUM(H13:AK13)*F13 -> 210 | F13: 20 | G13: 人数 | J13: 1 | M13: 0.5 | N13: 0.5 | O13: 0.5 | P13: 0.5 | Q13: 1 | T13: 0.5 | U13: 0.5 | V13: 0.5 | W13: 0.5 | X13: 1 | AA13: 0.5 | AB13: 0.5 | AC13: 0.5 | AD13: 0.5 | AE13: 0.5 | AH13: 0.5 | AK13: 0.5 | AL13: *
D14: 大場 | E14: =SUM(H14:AK14)*F14 -> 110 | F14: 20 | G14: 人数 | J14: 0.5 | M14: 0.5 | N14: 0.5 | O14: 0.5 | P14: 0.5 | Q14: 0.5 | AA14: 0.5 | AB14: 0.5 | AC14: 0.5 | AD14: 0.5 | AE14: 0.5 | AL14: *
D15: 平田 | E15: =SUM(H15:AK15)*F15 -> 360 | F15: 20 | G15: 人数 | J15: 1 | M15: 1 | N15: 1 | O15: 1 | P15: 1 | Q15: 1 | T15: 1 | U15: 1 | V15: 1 | W15: 1 | X15: 1 | AA15: 1 | AB15: 1 | AC15: 1 | AD15: 1 | AE15: 1 | AH15: 1 | AK15: 1 | AL15: *
D16: 丸山 | E16: =SUM(H16:AK16)*F16 -> 180 | F16: 20 | G16: 人数 | J16: 0.5 | M16: 0.5 | N16: 0.5 | O16: 0.5 | P16: 0.5 | Q16: 0.5 | T16: 0.5 | U16: 0.5 | V16: 0.5 | W16: 0.5 | X16: 0.5 | AA16: 0.5 | AB16: 0.5 | AC16: 0.5 | AD16: 0.5 | AE16: 0.5 | AH16: 0.5 | AK16: 0.5 | AL16: *
D17: 三浦 | E17: =SUM(H17:AK17)*F17 -> 210 | F17: 30 | G17: 人数 | AA17: 1 | AB17: 1 | AC17: 1 | AD17: 1 | AE17: 1 | AH17: 1 | AK17: 1 | AL17: *
D18: 目黒 | E18: =SUM(H18:AK18)*F18 -> 270 | F18: 15 | G18: 人数 | J18: 1 | M18: 1 | N18: 1 | O18: 1 | P18: 1 | Q18: 1 | T18: 1 | U18: 1 | V18: 1 | W18: 1 | X18: 1 | AA18: 1 | AB18: 1 | AC18: 1 | AD18: 1 | AE18: 1 | AH18: 1 | AK18: 1 | AL18: *
D19: 池田 | E19: =SUM(H19:AK19)*F19 -> 180 | F19: 10 | G19: 人数 | J19: 1 | M19: 1 | N19: 1 | O19: 1 | P19: 1 | Q19: 1 | T19: 1 | U19: 1 | V19: 1 | W19: 1 | X19: 1 | AA19: 1 | AB19: 1 | AC19: 1 | AD19: 1 | AE19: 1 | AH19: 1 | AK19: 1 | AL19: *
C20: 2次 | D20: 田中 | E20: =SUM(H20:AK20)*F20 -> 369 | F20: 30 | G20: 人数 | J20: 0.3 | M20: 0.5 | N20: 0.5 | O20: 0.5 | P20: 0.5 | Q20: 0.5 | T20: 0.5 | U20: 0.5 | V20: 0.5 | W20: 0.5 | X20: 0.5 | AA20: 1 | AB20: 1 | AC20: 1 | AD20: 1 | AE20: 1 | AH20: 1 | AK20: 1 | AL20: *
D21: 小野 | E21: =SUM(H21:AK21)*F21 -> 492 | F21: 40 | G21: 人数 | J21: 0.5 | M21: 0.5 | N21: 0.5 | O21: 0.5 | P21: 0.5 | Q21: 0.5 | T21: 0.5 | U21: 0.5 | V21: 0.5 | W21: 0.5 | X21: 0.5 | AA21: 1 | AB21: 0.8 | AC21: 1 | AD21: 1 | AE21: 1 | AH21: 1 | AK21: 1 | AL21: *
D22: 大場 | E22: =SUM(H22:AK22)*F22 -> 70 | F22: 20 | G22: 人数 | T22: 0.5 | U22: 0.5 | V22: 0.5 | W22: 0.5 | X22: 0.5 | AH22: 0.5 | AK22: 0.5 | AL22: *
D23: OP | E23: =SUM(H23:AK23)*F23 -> 70 | F23: 20 | G23: 人数 | J23: 0.5 | N23: 0.5 | Q23: 0.5 | U23: 0.5 | X23: 0.5 | AB23: 0.5 | AE23: 0.5 | AL23: *
B24: 扶養 児童 | C24: 申請（合計） | E24: =SUM(H24:AK24) -> 904 | F24: - | G24: 件数 | J24: =151+23 -> 174 | K24: 0 | L24: 0 | M24: 16 | N24: 17 | O24: 50 | P24: 41 | Q24: 58 | R24: 0 | S24: 0 | T24: 25 | U24: 57 | V24: 15 | W24: 40 | X24: 98 | Y24: 0 | Z24: 0 | AA24: 36 | AB24: 17 | AC24: 50 | AD24: 41 | AE24: 58 | AF24: 0 | AG24: 0 | AH24: 25 | AI24: 64 | AJ24: 0 | AK24: 22 | AL24: *
C25: 1次（合計） | E25: =SUM(H25:AK25) -> 487.5 | F25: - | G25: 件数 | J25: =SUM(J31*$F$31,J32*$F$32,J33*$F$33) -> 30 | K25: =SUM(K31*$F$31,K32*$F$32,K33*$F$33) -> 0 | L25: =SUM(L31*$F$31,L32*$F$32,L33*$F$33) -> 0 | M25: =SUM(M31*$F$31,M32*$F$32,M33*$F$33) -> 22.5 | N25: =SUM(N31*$F$31,N32*$F$32,N33*$F$33) -> 22.5 | O25: =SUM(O31*$F$31,O32*$F$32,O33*$F$33) -> 22.5 | P25: =SUM(P31*$F$31,P32*$F$32,P33*$F$33) -> 22.5 | Q25: =SUM(Q31*$F$31,Q32*$F$32,Q33*$F$33) -> 22.5 | ... AK25: =SUM(AK31*$F$31,AK32*$F$32,AK33*$F$33) -> 30 | AL25: *
C26: 1次（累計） | E26: - | F26: - | G26: 件数 | H26: =H25 -> 0 | I26: =H26+I25 -> 0 | J26: =I26+J25 -> 30 | K26: =J26+K25 -> 30 | L26: =K26+L25 -> 30 | M26: =L26+M25 -> 52.5 | N26: =M26+N25 -> 75 | O26: =N26+O25 -> 97.5 | P26: =O26+P25 -> 120 | ... AK26: =AJ26+AK25 -> 487.5
C27: 2次（合計） | E27: =SUM(H27:AK27) -> 264 | F27: - | G27: 件数 | J27: =SUM(J34*$F$34,J35*$F$35,J36*$F$36,J37*$F$37) -> 13 | K27: =SUM(K34*$F$34,K35*$F$35,K36*$F$36,K37*$F$37) -> 0 | L27: =SUM(L34*$F$34,L35*$F$35,L36*$F$36,L37*$F$37) -> 0 | M27: =SUM(M34*$F$34,M35*$F$35,M36*$F$36,M37*$F$37) -> 13 | N27: =SUM(N34*$F$34,N35*$F$35,N36*$F$36,N37*$F$37) -> 13 | O27: =SUM(O34*$F$34,O35*$F$35,O36*$F$36,O37*$F$37) -> 13 | P27: =SUM(P34*$F$34,P35*$F$35,P36*$F$36,P37*$F$37) -> 13 | Q27: =SUM(Q34*$F$34,Q35*$F$35,Q36*$F$36,Q37*$F$37) -> 13 | ... AK27: =SUM(AK34*$F$34,AK35*$F$35,AK36*$F$36,AK37*$F$37) -> 13 | AL27: *
C28: 2次（累計） | E28: - | F28: - | G28: 件数 | H28: =H27 -> 0 | I28: =H28+I27 -> 0 | J28: =I28+J27 -> 13 | K28: =J28+K27 -> 13 | L28: =K28+L27 -> 13 | M28: =L28+M27 -> 26 | N28: =M28+N27 -> 39 | O28: =N28+O27 -> 52 | P28: =O28+P27 -> 65 | ... AK28: =AJ28+AK27 -> 264
C29: 1次残件数 | E29: =E24-E25 -> 416.5 | F29: - | G29: 件数 | J29: =I29+J24-J25 -> 144 | K29: =J29+K24-K25 -> 144 | L29: =K29+L24-L25 -> 144 | M29: =L29+M24-M25 -> 137.5 | N29: =M29+N24-N25 -> 132 | O29: =N29+O24-O25 -> 159.5 | P29: =O29+P24-P25 -> 178 | Q29: =P29+Q24-Q25 -> 213.5 | ... AK29: =AJ29+AK24-AK25 -> 416.5 | AL29: *
C30: 2次残件数 | E30: =E24-E27 -> 640 | F30: - | G30: 件数 | J30: =I30+J24-J27 -> 161 | K30: =J30+K24-K27 -> 161 | L30: =K30+L24-L27 -> 161 | M30: =L30+M24-M27 -> 164 | N30: =M30+N24-N27 -> 168 | O30: =N30+O24-O27 -> 205 | P30: =O30+P24-P27 -> 233 | Q30: =P30+Q24-Q27 -> 278 | ... AK30: =AJ30+AK24-AK27 -> 640 | AL30: *
C31: 1次 | D31: OP | E31: =SUM(H31:AK31)*F31 -> 217.5 | F31: 15 | G31: 人数 | J31: 1 | M31: 0.5 | N31: 0.5 | O31: 0.5 | P31: 0.5 | Q31: 0.5 | T31: 0.5 | U31: 1 | V31: 1 | W31: 1 | X31: 1 | AA31: 0.5 | AB31: 1 | AC31: 1 | AD31: 1 | AE31: 1.5 | AH31: 0.5 | AK31: 1 | AL31: *
D32: 小菅 | E32: =SUM(H32:AK32)*F32 -> 270 | F32: 15 | G32: 人数 | J32: 1 | M32: 1 | N32: 1 | O32: 1 | P32: 1 | Q32: 1 | T32: 1 | U32: 1 | V32: 1 | W32: 1 | X32: 1 | AA32: 1 | AB32: 1 | AC32: 1 | AD32: 1 | AE32: 1 | AH32: 1 | AK32: 1 | AL32: *
G33: 人数 | AL33: *
C34: 2次 | D34: 西村 | E34: =SUM(H34:AK34)*F34 -> 234 | F34: 13 | G34: 人数 | J34: 1 | M34: 1 | N34: 1 | O34: 1 | P34: 1 | Q34: 1 | T34: 1 | U34: 1 | V34: 1 | W34: 1 | X34: 1 | AA34: 1 | AB34: 1 | AC34: 1 | AD34: 1 | AE34: 1 | AH34: 1 | AK34: 1 | AL34: *
D35: 栗城 | E35: =SUM(H35:AK35)*F35 -> 30 | F35: 10 | G35: 人数 | T35: 1 | AA35: 1 | AH35: 1 | AL35: *
D36: 管理 | E36: =SUM(H36:AK36) -> 0 | G36: 人数 | AL36: *
G37: 人数 | AL37: *
B38: 給与 | C38: 申請（合計） | E38: =SUM(H38:AK38) -> 265 | F38: - | G38: 件数 | J38: =44+39 -> 83 | K38: 0 | L38: 0 | M38: 1 | N38: 47 | O38: 0 | P38: 1 | Q38: 6 | R38: 0 | S38: 0 | T38: 15 | U38: 2 | V38: 3 | W38: 8 | X38: 6 | Y38: 0 | Z38: 0 | AA38: 9 | AB38: 47 | AC38: 0 | AD38: 1 | AE38: 6 | AF38: 0 | AG38: 0 | AH38: 15 | AI38: 5 | AJ38: 0 | AK38: 10 | AL38: *
C39: 1次（合計） | E39: =SUM(H39:AK39) -> 201 | F39: - | G39: 件数 | J39: =SUM(J45*$F$45,J46*$F$46,J47*$F$47) -> 0 | K39: =SUM(K45*$F$45,K46*$F$46,K47*$F$47) -> 0 | L39: =SUM(L45*$F$45,L46*$F$46,L47*$F$47) -> 0 | M39: =SUM(M45*$F$45,M46*$F$46,M47*$F$47) -> 0 | N39: =SUM(N45*$F$45,N46*$F$46,N47*$F$47) -> 6 | O39: =SUM(O45*$F$45,O46*$F$46,O47*$F$47) -> 6 | P39: =SUM(P45*$F$45,P46*$F$46,P47*$F$47) -> 6 | Q39: =SUM(Q45*$F$45,Q46*$F$46,Q47*$F$47) -> 6 | ... AK39: =SUM(AK45*$F$45,AK46*$F$46,AK47*$F$47) -> 21 | AL39: *
C40: 1次（累計） | E40: - | F40: - | G40: 件数 | H40: =H39 -> 0 | I40: =H40+I39 -> 0 | J40: =I40+J39 -> 0 | K40: =J40+K39 -> 0 | L40: =K40+L39 -> 0 | M40: =L40+M39 -> 0 | N40: =M40+N39 -> 6 | O40: =N40+O39 -> 12 | P40: =O40+P39 -> 18 | ... AK40: =AJ40+AK39 -> 201
C41: 2次（合計） | E41: =SUM(H41:AK41) -> 173 | F41: - | G41: 件数 | J41: =SUM(J48*$F$48,J49*$F$49,J50*$F$50,J51*$F$51) -> 8.5 | K41: =SUM(K48*$F$48,K49*$F$49,K50*$F$50,K51*$F$51) -> 0 | L41: =SUM(L48*$F$48,L49*$F$49,L50*$F$50,L51*$F$51) -> 0 | M41: =SUM(M48*$F$48,M49*$F$49,M50*$F$50,M51*$F$51) -> 8.5 | N41: =SUM(N48*$F$48,N49*$F$49,N50*$F$50,N51*$F$51) -> 8.5 | O41: =SUM(O48*$F$48,O49*$F$49,O50*$F$50,O51*$F$51) -> 8.5 | P41: =SUM(P48*$F$48,P49*$F$49,P50*$F$50,P51*$F$51) -> 8.5 | Q41: =SUM(Q48*$F$48,Q49*$F$49,Q50*$F$50,Q51*$F$51) -> 8.5 | ... AK41: =SUM(AK48*$F$48,AK49*$F$49,AK50*$F$50,AK51*$F$51) -> 13.5 | AL41: *
C42: 2次（累計） | E42: - | F42: - | G42: 件数 | H42: =H41 -> 0 | I42: =H42+I41 -> 0 | J42: =I42+J41 -> 8.5 | K42: =J42+K41 -> 8.5 | L42: =K42+L41 -> 8.5 | M42: =L42+M41 -> 17 | N42: =M42+N41 -> 25.5 | O42: =N42+O41 -> 34 | P42: =O42+P41 -> 42.5 | ... AK42: =AJ42+AK41 -> 173
C43: 1次残件数 | E43: =E38-E39 -> 64 | F43: - | G43: 件数 | J43: =I43+J38-J39 -> 83 | K43: =J43+K38-K39 -> 83 | L43: =K43+L38-L39 -> 83 | M43: =L43+M38-M39 -> 84 | N43: =M43+N38-N39 -> 125 | O43: =N43+O38-O39 -> 119 | P43: =O43+P38-P39 -> 114 | Q43: =P43+Q38-Q39 -> 114 | ... AK43: =AJ43+AK38-AK39 -> 64 | AL43: *
C44: 2次残件数 | E44: =E38-E41 -> 92 | F44: - | G44: 件数 | J44: =I44+J38-J41 -> 74.5 | K44: =J44+K38-K41 -> 74.5 | L44: =K44+L38-L41 -> 74.5 | M44: =L44+M38-M41 -> 67 | N44: =M44+N38-N41 -> 105.5 | O44: =N44+O38-O41 -> 97 | P44: =O44+P38-P41 -> 89.5 | Q44: =P44+Q38-Q41 -> 87 | ... AK44: =AJ44+AK38-AK41 -> 92 | AL44: *
C45: 1次 | D45: OP | E45: =SUM(H45:AK45)*F45 -> 0 | F45: 40 | G45: 人数 | AL45: *
D46: 津嘉山 | E46: =SUM(H46:AK46)*F46 -> 96 | F46: 30 | G46: 人数 | N46: 0.2 | O46: 0.2 | P46: 0.2 | Q46: 0.2 | T46: 0.2 | U46: 0.2 | V46: 0.2 | W46: 0.2 | X46: 0.2 | AA46: 0.2 | AB46: 0.2 | AC46: 0.2 | AD46: 0.2 | AE46: 0.2 | AH46: 0.2 | AK46: 0.2 | AL46: *
D47: RPA | E47: =SUM(H47:AK47)*F47 -> 105 | F47: 30 | G47: 人数 | T47: 1 | AA47: 1 | AH47: 1 | AK47: 0.5 | AL47: *
C48: 2次 | D48: 西村 | E48: =SUM(H48:AK48)*F48 -> 0 | F48: 8 | G48: 人数 | AL48: *
D49: 栗城 | E49: =SUM(H49:AK49)*F49 -> 63 | F49: 35 | G49: 人数 | J49: 0.1 | M49: 0.1 | N49: 0.1 | O49: 0.1 | P49: 0.1 | Q49: 0.1 | T49: 0.1 | U49: 0.1 | V49: 0.1 | W49: 0.1 | X49: 0.1 | AA49: 0.1 | AB49: 0.1 | AC49: 0.1 | AD49: 0.1 | AE49: 0.1 | AH49: 0.1 | AK49: 0.1 | AL49: *
D50: 管理 | E50: =SUM(H50:AK50)*F50 -> 110 | F50: 10 | G50: 人数 | J50: 0.5 | M50: 0.5 | N50: 0.5 | O50: 0.5 | P50: 0.5 | Q50: 0.5 | T50: 1 | U50: 0.5 | V50: 0.5 | W50: 0.5 | X50: 0.5 | AA50: 1 | AB50: 0.5 | AC50: 0.5 | AD50: 0.5 | AE50: 0.5 | AH50: 1 | AK50: 1 | AL50: *
G51: 人数 | AL51: *
B52: 住居 | C52: 申請（合計） | E52: =SUM(H52:AK52) -> 356 | F52: - | G52: 件数 | J52: =115+28 -> 143 | K52: 0 | L52: 0 | M52: 9 | N52: 11 | O52: 5 | P52: 10 | Q52: 13 | R52: 0 | S52: 0 | T52: 4 | U52: 51 | V52: 7 | W52: 18 | X52: 10 | Y52: 0 | Z52: 0 | AA52: 15 | AB52: 11 | AC52: 5 | AD52: 10 | AE52: 13 | AF52: 0 | AG52: 0 | AH52: 4 | AI52: 7 | AJ52: 0 | AK52: 10 | AL52: *
C53: 1次（合計） | E53: =SUM(H53:AK53) -> 208 | F53: - | G53: 件数 | J53: =SUM(J59*$F$59,J60*$F$60,J61*$F$61) -> 0 | K53: =SUM(K59*$F$59,K60*$F$60,K61*$F$61) -> 0 | L53: =SUM(L59*$F$59,L60*$F$60,L61*$F$61) -> 0 | M53: =SUM(M59*$F$59,M60*$F$60,M61*$F$61) -> 10 | N53: =SUM(N59*$F$59,N60*$F$60,N61*$F$61) -> 18 | O53: =SUM(O59*$F$59,O60*$F$60,O61*$F$61) -> 18 | P53: =SUM(P59*$F$59,P60*$F$60,P61*$F$61) -> 18 | Q53: =SUM(Q59*$F$59,Q60*$F$60,Q61*$F$61) -> 18 | ... AK53: =SUM(AK59*$F$59,AK60*$F$60,AK61*$F$61) -> 8 | AL53: *
C54: 1次（累計） | E54: - | F54: - | G54: 件数 | H54: =H53 -> 0 | I54: =H54+I53 -> 0 | J54: =I54+J53 -> 0 | K54: =J54+K53 -> 0 | L54: =K54+L53 -> 0 | M54: =L54+M53 -> 10 | N54: =M54+N53 -> 28 | O54: =N54+O53 -> 46 | P54: =O54+P53 -> 64 | ... AK54: =AJ54+AK53 -> 208
C55: 2次（合計） | E55: =SUM(H55:AK55) -> 210.6 | F55: - | G55: 件数 | J55: =SUM(J62*$F$62,J63*$F$63,J64*$F$64,J65*$F$65) -> 11.7 | K55: =SUM(K62*$F$62,K63*$F$63,K64*$F$64,K65*$F$65) -> 0 | L55: =SUM(L62*$F$62,L63*$F$63,L64*$F$64,L65*$F$65) -> 0 | M55: =SUM(M62*$F$62,M63*$F$63,M64*$F$64,M65*$F$65) -> 11.7 | N55: =SUM(N62*$F$62,N63*$F$63,N64*$F$64,N65*$F$65) -> 11.7 | O55: =SUM(O62*$F$62,O63*$F$63,O64*$F$64,O65*$F$65) -> 11.7 | P55: =SUM(P62*$F$62,P63*$F$63,P64*$F$64,P65*$F$65) -> 11.7 | Q55: =SUM(Q62*$F$62,Q63*$F$63,Q64*$F$64,Q65*$F$65) -> 11.7 | ... AK55: =SUM(AK62*$F$62,AK63*$F$63,AK64*$F$64,AK65*$F$65) -> 11.7 | AL55: *
C56: 2次（累計） | E56: - | F56: - | G56: 件数 | H56: =H55 -> 0 | I56: =H56+I55 -> 0 | J56: =I56+J55 -> 11.7 | K56: =J56+K55 -> 11.7 | L56: =K56+L55 -> 11.7 | M56: =L56+M55 -> 23.4 | N56: =M56+N55 -> 35.1 | O56: =N56+O55 -> 46.8 | P56: =O56+P55 -> 58.5 | ... AK56: =AJ56+AK55 -> 210.6
C57: 1次残件数 | E57: =E52-E53 -> 148 | F57: - | G57: 件数 | J57: =I57+J52-J53 -> 143 | K57: =J57+K52-K53 -> 143 | L57: =K57+L52-L53 -> 143 | M57: =L57+M52-M53 -> 142 | N57: =M57+N52-N53 -> 135 | O57: =N57+O52-O53 -> 122 | P57: =O57+P52-P53 -> 114 | Q57: =P57+Q52-Q53 -> 109 | ... AK57: =AJ57+AK52-AK53 -> 148 | AL57: *
C58: 2次残件数 | E58: =E52-E55 -> 145.4 | F58: - | G58: 件数 | J58: =I58+J52-J55 -> 131.3 | K58: =J58+K52-K55 -> 131.3 | L58: =K58+L52-L55 -> 131.3 | M58: =L58+M52-M55 -> 128.6 | N58: =M58+N52-N55 -> 127.9 | O58: =N58+O52-O55 -> 121.2 | P58: =O58+P52-P55 -> 119.5 | Q58: =P58+Q52-Q55 -> 120.8 | ... AK58: =AJ58+AK52-AK55 -> 145.4 | AL58: *
C59: 1次 | D59: OP | E59: =SUM(H59:AK59)*F59 -> 80 | F59: 20 | G59: 人数 | M59: 0.5 | N59: 0.5 | O59: 0.5 | P59: 0.5 | Q59: 0.5 | T59: 0.5 | AA59: 0.5 | AH59: 0.5 | AL59: *
D60: 津嘉山 | E60: =SUM(H60:AK60)*F60 -> 128 | F60: 10 | G60: 人数 | N60: 0.8 | O60: 0.8 | P60: 0.8 | Q60: 0.8 | T60: 0.8 | U60: 0.8 | V60: 0.8 | W60: 0.8 | X60: 0.8 | AA60: 0.8 | AB60: 0.8 | AC60: 0.8 | AD60: 0.8 | AE60: 0.8 | AH60: 0.8 | AK60: 0.8 | AL60: *
E61: =SUM(H61:AK61)*F61 -> 0 | G61: 人数 | AL61: *
C62: 2次 | D62: 西村 | E62: =SUM(H62:AK62)*F62 -> 0 | F62: 8 | G62: 人数 | AL62: *
D63: 栗城 | E63: =SUM(H63:AK63)*F63 -> 210.6 | F63: 13 | G63: 人数 | J63: 0.9 | M63: 0.9 | N63: 0.9 | O63: 0.9 | P63: 0.9 | Q63: 0.9 | T63: 0.9 | U63: 0.9 | V63: 0.9 | W63: 0.9 | X63: 0.9 | AA63: 0.9 | AB63: 0.9 | AC63: 0.9 | AD63: 0.9 | AE63: 0.9 | AH63: 0.9 | AK63: 0.9 | AL63: *
D64: 管理 | E64: =SUM(H64:AK64)*F64 -> 0 | G64: 人数 | AL64: *
G65: 人数 | AL65: *
B66: OP人数合計 | H66: =H13+H23+H31+H45+H59 -> 0 | I66: =I13+I23+I31+I45+I59 -> 0 | J66: =J13+J23+J31+J45+J59 -> 2.5 | K66: =K13+K23+K31+K45+K59 -> 0 | L66: =L13+L23+L31+L45+L59 -> 0 | M66: =M13+M23+M31+M45+M59 -> 1.5 | N66: =N13+N23+N31+N45+N59 -> 2 | O66: =O13+O23+O31+O45+O59 -> 1.5 | ... AK66: =AK13+AK23+AK31+AK45+AK59 -> 1.5 | AL66: *
B67: OPシフト人数 | H67: 0 | I67: 0 | J67: 4 | K67: 0 | L67: 0 | M67: 3 | N67: 4 | O67: 3 | P67: 3 | Q67: 4 | R67: 0 | S67: 0 | T67: 3 | U67: 4 | V67: 3 | W67: 3 | X67: 4 | Y67: 0 | Z67: 0 | AA67: 3 | AB67: 4 | AC67: 3 | AD67: 3 | AE67: 4 | AF67: 0 | AG67: 0 | AH67: 3 | AI67: 4 | AJ67: 0 | AK67: 3 | AL67: *
B68: 受領人数 | H68: 0 | I68: 0 | J68: 1.5 | K68: 0 | L68: 0 | M68: 1.5 | N68: 2 | O68: 1.5 | P68: 1.5 | Q68: 1.5 | R68: 0 | S68: 0 | T68: 1.5 | U68: 2 | V68: 1.5 | W68: 1.5 | X68: 1.5 | Y68: 0 | Z68: 0 | AA68: 1.5 | AB68: 2 | AC68: 1.5 | AD68: 1.5 | AE68: 1.5 | AF68: 0 | AG68: 0 | AH68: 1.5 | AI68: 2 | AJ68: 0 | AK68: 1.5 | AL68: *
B69: 差分 | H69: =H67-(H66+H68) -> 0 | I69: =I67-(I66+I68) -> 0 | J69: =J67-(J66+J68) -> 0 | K69: =K67-(K66+K68) -> 0 | L69: =L67-(L66+L68) -> 0 | M69: =M67-(M66+M68) -> 0 | N69: =N67-(N66+N68) -> 0 | O69: =O67-(O66+O68) -> 0 | ... AK69: =AK67-(AK66+AK68) -> 0 | AL69: *

Sheet 0401(実績)
J2: 1 | M2: 1 | N2: 1 | O2: 1 | P2: 1 | Q2: 1 | T2: 1 | U2: 1 | V2: 1 | W2: 1 | X2: 1 | AA2: 1 | AB2: 1 | AC2: 1 | AD2: 1 | AE2: 1 | AH2: 1 | AI2: 1 | AK2: 1 | AL2: =SUM(H2:AK2) -> 19
E3: 予測件数 | F3: 件数/人 | H3: 46113 | N3: システム停止日 | T3: システム停止日 | AL3: *
H4: =H3 -> 46113 | I4: =H4+1 -> 46114 | J4: =I4+1 -> 46115 | K4: =J4+1 -> 46116 | L4: =K4+1 -> 46117 | M4: =L4+1 -> 46118 | N4: =M4+1 -> 46119 | O4: =N4+1 -> 46120 | P4: =O4+1 -> 46121 | ... AK4: =AJ4+1 -> 46142 | AL4: *
H5: =H4 -> 46113 | I5: =I4 -> 46114 | J5: =J4 -> 46115 | K5: =K4 -> 46116 | L5: =L4 -> 46117 | M5: =M4 -> 46118 | N5: =N4 -> 46119 | O5: =O4 -> 46120 | ... AK5: =AK4 -> 46142 | AL5: *
B6: 通勤 | C6: 申請（合計） | E6: =SUM(H6:AK6) -> 2876 | F6: - | G6: 件数 | J6: =104+91 -> 195 | M6: 113 | N6: 144 | O6: 122 | P6: 156 | Q6: 139 | T6: 144 | U6: 229 | V6: 126 | W6: 127 | X6: 109 | AA6: 188 | AB6: 86 | AC6: 277 | AD6: 136 | AE6: 124 | AH6: 110 | AI6: 159 | AK6: 192 | AL6: =SUM(H6:AK6) -> 2876
C7: 1次（合計） | E7: =SUM(H7:AK7) -> 1831 | F7: - | G7: 件数 | H7: =SUM(H13:H23) -> 0 | I7: =SUM(I13:I23) -> 0 | J7: =SUM(J13:J23) -> 29 | K7: =SUM(K13:K23) -> 0 | L7: =SUM(L13:L23) -> 0 | M7: =SUM(M13:M23) -> 73 | N7: =SUM(N13:N23) -> 88 | O7: =SUM(O13:O23) -> 78 | ... AK7: =SUM(AK13:AK23) -> 119 | AL7: *
C8: １次（累計） | E8: =AK8 -> 1831 | F8: - | G8: 件数 | H8: =H7 -> 0 | I8: =H8+I7 -> 0 | J8: =I8+J7 -> 29 | K8: =J8+K7 -> 29 | L8: =K8+L7 -> 29 | M8: =L8+M7 -> 102 | N8: =M8+N7 -> 190 | O8: =N8+O7 -> 268 | P8: =O8+P7 -> 340 | ... AK8: =AJ8+AK7 -> 1831 | AL8: *
C9: 2次（合計） | E9: =SUM(H9:AK9) -> 1093 | F9: - | G9: 件数 | H9: =SUM(H24:H28) -> 0 | I9: =SUM(I24:I28) -> 0 | J9: =SUM(J24:J28) -> 24 | K9: =SUM(K24:K28) -> 0 | L9: =SUM(L24:L28) -> 0 | M9: =SUM(M24:M28) -> 17 | N9: =SUM(N24:N28) -> 32 | O9: =SUM(O24:O28) -> 44 | ... AK9: =SUM(AK24:AK28) -> 70 | AL9: *
C10: 2次（累計） | E10: =AK10 -> 1093 | F10: - | G10: 件数 | H10: =H9 -> 0 | I10: =H10+I9 -> 0 | J10: =I10+J9 -> 24 | K10: =J10+K9 -> 24 | L10: =K10+L9 -> 24 | M10: =L10+M9 -> 41 | N10: =M10+N9 -> 73 | O10: =N10+O9 -> 117 | P10: =O10+P9 -> 157 | ... AK10: =AJ10+AK9 -> 1093 | AL10: *
C11: 1次残件数 | E11: =E6-E7 -> 1045 | F11: - | G11: 件数 | H11: =H6-H7 -> 0 | I11: =H11+I6-I7 -> 0 | J11: =I11+J6-J7 -> 166 | K11: =J11+K6-K7 -> 166 | L11: =K11+L6-L7 -> 166 | M11: =L11+M6-M7 -> 206 | N11: =M11+N6-N7 -> 262 | O11: =N11+O6-O7 -> 306 | P11: =O11+P6-P7 -> 390 | ... AK11: =AJ11+AK6-AK7 -> 1045 | AL11: *
C12: 2次残件数 | E12: =E6-E9 -> 1783 | F12: - | G12: 件数 | H12: =SUM($H$6:H6)-SUM($H$9:H9) -> 0 | I12: =H12+I6-I9 -> 0 | J12: =I12+J6-J9 -> 171 | K12: =J12+K6-K9 -> 171 | L12: =K12+L6-L9 -> 171 | M12: =L12+M6-M9 -> 267 | N12: =M12+N6-N9 -> 379 | O12: =N12+O6-O9 -> 457 | P12: =O12+P6-P9 -> 573 | ... AK12: =AJ12+AK6-AK9 -> 1783 | AL12: *
C13: 1次 | D13: 伊藤 | E13: =SUM(H13:AK13) -> 51 | F13: 20 | G13: 件数 | N13: 11 | V13: 13 | AC13: 15 | AE13: 11 | AI13: 1 | AL13: *
D14: 植田 | E14: =SUM(H14:AK14) -> 70 | F14: 20 | G14: 件数 | Q14: 7 | U14: 11 | W14: 13 | AB14: 12 | AD14: 11 | AE14: 11 | AK14: 5 | AL14: *
D15: 兼田 | E15: =SUM(H15:AK15) -> 46 | F15: 20 | G15: 件数 | J15: 5 | N15: 9 | P15: 7 | U15: 6 | AA15: 9 | AH15: 10 | AL15: *
D16: 島 | E16: =SUM(H16:AK16) -> 57 | F16: 20 | G16: 件数 | M16: 12 | O16: 15 | X16: 17 | AI16: 13 | AL16: *
D17: 大場 | E17: =SUM(H17:AK17) -> 137 | F17: 20 | G17: 件数 | J17: 12 | M17: 5 | N17: 10 | O17: 8 | P17: 7 | T17: 11 | U17: 7 | V17: 12 | W17: 11 | X17: 6 | AA17: 5 | AB17: 8 | AC17: 14 | AD17: 6 | AE17: 5 | AH17: 6 | AI17: 4 | AL17: *
D18: 平田 | E18: =SUM(H18:AK18) -> 217 | F18: 20 | G18: 件数 | J18: 5 | M18: 13 | N18: 11 | O18: 14 | P18: 13 | Q18: 10 | T18: 12 | U18: 10 | V18: 11 | W18: 10 | X18: 15 | AA18: 17 | AB18: 14 | AC18: 12 | AD18: 7 | AE18: 9 | AH18: 16 | AI18: 10 | AK18: 8 | AL18: *
D19: 丸山 | E19: =SUM(H19:AK19) -> 191 | F19: 20 | G19: 件数 | J19: 7 | M19: 12 | N19: 15 | O19: 10 | P19: 11 | Q19: 4 | T19: 9 | U19: 7 | W19: 15 | X19: 10 | AA19: 12 | AB19: 12 | AC19: 10 | AD19: 12 | AE19: 7 | AH19: 12 | AI19: 16 | AK19: 10 | AL19: *
D20: 三浦 | E20: =SUM(H20:AK20) -> 352 | F20: 30 | G20: 件数 | U20: 14 | V20: 26 | W20: 29 | X20: 34 | AA20: 33 | AB20: 34 | AC20: 37 | AD20: 33 | AH20: 33 | AI20: 38 | AK20: 41 | AL20: *
D21: 目黒 | E21: =SUM(H21:AK21) -> 294 | F21: 15 | G21: 件数 | M21: 15 | N21: 16 | O21: 16 | P21: 15 | Q21: 16 | U21: 15 | V21: 19 | W21: 15 | X21: 15 | AA21: 14 | AB21: 17 | AC21: 20 | AD21: 17 | AE21: 19 | AH21: 21 | AI21: 18 | AK21: 26 | AL21: *
D22: 池田 | E22: =SUM(H22:AK22) -> 352 | F22: 10 | G22: 件数 | M22: 16 | N22: 16 | O22: 15 | P22: 19 | Q22: 19 | U22: 18 | V22: 21 | W22: 23 | X22: 25 | AA22: 21 | AB22: 19 | AC22: 23 | AD22: 25 | AE22: 19 | AH22: 23 | AI22: 21 | AK22: 29 | AL22: *
D23: 市丸 | E23: - | F23: - | G23: 件数 | V23: 40 | W23: 1 | AB23: 19 | AE23: 4 | AL23: *
C24: 2次 | D24: 田中 | E24: =SUM(H24:AK24) -> 221 | F24: 30 | G24: 件数 | M24: 6 | O24: 2 | P24: 1 | Q24: 8 | T24: 8 | U24: 7 | V24: 18 | W24: 26 | X24: 3 | AA24: 15 | AB24: 18 | AC24: 30 | AD24: 2 | AE24: 6 | AH24: 26 | AI24: 20 | AK24: 25 | AL24: *
D25: 小野 | E25: =SUM(H25:AK25) -> 714 | F25: 40 | G25: 件数 | J25: 24 | N25: 32 | O25: 40 | P25: 39 | Q25: 44 | T25: 45 | U25: 27 | V25: 41 | W25: 46 | X25: 50 | AA25: 41 | AB25: 30 | AC25: 40 | AD25: 41 | AE25: 45 | AH25: 40 | AI25: 44 | AK25: 45 | AL25: *
D26: 大場 | E26: =SUM(H26:AK26) -> 69 | F26: 20 | G26: 件数 | M26: 11 | O26: 2 | V26: 3 | W26: 3 | X26: 7 | AA26: 9 | AB26: 3 | AC26: 5 | AD26: 7 | AE26: 7 | AH26: 10 | AI26: 2 | AL26: *
D27: 市丸 | E27: - | F27: - | G27: 件数 | W27: 40 | AB27: 19 | AE27: 4 | AL27: *
D28: OP | E28: =SUM(H28:AK28) -> 26 | F28: 20 | G28: 件数 | Q28: 4 | X28: 7 | AB28: 7 | AE28: 4 | AI28: 4 | AL28: *
B29: 扶養 児童 | C29: 申請（合計） | E29: =SUM(H29:AK29) -> 803 | F29: - | G29: 件数 | J29: =151+36 -> 187 | M29: 21 | N29: 39 | O29: 28 | P29: 34 | Q29: 49 | T29: 33 | U29: 55 | V29: 33 | W29: 24 | X29: 33 | AA29: 44 | AB29: 36 | AC29: 29 | AD29: 41 | AE29: 31 | AH29: 33 | AI29: 29 | AK29: 24 | AL29: *
C30: 1次（合計） | E30: =SUM(H30:AK30) -> 648 | F30: - | G30: 件数 | J30: =SUM(J36:J41) -> 21 | K30: =SUM(K36:K41) -> 0 | L30: =SUM(L36:L41) -> 0 | M30: =SUM(M36:M41) -> 12 | N30: =SUM(N36:N41) -> 24 | O30: =SUM(O36:O41) -> 24 | P30: =SUM(P36:P41) -> 32 | Q30: =SUM(Q36:Q41) -> 38 | ... AK30: =SUM(AK36:AK41) -> 34 | AL30: *
C31: １次（累計） | E31: =AK31 -> 648 | F31: - | G31: 件数 | J31: =I31+J30 -> 21 | K31: =J31+K30 -> 21 | L31: =K31+L30 -> 21 | M31: =L31+M30 -> 33 | N31: =M31+N30 -> 57 | O31: =N31+O30 -> 81 | P31: =O31+P30 -> 113 | Q31: =P31+Q30 -> 151 | ... AK31: =AJ31+AK30 -> 648 | AL31: *
C32: 2次（合計） | E32: =SUM(H32:AK32) -> 510 | F32: - | G32: 件数 | J32: =SUM(J42:J45) -> 16 | K32: =SUM(K42:K45) -> 0 | L32: =SUM(L42:L45) -> 0 | M32: =SUM(M42:M45) -> 13 | N32: =SUM(N42:N45) -> 20 | O32: =SUM(O42:O45) -> 29 | P32: =SUM(P42:P45) -> 25 | Q32: =SUM(Q42:Q45) -> 19 | ... AK32: =SUM(AK42:AK45) -> 22 | AL32: *
C33: 2次（累計） | E33: =AK33 -> 510 | F33: - | G33: 件数 | J33: =I33+J32 -> 16 | K33: =J33+K32 -> 16 | L33: =K33+L32 -> 16 | M33: =L33+M32 -> 29 | N33: =M33+N32 -> 49 | O33: =N33+O32 -> 78 | P33: =O33+P32 -> 103 | Q33: =P33+Q32 -> 122 | ... AK33: =AJ33+AK32 -> 510 | AL33: *
C34: 1次残件数 | E34: =E29-E30 -> 155 | F34: - | G34: 件数 | J34: =I34+J29-J30 -> 166 | K34: =J34+K29-K30 -> 166 | L34: =K34+L29-L30 -> 166 | M34: =L34+M29-M30 -> 175 | N34: =M34+N29-N30 -> 190 | O34: =N34+O29-O30 -> 194 | P34: =O34+P29-P30 -> 196 | Q34: =P34+Q29-Q30 -> 207 | ... AK34: =AJ34+AK29-AK30 -> 155 | AL34: *
C35: 2次残件数 | E35: =E29-E32 -> 293 | F35: - | G35: 件数 | J35: =I35+J29-J32 -> 171 | K35: =J35+K29-K32 -> 171 | L35: =K35+L29-L32 -> 171 | M35: =L35+M29-M32 -> 179 | N35: =M35+N29-N32 -> 198 | O35: =N35+O29-O32 -> 197 | P35: =O35+P29-P32 -> 206 | Q35: =P35+Q29-Q32 -> 236 | ... AK35: =AJ35+AK29-AK32 -> 293 | AL35: *
C36: 1次 | D36: 伊藤 | E36: =SUM(H36:AK36)*F36 -> 735 | F36: 15 | G36: 人数 | J36: 5 | O36: 8 | U36: 11 | W36: 8 | X36: 6 | AD36: 4 | AE36: 1 | AK36: 6 | AL36: *
D37: 植田 | E37: =SUM(H37:AK37)*F37 -> 1470 | F37: 15 | G37: 人数 | N37: 9 | P37: 13 | T37: 9 | U37: 2 | V37: 11 | X37: 16 | AC37: 15 | AH37: 12 | AI37: 11 | AL37: *
D38: 兼田 | E38: =SUM(H38:AK38)*F38 -> 765 | F38: 15 | G38: 人数 | Q38: 2 | T38: 5 | W38: 6 | AB38: 7 | AD38: 9 | AE38: 9 | AI38: 7 | AK38: 6 | AL38: *
D39: 島 | E39: =SUM(H39:AK39)*F39 -> 1395 | F39: 15 | G39: 人数 | J39: 7 | Q39: 12 | U39: 8 | V39: 16 | AA39: 13 | AC39: 19 | AE39: 7 | AH39: 11 | AL39: *
D40: 小菅 | E40: =SUM(H40:AK40)*F40 -> 5025 | F40: 15 | G40: 人数 | J40: 9 | M40: 12 | N40: 15 | O40: 16 | P40: 19 | Q40: 24 | T40: 20 | U40: 26 | W40: 23 | X40: 25 | AA40: 19 | AB40: 18 | AC40: 27 | AD40: 20 | AE40: 20 | AH40: 19 | AI40: 23 | AL40: *
G41: 人数 | AK41: 22 | AL41: *
C42: 2次 | D42: 西村 | E42: =SUM(H42:AK42)*F42 -> 3770 | F42: 13 | G42: 人数 | J42: 15 | M42: 11 | N42: 16 | O42: 21 | P42: 14 | Q42: 6 | T42: 18 | U42: 9 | V42: 20 | W42: 14 | X42: 21 | AA42: 24 | AB42: 9 | AC42: 23 | AD42: 16 | AE42: 13 | AH42: 8 | AI42: 15 | AK42: 17 | AL42: *
D43: 栗城 | E43: =SUM(H43:AK43)*F43 -> 1760 | F43: 10 | G43: 人数 | J43: 1 | M43: 2 | N43: 4 | O43: 8 | P43: 11 | Q43: 13 | T43: 18 | U43: 16 | V43: 15 | W43: 15 | X43: 5 | AA43: 3 | AB43: 8 | AC43: 8 | AD43: 9 | AE43: 10 | AH43: 14 | AI43: 13 | AK43: 3 | AL43: *
D44: 管理 | E44: =SUM(H44:AK44) -> 44 | G44: 人数 | AB44: 9 | AD44: 10 | AE44: 10 | AH44: 9 | AI44: 4 | AK44: 2 | AL44: *
G45: 人数 | AL45: *
B46: 給与 | C46: 申請（合計） | E46: =SUM(H46:AK46) -> 254 | F46: - | G46: 件数 | J46: =44+4 -> 48 | M46: 2 | N46: 8 | O46: 5 | P46: 1 | Q46: 4 | T46: 34 | U46: 32 | V46: 9 | W46: 33 | X46: 0 | AA46: 1 | AB46: 23 | AC46: 0 | AD46: 2 | AE46: 5 | AH46: 41 | AI46: 2 | AK46: 4 | AL46: *
C47: 1次（合計） | E47: =SUM(H47:AK47) -> 195 | F47: - | G47: 件数 | J47: =SUM(J53:J58) -> 13 | K47: =SUM(K53:K58) -> 0 | L47: =SUM(L53:L58) -> 0 | M47: =SUM(M53:M58) -> 21 | N47: =SUM(N53:N58) -> 0 | O47: =SUM(O53:O58) -> 5 | P47: =SUM(P53:P58) -> 11 | Q47: =SUM(Q53:Q58) -> 5 | ... AK47: =SUM(AK53:AK58) -> 1 | AL47: *
C48: １次（累計） | E48: =AK48 -> 195 | F48: - | G48: 件数 | J48: =I48+J47 -> 13 | K48: =J48+K47 -> 13 | L48: =K48+L47 -> 13 | M48: =L48+M47 -> 34 | N48: =M48+N47 -> 34 | O48: =N48+O47 -> 39 | P48: =O48+P47 -> 50 | Q48: =P48+Q47 -> 55 | ... AK48: =AJ48+AK47 -> 195 | AL48: *
C49: 2次（合計） | E49: =SUM(H49:AK49) -> 200 | F49: - | G49: 件数 | J49: =SUM(J59:J62) -> 3 | K49: =SUM(K59:K62) -> 0 | L49: =SUM(L59:L62) -> 0 | M49: =SUM(M59:M62) -> 20 | N49: =SUM(N59:N62) -> 10 | O49: =SUM(O59:O62) -> 6 | P49: =SUM(P59:P62) -> 0 | Q49: =SUM(Q59:Q62) -> 5 | ... AK49: =SUM(AK59:AK62) -> 7 | AL49: *
C50: 2次（累計） | E50: =AK50 -> 200 | F50: - | G50: 件数 | J50: =I50+J49 -> 3 | K50: =J50+K49 -> 3 | L50: =K50+L49 -> 3 | M50: =L50+M49 -> 23 | N50: =M50+N49 -> 33 | O50: =N50+O49 -> 39 | P50: =O50+P49 -> 39 | Q50: =P50+Q49 -> 44 | ... AK50: =AJ50+AK49 -> 200 | AL50: *
C51: 1次残件数 | E51: =E46-E47 -> 59 | F51: - | G51: 件数 | J51: =I51+J46-J47 -> 35 | K51: =J51+K46-K47 -> 35 | L51: =K51+L46-L47 -> 35 | M51: =L51+M46-M47 -> 16 | N51: =M51+N46-N47 -> 24 | O51: =N51+O46-O47 -> 24 | P51: =O51+P46-P47 -> 14 | Q51: =P51+Q46-Q47 -> 13 | ... AK51: =AJ51+AK46-AK47 -> 59 | AL51: *
C52: 2次残件数 | E52: =E46-E49 -> 54 | F52: - | G52: 件数 | J52: =I52+J46-J49 -> 45 | K52: =J52+K46-K49 -> 45 | L52: =K52+L46-L49 -> 45 | M52: =L52+M46-M49 -> 27 | N52: =M52+N46-N49 -> 25 | O52: =N52+O46-O49 -> 24 | P52: =O52+P46-P49 -> 25 | Q52: =P52+Q46-Q49 -> 24 | ... AK52: =AJ52+AK46-AK49 -> 54 | AL52: *
C53: 1次 | D53: 伊藤 | E53: =SUM(H53:AK53)*F53 -> 200 | F53: 40 | G53: 人数 | AA53: 2 | AB53: 3 | AL53: *
D54: 植田 | E54: =SUM(H54:AK54)*F54 -> 520 | F54: 40 | G54: 人数 | J54: 13 | AL54: *
D55: 兼田 | E55: =SUM(H55:AK55)*F55 -> 0 | F55: 40 | G55: 人数 | AL55: *
D56: 島 | E56: =SUM(H56:AK56)*F56 -> 0 | F56: 40 | G56: 人数 | AL56: *
D57: 津嘉山 | E57: =SUM(H57:AK57)*F57 -> 2940 | F57: 30 | G57: 人数 | M57: 21 | O57: 5 | P57: 11 | Q57: 5 | T57: 8 | V57: 3 | W57: 8 | X57: 3 | AA57: 5 | AC57: 8 | AD57: 9 | AE57: 10 | AH57: 2 | AL57: *
D58: RPA | E58: =SUM(H58:AK58)*F58 -> 2370 | F58: 30 | G58: 人数 | T58: 26 | W58: 12 | AB58: 9 | AC58: 3 | AH58: 28 | AK58: 1 | AL58: *
C59: 2次 | D59: 西村 | E59: =SUM(H59:AK59)*F59 -> 0 | F59: 8 | G59: 人数 | AL59: *
D60: 栗城 | E60: =SUM(H60:AK60)*F60 -> 4235 | F60: 35 | G60: 人数 | J60: 3 | M60: 20 | N60: 10 | O60: 6 | Q60: 5 | T60: 11 | U60: 2 | V60: 8 | W60: 3 | X60: 8 | AA60: 3 | AB60: 5 | AC60: 2 | AD60: 7 | AE60: 10 | AI60: 12 | AK60: 6 | AL60: *
D61: 管理 | E61: =SUM(H61:AK61)*F61 -> 790 | F61: 10 | G61: 人数 | T61: 26 | W61: 12 | AB61: 9 | AC61: 3 | AH61: 28 | AK61: 1 | AL61: *
G62: 人数 | AL62: *
B63: 住居 | C63: 申請（合計） | E63: =SUM(H63:AK63) -> 324 | F63: - | G63: 件数 | J63: =115+24 -> 139 | M63: 10 | N63: 9 | O63: 13 | P63: 11 | Q63: 10 | T63: 7 | U63: 11 | V63: 19 | W63: 8 | X63: 14 | AA63: 11 | AB63: 7 | AC63: 6 | AD63: 9 | AE63: 10 | AH63: 5 | AI63: 10 | AK63: 15 | AL63: *
C64: 1次（合計） | E64: =SUM(H64:AK64) -> 213 | F64: - | G64: 件数 | J64: =SUM(J70:J75) -> 6 | K64: =SUM(K70:K75) -> 0 | L64: =SUM(L70:L75) -> 0 | M64: =SUM(M70:M75) -> 14 | N64: =SUM(N70:N75) -> 24 | O64: =SUM(O70:O75) -> 15 | P64: =SUM(P70:P75) -> 17 | Q64: =SUM(Q70:Q75) -> 0 | ... AK64: =SUM(AK70:AK75) -> 14 | AL64: *
C65: １次（累計） | E65: =AK65 -> 213 | F65: - | G65: 件数 | J65: =I65+J64 -> 6 | K65: =J65+K64 -> 6 | L65: =K65+L64 -> 6 | M65: =L65+M64 -> 20 | N65: =M65+N64 -> 44 | O65: =N65+O64 -> 59 | P65: =O65+P64 -> 76 | Q65: =P65+Q64 -> 76 | ... AK65: =AJ65+AK64 -> 213 | AL65: *
C66: 2次（合計） | E66: =SUM(H66:AK66) -> 255 | F66: - | G66: 件数 | J66: =SUM(J76:J79) -> 22 | K66: =SUM(K76:K79) -> 0 | L66: =SUM(L76:L79) -> 0 | M66: =SUM(M76:M79) -> 4 | N66: =SUM(N76:N79) -> 11 | O66: =SUM(O76:O79) -> 15 | P66: =SUM(P76:P79) -> 14 | Q66: =SUM(Q76:Q79) -> 9 | ... AK66: =SUM(AK76:AK79) -> 15 | AL66: *
C67: 2次（累計） | E67: =AK67 -> 255 | F67: - | G67: 件数 | J67: =I67+J66 -> 22 | K67: =J67+K66 -> 22 | L67: =K67+L66 -> 22 | M67: =L67+M66 -> 26 | N67: =M67+N66 -> 37 | O67: =N67+O66 -> 52 | P67: =O67+P66 -> 66 | Q67: =P67+Q66 -> 75 | ... AK67: =AJ67+AK66 -> 255 | AL67: *
C68: 1次残件数 | E68: =E63-E64 -> 111 | F68: - | G68: 件数 | J68: =I68+J63-J64 -> 133 | K68: =J68+K63-K64 -> 133 | L68: =K68+L63-L64 -> 133 | M68: =L68+M63-M64 -> 129 | N68: =M68+N63-N64 -> 114 | O68: =N68+O63-O64 -> 112 | P68: =O68+P63-P64 -> 106 | Q68: =P68+Q63-Q64 -> 116 | ... AK68: =AJ68+AK63-AK64 -> 111 | AL68: *
C69: 2次残件数 | E69: =E63-E66 -> 69 | F69: - | G69: 件数 | J69: =I69+J63-J66 -> 117 | K69: =J69+K63-K66 -> 117 | L69: =K69+L63-L66 -> 117 | M69: =L69+M63-M66 -> 123 | N69: =M69+N63-N66 -> 121 | O69: =N69+O63-O66 -> 119 | P69: =O69+P63-P66 -> 116 | Q69: =P69+Q63-Q66 -> 117 | ... AK69: =AJ69+AK63-AK66 -> 69 | AL69: *
C70: 1次 | D70: 伊藤 | E70: =SUM(H70:AK70)*F70 -> 700 | F70: 20 | G70: 人数 | P70: 17 | AB70: 18 | AL70: *
D71: 植田 | E71: =SUM(H71:AK71)*F71 -> 420 | F71: 20 | G71: 人数 | J71: 6 | O71: 15 | AL71: *
D72: 兼田 | E72: =SUM(H72:AK72)*F72 -> 340 | F72: 20 | G72: 人数 | M72: 14 | AK72: 3 | AL72: *
D73: 島 | E73: =SUM(H73:AK73)*F73 -> 620 | F73: 20 | G73: 人数 | N73: 24 | AE73: 7 | AL73: *
D74: 津嘉山 | E74: =SUM(H74:AK74)*F74 -> 1090 | F74: 10 | G74: 人数 | T74: 9 | V74: 14 | W74: 10 | X74: 10 | AA74: 12 | AC74: 10 | AD74: 11 | AE74: 10 | AH74: 12 | AK74: 11 | AL74: *
E75: =SUM(H75:AK75)*F75 -> 0 | G75: 人数 | AL75: *
C76: 2次 | D76: 西村 | E76: =SUM(H76:AK76)*F76 -> 0 | F76: 8 | G76: 人数 | AL76: *
D77: 栗城 | E77: =SUM(H77:AK77)*F77 -> 3315 | F77: 13 | G77: 人数 | J77: 22 | M77: 4 | N77: 11 | O77: 15 | P77: 14 | Q77: 9 | T77: 11 | U77: 13 | V77: 7 | W77: 12 | X77: 6 | AA77: 12 | AB77: 18 | AC77: 11 | AD77: 11 | AE77: 14 | AH77: 28 | AI77: 22 | AK77: 15 | AL77: *
D78: 管理 | E78: =SUM(H78:AK78)*F78 -> 0 | G78: 人数 | AL78: *
G79: 人数 | AL79: *
B80: OP人数合計 | H80: =H13+H28+H36+H53+H70 -> 0 | I80: =I13+I28+I36+I53+I70 -> 0 | J80: =J13+J28+J36+J53+J70 -> 5 | K80: =K13+K28+K36+K53+K70 -> 0 | L80: =L13+L28+L36+L53+L70 -> 0 | M80: =M13+M28+M36+M53+M70 -> 0 | N80: =N13+N28+N36+N53+N70 -> 11 | O80: =O13+O28+O36+O53+O70 -> 8 | ... AK80: =AK13+AK28+AK36+AK53+AK70 -> 6 | AL80: *
B81: OPシフト人数 | H81: 0 | I81: 0 | J81: 4 | K81: 0 | L81: 0 | M81: 3 | N81: 4 | O81: 3 | P81: 3 | Q81: 4 | R81: 0 | S81: 0 | T81: 3 | U81: 4 | V81: 3 | W81: 3 | X81: 4 | Y81: 0 | Z81: 0 | AA81: 3 | AB81: 4 | AC81: 3 | AD81: 3 | AE81: 4 | AF81: 0 | AG81: 0 | AH81: 3 | AI81: 4 | AJ81: 0 | AK81: 3 | AL81: *
B82: 受領人数 | H82: 0 | I82: 0 | J82: 1.5 | K82: 0 | L82: 0 | M82: 1.5 | N82: 2 | O82: 1.5 | P82: 1.5 | Q82: 1.5 | R82: 0 | S82: 0 | T82: 1.5 | U82: 2 | V82: 1.5 | W82: 1.5 | X82: 1.5 | Y82: 0 | Z82: 0 | AA82: 1.5 | AB82: 2 | AC82: 1.5 | AD82: 1.5 | AE82: 1.5 | AF82: 0 | AG82: 0 | AH82: 1.5 | AI82: 2 | AJ82: 0 | AK82: 1.5 | AL82: *
B83: 差分 | H83: =H81-(H80+H82) -> 0 | I83: =I81-(I80+I82) -> 0 | J83: =J81-(J80+J82) -> -2.5 | K83: =K81-(K80+K82) -> 0 | L83: =L81-(L80+L82) -> 0 | M83: =M81-(M80+M82) -> 1.5 | N83: =N81-(N80+N82) -> -9 | O83: =O81-(O80+O82) -> -6.5 | ... AK83: =AK81-(AK80+AK82) -> -4.5 | AL83: *

Sheet 0401(予実)
J2: 1 | M2: 1 | N2: 1 | O2: 1 | P2: 1 | Q2: 1 | T2: 1 | U2: 1 | V2: 1 | W2: 1 | X2: 1 | AA2: 1 | AB2: 1 | AC2: 1 | AD2: 1 | AE2: 1 | AH2: 1 | AI2: 1 | AK2: 1 | AL2: =SUM(H2:AK2) -> 19
E3: 予測件数 | F3: 件数/人 | H3: 46113 | N3: システム停止日 | T3: システム停止日 | AL3: *
H4: =H3 -> 46113 | I4: =H4+1 -> 46114 | J4: =I4+1 -> 46115 | K4: =J4+1 -> 46116 | L4: =K4+1 -> 46117 | M4: =L4+1 -> 46118 | N4: =M4+1 -> 46119 | O4: =N4+1 -> 46120 | P4: =O4+1 -> 46121 | ... AK4: =AJ4+1 -> 46142 | AL4: *
H5: =H4 -> 46113 | I5: =I4 -> 46114 | J5: =J4 -> 46115 | K5: =K4 -> 46116 | L5: =L4 -> 46117 | M5: =M4 -> 46118 | N5: =N4 -> 46119 | O5: =O4 -> 46120 | ... AK5: =AK4 -> 46142 | AL5: *
B6: 通勤 | C6: 申請（合計） | E6: ='0401(予定）'!E6 -> 4525 | F6: ='0401(予定）'!F6 -> - | G6: ='0401(予定）'!G6 -> 件数 | H6: ='0401(予定）'!H6 -> 0 | I6: ='0401(予定）'!I6 -> 0 | J6: ='0401(予定）'!J6 -> 568 | K6: ='0401(予定）'!K6 -> 0 | L6: ='0401(予定）'!L6 -> 0 | ... AK6: ='0401(予定）'!AK6 -> 205 | AL6: =SUM(H6:AK6) -> 4525
C7: 申請（合計） | E7: ='0401(実績)'!E6 -> 2876 | F7: ='0401(実績)'!F6 -> - | G7: ='0401(実績)'!G6 -> 件数 | H7: ='0401(実績)'!H6 -> 0 | I7: ='0401(実績)'!I6 -> 0 | J7: ='0401(実績)'!J6 -> 195 | K7: ='0401(実績)'!K6 -> 0 | L7: ='0401(実績)'!L6 -> 0 | ... AK7: ='0401(実績)'!AK6 -> 192 | AL7: =SUM(H7:AK7) -> 2876
C8: 1次（累計） | E8: ='0401(予定）'!E8 -> - | F8: ='0401(予定）'!F8 -> - | G8: ='0401(予定）'!G8 -> 件数 | H8: ='0401(予定）'!H8 -> 0 | I8: ='0401(予定）'!I8 -> 0 | J8: ='0401(予定）'!J8 -> 85 | K8: ='0401(予定）'!K8 -> 85 | L8: ='0401(予定）'!L8 -> 85 | ... AK8: ='0401(予定）'!AK8 -> 1520 | AL8: *
C9: １次（累計） | E9: ='0401(実績)'!E8 -> 1831 | F9: ='0401(実績)'!F8 -> - | G9: ='0401(実績)'!G8 -> 件数 | H9: ='0401(実績)'!H8 -> 0 | I9: ='0401(実績)'!I8 -> 0 | J9: ='0401(実績)'!J8 -> 29 | K9: ='0401(実績)'!K8 -> 29 | L9: ='0401(実績)'!L8 -> 29 | ... AK9: ='0401(実績)'!AK8 -> 1831 | AL9: *
C10: 2次（累計） | E10: ='0401(予定）'!E10 -> - | F10: ='0401(予定）'!F10 -> - | G10: ='0401(予定）'!G10 -> 件数 | H10: ='0401(予定）'!H10 -> 0 | I10: ='0401(予定）'!I10 -> 0 | J10: ='0401(予定）'!J10 -> 39 | K10: ='0401(予定）'!K10 -> 39 | L10: ='0401(予定）'!L10 -> 39 | ... AK10: ='0401(予定）'!AK10 -> 1001 | AL10: *
C11: 2次（累計） | E11: ='0401(実績)'!E10 -> 1093 | F11: ='0401(実績)'!F10 -> - | G11: ='0401(実績)'!G10 -> 件数 | H11: ='0401(実績)'!H10 -> 0 | I11: ='0401(実績)'!I10 -> 0 | J11: ='0401(実績)'!J10 -> 24 | K11: ='0401(実績)'!K10 -> 24 | L11: ='0401(実績)'!L10 -> 24 | ... AK11: ='0401(実績)'!AK10 -> 1093 | AL11: *
B12: 扶養 児童 | C12: 申請（合計） | E12: ='0401(予定）'!E24 -> 904 | F12: ='0401(予定）'!F24 -> - | G12: ='0401(予定）'!G24 -> 件数 | H12: ='0401(予定）'!H24 -> 0 | I12: ='0401(予定）'!I24 -> 0 | J12: ='0401(予定）'!J24 -> 174 | K12: ='0401(予定）'!K24 -> 0 | L12: ='0401(予定）'!L24 -> 0 | ... AK12: ='0401(予定）'!AK24 -> 22 | AL12: *
C13: 申請（合計） | E13: ='0401(実績)'!E29 -> 803 | F13: ='0401(実績)'!F29 -> - | G13: ='0401(実績)'!G29 -> 件数 | H13: ='0401(実績)'!H29 -> 0 | I13: ='0401(実績)'!I29 -> 0 | J13: ='0401(実績)'!J29 -> 187 | K13: ='0401(実績)'!K29 -> 0 | L13: ='0401(実績)'!L29 -> 0 | ... AK13: ='0401(実績)'!AK29 -> 24 | AL13: *
C14: 1次（累計） | E14: ='0401(予定）'!E14 -> 110 | F14: ='0401(予定）'!F14 -> 20 | G14: ='0401(予定）'!G14 -> 人数 | H14: ='0401(予定）'!H14 -> 0 | I14: ='0401(予定）'!I14 -> 0 | J14: ='0401(予定）'!J14 -> 0.5 | K14: ='0401(予定）'!K14 -> 0 | L14: ='0401(予定）'!L14 -> 0 | ... AK14: ='0401(予定）'!AK14 -> 0 | AL14: *
C15: １次（累計） | E15: ='0401(実績)'!E14 -> 70 | F15: ='0401(実績)'!F14 -> 20 | G15: ='0401(実績)'!G14 -> 件数 | H15: ='0401(実績)'!H14 -> 0 | I15: ='0401(実績)'!I14 -> 0 | J15: ='0401(実績)'!J14 -> 0 | K15: ='0401(実績)'!K14 -> 0 | L15: ='0401(実績)'!L14 -> 0 | ... AK15: ='0401(実績)'!AK14 -> 5 | AL15: *
C16: 2次（累計） | E16: ='0401(予定）'!E16 -> 180 | F16: ='0401(予定）'!F16 -> 20 | G16: ='0401(予定）'!G16 -> 人数 | H16: ='0401(予定）'!H16 -> 0 | I16: ='0401(予定）'!I16 -> 0 | J16: ='0401(予定）'!J16 -> 0.5 | K16: ='0401(予定）'!K16 -> 0 | L16: ='0401(予定）'!L16 -> 0 | ... AK16: ='0401(予定）'!AK16 -> 0.5 | AL16: *
C17: 2次（累計） | E17: ='0401(実績)'!E16 -> 57 | F17: ='0401(実績)'!F16 -> 20 | G17: ='0401(実績)'!G16 -> 件数 | H17: ='0401(実績)'!H16 -> 0 | I17: ='0401(実績)'!I16 -> 0 | J17: ='0401(実績)'!J16 -> 0 | K17: ='0401(実績)'!K16 -> 0 | L17: ='0401(実績)'!L16 -> 0 | ... AK17: ='0401(実績)'!AK16 -> 0 | AL17: *
B18: 給与 | C18: 申請（合計） | E18: ='0401(予定）'!E38 -> 265 | F18: ='0401(予定）'!F38 -> - | G18: ='0401(予定）'!G38 -> 件数 | H18: ='0401(予定）'!H38 -> 0 | I18: ='0401(予定）'!I38 -> 0 | J18: ='0401(予定）'!J38 -> 83 | K18: ='0401(予定）'!K38 -> 0 | L18: ='0401(予定）'!L38 -> 0 | ... AK18: ='0401(予定）'!AK38 -> 10 | AL18: *
C19: 申請（合計） | E19: ='0401(実績)'!E46 -> 254 | F19: ='0401(実績)'!F46 -> - | G19: ='0401(実績)'!G46 -> 件数 | H19: ='0401(実績)'!H46 -> 0 | I19: ='0401(実績)'!I46 -> 0 | J19: ='0401(実績)'!J46 -> 48 | K19: ='0401(実績)'!K46 -> 0 | L19: ='0401(実績)'!L46 -> 0 | ... AK19: ='0401(実績)'!AK46 -> 4 | AL19: *
C20: 1次（累計） | E20: ='0401(予定）'!E40 -> - | F20: ='0401(予定）'!F40 -> - | G20: ='0401(予定）'!G40 -> 件数 | H20: ='0401(予定）'!H40 -> 0 | I20: ='0401(予定）'!I40 -> 0 | J20: ='0401(予定）'!J40 -> 0 | K20: ='0401(予定）'!K40 -> 0 | L20: ='0401(予定）'!L40 -> 0 | ... AK20: ='0401(予定）'!AK40 -> 201 | AL20: *
C21: １次（累計） | E21: ='0401(実績)'!E48 -> 195 | F21: ='0401(実績)'!F48 -> - | G21: ='0401(実績)'!G48 -> 件数 | H21: ='0401(実績)'!H48 -> 0 | I21: ='0401(実績)'!I48 -> 0 | J21: ='0401(実績)'!J48 -> 13 | K21: ='0401(実績)'!K48 -> 13 | L21: ='0401(実績)'!L48 -> 13 | ... AK21: ='0401(実績)'!AK48 -> 195 | AL21: *
C22: 2次（累計） | E22: ='0401(予定）'!E42 -> - | F22: ='0401(予定）'!F42 -> - | G22: ='0401(予定）'!G42 -> 件数 | H22: ='0401(予定）'!H42 -> 0 | I22: ='0401(予定）'!I42 -> 0 | J22: ='0401(予定）'!J42 -> 8.5 | K22: ='0401(予定）'!K42 -> 8.5 | L22: ='0401(予定）'!L42 -> 8.5 | ... AK22: ='0401(予定）'!AK42 -> 173 | AL22: *
C23: 2次（累計） | E23: ='0401(実績)'!E50 -> 200 | F23: ='0401(実績)'!F50 -> - | G23: ='0401(実績)'!G50 -> 件数 | H23: ='0401(実績)'!H50 -> 0 | I23: ='0401(実績)'!I50 -> 0 | J23: ='0401(実績)'!J50 -> 3 | K23: ='0401(実績)'!K50 -> 3 | L23: ='0401(実績)'!L50 -> 3 | ... AK23: ='0401(実績)'!AK50 -> 200 | AL23: *
B24: 住居 | C24: 申請（合計） | E24: ='0401(予定）'!E52 -> 356 | F24: ='0401(予定）'!F52 -> - | G24: ='0401(予定）'!G52 -> 件数 | H24: ='0401(予定）'!H52 -> 0 | I24: ='0401(予定）'!I52 -> 0 | J24: ='0401(予定）'!J52 -> 143 | K24: ='0401(予定）'!K52 -> 0 | L24: ='0401(予定）'!L52 -> 0 | ... AK24: ='0401(予定）'!AK52 -> 10 | AL24: *
C25: 申請（合計） | E25: ='0401(実績)'!E63 -> 324 | F25: ='0401(実績)'!F63 -> - | G25: ='0401(実績)'!G63 -> 件数 | H25: ='0401(実績)'!H63 -> 0 | I25: ='0401(実績)'!I63 -> 0 | J25: ='0401(実績)'!J63 -> 139 | K25: ='0401(実績)'!K63 -> 0 | L25: ='0401(実績)'!L63 -> 0 | ... AK25: ='0401(実績)'!AK63 -> 15 | AL25: *
C26: 1次（累計） | E26: ='0401(予定）'!E54 -> - | F26: ='0401(予定）'!F54 -> - | G26: ='0401(予定）'!G54 -> 件数 | H26: ='0401(予定）'!H54 -> 0 | I26: ='0401(予定）'!I54 -> 0 | J26: ='0401(予定）'!J54 -> 0 | K26: ='0401(予定）'!K54 -> 0 | L26: ='0401(予定）'!L54 -> 0 | ... AK26: ='0401(予定）'!AK54 -> 208
C27: １次（累計） | E27: ='0401(実績)'!E65 -> 213 | F27: ='0401(実績)'!F65 -> - | G27: ='0401(実績)'!G65 -> 件数 | H27: ='0401(実績)'!H65 -> 0 | I27: ='0401(実績)'!I65 -> 0 | J27: ='0401(実績)'!J65 -> 6 | K27: ='0401(実績)'!K65 -> 6 | L27: ='0401(実績)'!L65 -> 6 | ... AK27: ='0401(実績)'!AK65 -> 213 | AL27: *
C28: 2次（累計） | E28: ='0401(予定）'!E56 -> - | F28: ='0401(予定）'!F56 -> - | G28: ='0401(予定）'!G56 -> 件数 | H28: ='0401(予定）'!H56 -> 0 | I28: ='0401(予定）'!I56 -> 0 | J28: ='0401(予定）'!J56 -> 11.7 | K28: ='0401(予定）'!K56 -> 11.7 | L28: ='0401(予定）'!L56 -> 11.7 | ... AK28: ='0401(予定）'!AK56 -> 210.6
C29: 2次（累計） | E29: ='0401(実績)'!E67 -> 255 | F29: ='0401(実績)'!F67 -> - | G29: ='0401(実績)'!G67 -> 件数 | H29: ='0401(実績)'!H67 -> 0 | I29: ='0401(実績)'!I67 -> 0 | J29: ='0401(実績)'!J67 -> 22 | K29: ='0401(実績)'!K67 -> 22 | L29: ='0401(実績)'!L67 -> 22 | ... AK29: ='0401(実績)'!AK67 -> 255 | AL29: *

Sheet 0501(予定)
H2: 1 | N2: 1 | O2: 1 | R2: 1 | S2: 1 | T2: 1 | U2: 1 | V2: 1 | Y2: 1 | Z2: 1 | AA2: 1 | AB2: 1 | AC2: 1 | AF2: 1 | AG2: 1 | AH2: 1 | AI2: 1 | AJ2: 1 | AM2: =SUM(H2:AL2) -> 18
E3: 予測件数 | F3: 件数/人 | H3: 46143 | N3: システム停止日 | AM3: *
H4: =H3 -> 46143 | I4: =H4+1 -> 46144 | J4: =I4+1 -> 46145 | K4: =J4+1 -> 46146 | L4: =K4+1 -> 46147 | M4: =L4+1 -> 46148 | N4: =M4+1 -> 46149 | O4: =N4+1 -> 46150 | P4: =O4+1 -> 46151 | ... AL4: =AK4+1 -> 46173 | AM4: *
H5: =H4 -> 46143 | I5: =I4 -> 46144 | J5: =J4 -> 46145 | K5: =K4 -> 46146 | L5: =L4 -> 46147 | M5: =M4 -> 46148 | N5: =N4 -> 46149 | O5: =O4 -> 46150 | ... AL5: =AL4 -> 46173 | AM5: *
B6: 通勤 | C6: 申請（合計） | E6: =SUM(H6:AL6)+'0401(予定）'!E6 -> 5720 | F6: - | G6: 件数 | H6: 96 | I6: 0 | J6: 0 | K6: 0 | L6: 0 | M6: 0 | N6: 0 | O6: 102 | P6: 0 | Q6: 0 | R6: 75 | S6: 213 | T6: 153 | U6: 98 | V6: 147 | W6: 0 | X6: 0 | Y6: 100 | Z6: 76 | AA6: 41 | AB6: 11 | AC6: 17 | AD6: 0 | AE6: 0 | AF6: 14 | AG6: 13 | AH6: 13 | AI6: 13 | AJ6: 13 | AK6: 0 | AL6: 0 | AM6: =SUM(H6:AL6) -> 1195
C7: 1次（合計） | E7: =SUM(H7:AL7)+'0401(予定）'!E7 -> 3305 | F7: - | G7: 件数 | H7: =SUM(H13*$F$13,H14*$F$14,H15*$F$15,$F$16*H16,$F$17*H17,$F$18*H18,$F$19*H19) -> 115 | I7: =SUM(I13*$F$13,I14*$F$14,I15*$F$15,$F$16*I16,$F$17*I17,$F$18*I18,$F$19*I19) -> 0 | J7: =SUM(J13*$F$13,J14*$F$14,J15*$F$15,$F$16*J16,$F$17*J17,$F$18*J18,$F$19*J19) -> 0 | K7: =SUM(K13*$F$13,K14*$F$14,K15*$F$15,$F$16*K16,$F$17*K17,$F$18*K18,$F$19*K19) -> 0 | L7: =SUM(L13*$F$13,L14*$F$14,L15*$F$15,$F$16*L16,$F$17*L17,$F$18*L18,$F$19*L19) -> 0 | M7: =SUM(M13*$F$13,M14*$F$14,M15*$F$15,$F$16*M16,$F$17*M17,$F$18*M18,$F$19*M19) -> 0 | N7: =SUM(N13*$F$13,N14*$F$14,N15*$F$15,$F$16*N16,$F$17*N17,$F$18*N18,$F$19*N19) -> 105 | O7: =SUM(O13*$F$13,O14*$F$14,O15*$F$15,$F$16*O16,$F$17*O17,$F$18*O18,$F$19*O19) -> 115 | ... AL7: =SUM(AL13*$F$13,AL14*$F$14,AL15*$F$15,$F$16*AL16,$F$17*AL17,$F$18*AL18,$F$19*AL19) -> 0 | AM7: *
C8: 1次（累計） | E8: - | F8: - | G8: 件数 | H8: ='0401(予定）'!AK8+H7 -> 1635 | I8: =H8+I7 -> 1635 | J8: =I8+J7 -> 1635 | K8: =J8+K7 -> 1635 | L8: =K8+L7 -> 1635 | M8: =L8+M7 -> 1635 | N8: =M8+N7 -> 1740 | O8: =N8+O7 -> 1855 | P8: =O8+P7 -> 1855 | ... AL8: =AK8+AL7 -> 3305 | AM8: *
C9: 2次（合計） | E9: =SUM(H9:AL9)+'0401(予定）'!E9 -> 2277 | F9: - | G9: 件数 | H9: =SUM(H20*$F$20,H21*$F$21,H22*$F$22,H23*$F$23) -> 80 | I9: =SUM(I20*$F$20,I21*$F$21,I22*$F$22,I23*$F$23) -> 0 | J9: =SUM(J20*$F$20,J21*$F$21,J22*$F$22,J23*$F$23) -> 0 | K9: =SUM(K20*$F$20,K21*$F$21,K22*$F$22,K23*$F$23) -> 0 | L9: =SUM(L20*$F$20,L21*$F$21,L22*$F$22,L23*$F$23) -> 0 | M9: =SUM(M20*$F$20,M21*$F$21,M22*$F$22,M23*$F$23) -> 0 | N9: =SUM(N20*$F$20,N21*$F$21,N22*$F$22,N23*$F$23) -> 70 | O9: =SUM(O20*$F$20,O21*$F$21,O22*$F$22,O23*$F$23) -> 80 | ... AL9: =SUM(AL20*$F$20,AL21*$F$21,AL22*$F$22,AL23*$F$23) -> 0 | AM9: *
C10: 2次（累計） | E10: - | F10: - | G10: 件数 | H10: ='0401(予定）'!AK10+H9 -> 1081 | I10: =H10+I9 -> 1081 | J10: =I10+J9 -> 1081 | K10: =J10+K9 -> 1081 | L10: =K10+L9 -> 1081 | M10: =L10+M9 -> 1081 | N10: =M10+N9 -> 1151 | O10: =N10+O9 -> 1231 | P10: =O10+P9 -> 1231 | ... AK10: =AJ10+AK9 -> 2277 | AM10: *
C11: 1次残件数 | E11: =E6-E7 -> 2415 | F11: - | G11: 件数 | H11: ='0401(予定）'!AK11+H6-H7 -> 2986 | I11: =H11+I6-I7 -> 2986 | J11: =I11+J6-J7 -> 2986 | K11: =J11+K6-K7 -> 2986 | L11: =K11+L6-L7 -> 2986 | M11: =L11+M6-M7 -> 2986 | N11: =M11+N6-N7 -> 2881 | O11: =N11+O6-O7 -> 2868 | P11: =O11+P6-P7 -> 2868 | ... AL11: =AK11+AL6-AL7 -> 2415 | AM11: *
C12: 2次残件数 | E12: =E6-E9 -> 3443 | F12: - | G12: 件数 | H12: ='0401(予定）'!AK12+H6-H9 -> 3540 | I12: =H12+I6-I9 -> 3540 | J12: =I12+J6-J9 -> 3540 | K12: =J12+K6-K9 -> 3540 | L12: =K12+L6-L9 -> 3540 | M12: =L12+M6-M9 -> 3540 | N12: =M12+N6-N9 -> 3470 | O12: =N12+O6-O9 -> 3492 | P12: =O12+P6-P9 -> 3492 | ... AL12: =AK12+AL6-AL9 -> 3443 | AM12: *
C13: 1次 | D13: OP | E13: =SUM(H13:AK13)*F13 -> 210 | F13: 20 | G13: 人数 | H13: 1 | N13: 0.5 | O13: 1 | R13: 0.5 | S13: 0.5 | T13: 0.5 | U13: 0.5 | V13: 1 | Y13: 0.5 | Z13: 0.5 | AA13: 0.5 | AB13: 0.5 | AC13: 1 | AF13: 0.5 | AG13: 0.5 | AH13: 0.5 | AI13: 0.5 | AM13: *
D14: 大場 | E14: =SUM(H14:AK14)*F14 -> 130 | F14: 20 | G14: 人数 | H14: 0.5 | N14: 0.5 | O14: 0.5 | R14: 0.5 | S14: 0.5 | T14: 0.5 | U14: 0.5 | V14: 0.5 | Y14: 0.5 | Z14: 0.5 | AA14: 0.5 | AB14: 0.5 | AC14: 0.5 | AM14: *
D15: 平田 | E15: =SUM(H15:AK15)*F15 -> 340 | F15: 20 | G15: 人数 | H15: 1 | N15: 1 | O15: 1 | R15: 1 | S15: 1 | T15: 1 | U15: 1 | V15: 1 | Y15: 1 | Z15: 1 | AA15: 1 | AB15: 1 | AC15: 1 | AF15: 1 | AG15: 1 | AH15: 1 | AI15: 1 | AM15: *
D16: 丸山 | E16: =SUM(H16:AK16)*F16 -> 170 | F16: 20 | G16: 人数 | H16: 0.5 | N16: 0.5 | O16: 0.5 | R16: 0.5 | S16: 0.5 | T16: 0.5 | U16: 0.5 | V16: 0.5 | Y16: 0.5 | Z16: 0.5 | AA16: 0.5 | AB16: 0.5 | AC16: 0.5 | AF16: 0.5 | AG16: 0.5 | AH16: 0.5 | AI16: 0.5 | AM16: *
D17: 三浦 | E17: =SUM(H17:AK17)*F17 -> 510 | F17: 30 | G17: 人数 | H17: 1 | N17: 1 | O17: 1 | R17: 1 | S17: 1 | T17: 1 | U17: 1 | V17: 1 | Y17: 1 | Z17: 1 | AA17: 1 | AB17: 1 | AC17: 1 | AF17: 1 | AG17: 1 | AH17: 1 | AI17: 1 | AM17: *
D18: 目黒 | E18: =SUM(H18:AK18)*F18 -> 255 | F18: 15 | G18: 人数 | H18: 1 | N18: 1 | O18: 1 | R18: 1 | S18: 1 | T18: 1 | U18: 1 | V18: 1 | Y18: 1 | Z18: 1 | AA18: 1 | AB18: 1 | AC18: 1 | AF18: 1 | AG18: 1 | AH18: 1 | AI18: 1 | AM18: *
D19: 池田 | E19: =SUM(H19:AK19)*F19 -> 170 | F19: 10 | G19: 人数 | H19: 1 | N19: 1 | O19: 1 | R19: 1 | S19: 1 | T19: 1 | U19: 1 | V19: 1 | Y19: 1 | Z19: 1 | AA19: 1 | AB19: 1 | AC19: 1 | AF19: 1 | AG19: 1 | AH19: 1 | AI19: 1 | AM19: *
C20: 2次 | D20: 田中 | E20: =SUM(H20:AK20)*F20 -> 510 | F20: 30 | G20: 人数 | H20: 1 | N20: 1 | O20: 1 | R20: 1 | S20: 1 | T20: 1 | U20: 1 | V20: 1 | Y20: 1 | Z20: 1 | AA20: 1 | AB20: 1 | AC20: 1 | AF20: 1 | AG20: 1 | AH20: 1 | AI20: 1 | AM20: *
D21: 小野 | E21: =SUM(H21:AK21)*F21 -> 656 | F21: 40 | G21: 人数 | H21: 1 | N21: 1 | O21: 1 | R21: 1 | S21: 0.8 | T21: 1 | U21: 1 | V21: 1 | Y21: 1 | Z21: 0.8 | AA21: 1 | AB21: 1 | AC21: 1 | AF21: 1 | AG21: 0.8 | AH21: 1 | AI21: 1 | AM21: *
D22: 大場 | E22: =SUM(H22:AK22)*F22 -> 40 | F22: 20 | G22: 人数 | AF22: 0.5 | AG22: 0.5 | AH22: 0.5 | AI22: 0.5 | AM22: *
D23: OP | E23: =SUM(H23:AK23)*F23 -> 70 | F23: 20 | G23: 人数 | H23: 0.5 | O23: 0.5 | S23: 0.5 | V23: 0.5 | Z23: 0.5 | AC23: 0.5 | AG23: 0.5 | AM23: *
B24: 扶養 児童 | C24: 申請（合計） | E24: =SUM(H24:AL24)+'0401(予定）'!E24 -> 1362 | F24: - | G24: 件数 | H24: 29 | I24: 0 | J24: 0 | K24: 0 | L24: 0 | M24: 0 | N24: 47 | O24: 16 | P24: 0 | Q24: 0 | R24: 23 | S24: 28 | T24: 12 | U24: 29 | V24: 26 | W24: 0 | X24: 0 | Y24: 69 | Z24: 23 | AA24: 31 | AB24: 11 | AC24: 23 | AD24: 0 | AE24: 0 | AF24: 13 | AG24: 19 | AH24: 8 | AI24: 19 | AJ24: 32 | AK24: 0 | AL24: 0 | AM24: *
C25: 1次（合計） | E25: =SUM(H25:AL25)+'0401(予定）'!E25 -> 1031.5 | F25: - | G25: 件数 | H25: =SUM(H29*$F$29,H30*$F$30,H31*$F$31) -> 32 | I25: =SUM(I29*$F$29,I30*$F$30,I31*$F$31) -> 0 | J25: =SUM(J29*$F$29,J30*$F$30,J31*$F$31) -> 0 | K25: =SUM(K29*$F$29,K30*$F$30,K31*$F$31) -> 0 | L25: =SUM(L29*$F$29,L30*$F$30,L31*$F$31) -> 0 | M25: =SUM(M29*$F$29,M30*$F$30,M31*$F$31) -> 0 | N25: =SUM(N29*$F$29,N30*$F$30,N31*$F$31) -> 32 | O25: =SUM(O29*$F$29,O30*$F$30,O31*$F$31) -> 32 | ... AL25: =SUM(AL29*$F$29,AL30*$F$30,AL31*$F$31) -> 0 | AM25: *
C26: 2次（合計） | E26: =SUM(H26:AL26)+'0401(予定）'!E27 -> 517 | F26: - | G26: 件数 | H26: =SUM(H32*$F$32,H33*$F$33,H34*$F$34,H35*$F$35) -> 13 | I26: =SUM(I32*$F$32,I33*$F$33,I34*$F$34,I35*$F$35) -> 0 | J26: =SUM(J32*$F$32,J33*$F$33,J34*$F$34,J35*$F$35) -> 0 | K26: =SUM(K32*$F$32,K33*$F$33,K34*$F$34,K35*$F$35) -> 0 | L26: =SUM(L32*$F$32,L33*$F$33,L34*$F$34,L35*$F$35) -> 0 | M26: =SUM(M32*$F$32,M33*$F$33,M34*$F$34,M35*$F$35) -> 0 | N26: =SUM(N32*$F$32,N33*$F$33,N34*$F$34,N35*$F$35) -> 21 | O26: =SUM(O32*$F$32,O33*$F$33,O34*$F$34,O35*$F$35) -> 13 | ... AL26: =SUM(AL32*$F$32,AL33*$F$33,AL34*$F$34,AL35*$F$35) -> 0 | AM26: *
C27: 1次残件数 | E27: =E24-E25 -> 330.5 | F27: - | G27: 件数 | H27: ='0401(予定）'!AK29+H24-H25 -> 413.5 | I27: =H27+I24-I25 -> 413.5 | J27: =I27+J24-J25 -> 413.5 | K27: =J27+K24-K25 -> 413.5 | L27: =K27+L24-L25 -> 413.5 | M27: =L27+M24-M25 -> 413.5 | N27: =M27+N24-N25 -> 428.5 | O27: =N27+O24-O25 -> 412.5 | P27: =O27+P24-P25 -> 412.5 | ... AL27: =AK27+AL24-AL25 -> 330.5 | AM27: *
C28: 2次残件数 | E28: =E24-E26 -> 845 | F28: - | G28: 件数 | H28: ='0401(予定）'!AK30+H24-H26 -> 656 | I28: =H28+I24-I26 -> 656 | J28: =I28+J24-J26 -> 656 | K28: =J28+K24-K26 -> 656 | L28: =K28+L24-L26 -> 656 | M28: =L28+M24-M26 -> 656 | N28: =M28+N24-N26 -> 682 | O28: =N28+O24-O26 -> 685 | P28: =O28+P24-P26 -> 685 | ... AL28: =AK28+AL24-AL26 -> 845 | AM28: *
C29: 1次 | D29: OP | E29: =SUM(H29:AL29)*F29 -> 255 | F29: 15 | G29: 人数 | H29: 1 | N29: 1 | O29: 1 | R29: 1 | S29: 1 | T29: 1 | U29: 1 | V29: 1 | Y29: 1 | Z29: 1 | AA29: 1 | AB29: 1 | AC29: 1 | AF29: 1 | AG29: 1 | AH29: 1 | AI29: 1 | AM29: *
D30: 小菅 | E30: =SUM(H30:AL30)*F30 -> 289 | F30: 17 | G30: 人数 | H30: 1 | N30: 1 | O30: 1 | R30: 1 | S30: 1 | T30: 1 | U30: 1 | V30: 1 | Y30: 1 | Z30: 1 | AA30: 1 | AB30: 1 | AC30: 1 | AF30: 1 | AG30: 1 | AH30: 1 | AI30: 1 | AM30: *
E31: =SUM(H31:AL31) -> 0 | G31: 人数 | AM31: *
C32: 2次 | D32: 西村 | E32: =SUM(H32:AL32)*F32 -> 221 | F32: 13 | G32: 人数 | H32: 1 | N32: 1 | O32: 1 | R32: 1 | S32: 1 | T32: 1 | U32: 1 | V32: 1 | Y32: 1 | Z32: 1 | AA32: 1 | AB32: 1 | AC32: 1 | AF32: 1 | AG32: 1 | AH32: 1 | AI32: 1 | AM32: *
D33: 栗城 | E33: =SUM(H33:AL33)*F33 -> 32 | F33: 10 | G33: 人数 | N33: 0.8 | S33: 0.8 | Z33: 0.8 | AG33: 0.8 | AM33: *
D34: 管理 | E34: =SUM(H34:AL34) -> 0 | F34: 10 | G34: 人数 | AM34: *
E35: =SUM(H35:AL35) -> 0 | G35: 人数 | AM35: *
B36: 給与 | C36: 申請（合計） | E36: =SUM(H36:AL36)+'0401(予定）'!E38 -> 495 | F36: - | G36: 件数 | H36: 1 | I36: 0 | J36: 0 | K36: 0 | L36: 0 | M36: 0 | N36: 11 | O36: 10 | P36: 0 | Q36: 0 | R36: 15 | S36: 13 | T36: 19 | U36: 14 | V36: 3 | W36: 0 | X36: 0 | Y36: 1 | Z36: 27 | AA36: 17 | AB36: 11 | AC36: 10 | AD36: 0 | AE36: 0 | AF36: 15 | AG36: 17 | AH36: 16 | AI36: 3 | AJ36: 27 | AK36: 0 | AL36: 0 | AM36: *
C37: 1次（合計） | E37: =SUM(H37:AL37)+'0401(予定）'!E39 -> 420 | F37: - | G37: 件数 | H37: =SUM(H41*$F$41,H42*$F$42,H43*$F$43) -> 17 | I37: =SUM(I41*$F$41,I42*$F$42,I43*$F$43) -> 0 | J37: =SUM(J41*$F$41,J42*$F$42,J43*$F$43) -> 0 | K37: =SUM(K41*$F$41,K42*$F$42,K43*$F$43) -> 0 | L37: =SUM(L41*$F$41,L42*$F$42,L43*$F$43) -> 0 | M37: =SUM(M41*$F$41,M42*$F$42,M43*$F$43) -> 0 | N37: =SUM(N41*$F$41,N42*$F$42,N43*$F$43) -> 7 | O37: =SUM(O41*$F$41,O42*$F$42,O43*$F$43) -> 17 | ... AL37: =SUM(AL41*$F$41,AL42*$F$42,AL43*$F$43) -> 0 | AM37: *
C38: 2次（合計） | E38: =SUM(H38:AL38)+'0401(予定）'!E41 -> 399 | F38: - | G38: 件数 | H38: =SUM(H44*$F$44,H45*$F$45,H46*$F$46,H47*$F$47) -> 17 | I38: =SUM(I44*$F$44,I45*$F$45,I46*$F$46,I47*$F$47) -> 0 | J38: =SUM(J44*$F$44,J45*$F$45,J46*$F$46,J47*$F$47) -> 0 | K38: =SUM(K44*$F$44,K45*$F$45,K46*$F$46,K47*$F$47) -> 0 | L38: =SUM(L44*$F$44,L45*$F$45,L46*$F$46,L47*$F$47) -> 0 | M38: =SUM(M44*$F$44,M45*$F$45,M46*$F$46,M47*$F$47) -> 0 | N38: =SUM(N44*$F$44,N45*$F$45,N46*$F$46,N47*$F$47) -> 7 | O38: =SUM(O44*$F$44,O45*$F$45,O46*$F$46,O47*$F$47) -> 17 | ... AL38: =SUM(AL44*$F$44,AL45*$F$45,AL46*$F$46,AL47*$F$47) -> 0 | AM38: *
C39: 1次残件数 | E39: =E36-E37 -> 75 | F39: - | G39: 件数 | H39: 556 | I39: =H39+I36-I37 -> 556 | J39: =I39+J36-J37 -> 556 | K39: =J39+K36-K37 -> 556 | L39: =K39+L36-L37 -> 556 | M39: =L39+M36-M37 -> 556 | N39: =M39+N36-N37 -> 560 | O39: =N39+O36-O37 -> 553 | P39: =O39+P36-P37 -> 553 | ... AL39: =AK39+AL36-AL37 -> 583 | AM39: *
C40: 2次残件数 | E40: =E36-E38 -> 96 | F40: - | G40: 件数 | H40: 720 | I40: =H40+I36-I38 -> 720 | J40: =I40+J36-J38 -> 720 | K40: =J40+K36-K38 -> 720 | L40: =K40+L36-L38 -> 720 | M40: =L40+M36-M38 -> 720 | N40: =M40+N36-N38 -> 724 | O40: =N40+O36-O38 -> 717 | P40: =O40+P36-P38 -> 717 | ... AE40: =AD40+AE36-AE38 -> 727 | AJ40: =AI40+AJ36-AJ38 -> 10 | AK40: =AJ40+AK36-AK38 -> 10 | AL40: =AK40+AL36-AL38 -> 10 | AM40: *
C41: 1次 | D41: OP | E41: =SUM(H41:AL41)*F41 -> 0 | F41: 40 | G41: 人数 | AM41: *
D42: 津嘉山 | E42: =SUM(H42:AL42)*F42 -> 119 | F42: 35 | G42: 人数 | H42: 0.2 | N42: 0.2 | O42: 0.2 | R42: 0.2 | S42: 0.2 | T42: 0.2 | U42: 0.2 | V42: 0.2 | Y42: 0.2 | Z42: 0.2 | AA42: 0.2 | AB42: 0.2 | AC42: 0.2 | AF42: 0.2 | AG42: 0.2 | AH42: 0.2 | AI42: 0.2 | AM42: *
D43: RPA | E43: =SUM(H43:AL43)*F43 -> 100 | F43: 10 | G43: 人数 | H43: 1 | O43: 1 | R43: 1 | T43: 1 | V43: 1 | Y43: 1 | AA43: 1 | AC43: 1 | AF43: 1 | AH43: 1 | AM43: *
C44: 2次 | D44: 西村 | E44: =SUM(H44:AL44)*F44 -> 0 | F44: 16 | G44: 人数 | AM44: *
D45: 栗城 | E45: =SUM(H45:AL45)*F45 -> 126 | F45: 35 | G45: 人数 | H45: 0.2 | N45: 0.2 | O45: 0.2 | R45: 0.2 | S45: 0.2 | T45: 0.2 | U45: 0.2 | V45: 0.2 | Y45: 0.2 | Z45: 0.2 | AA45: 0.2 | AB45: 0.2 | AC45: 0.2 | AF45: 0.2 | AG45: 0.2 | AH45: 0.2 | AI45: 0.2 | AJ45: 0.2 | AM45: *
D46: 管理 | E46: =SUM(H46:AL46)*F46 -> 100 | F46: 10 | G46: 人数 | H46: 1 | O46: 1 | R46: 1 | T46: 1 | V46: 1 | Y46: 1 | AA46: 1 | AF46: 1 | AH46: 1 | AJ46: 1 | AM46: *
E47: =SUM(H47:AL47) -> 0 | G47: 人数 | AM47: *
B48: 住居 | C48: 申請（合計） | E48: =SUM(H48:AL48)+'0401(予定）'!E52 -> 522 | F48: - | G48: 件数 | H48: 5 | I48: 0 | J48: 0 | K48: 0 | L48: 0 | M48: 0 | N48: 17 | O48: 8 | P48: 0 | Q48: 0 | R48: 7 | S48: 14 | T48: 9 | U48: 13 | V48: 9 | W48: 0 | X48: 0 | Y48: 4 | Z48: 9 | AA48: 8 | AB48: 16 | AC48: 12 | AD48: 0 | AE48: 0 | AF48: 6 | AG48: 11 | AH48: 3 | AI48: 9 | AJ48: 6 | AK48: 0 | AL48: 0 | AM48: *
C49: 1次（合計） | E49: =SUM(H49:AL49)+'0401(予定）'!E53 -> 346 | F49: - | G49: 件数 | H49: =SUM(H53*$F$53,H54*$F$54,H55*$F$55) -> 8 | I49: =SUM(I53*$F$53,I54*$F$54,I55*$F$55) -> 0 | J49: =SUM(J53*$F$53,J54*$F$54,J55*$F$55) -> 0 | K49: =SUM(K53*$F$53,K54*$F$54,K55*$F$55) -> 0 | L49: =SUM(L53*$F$53,L54*$F$54,L55*$F$55) -> 0 | M49: =SUM(M53*$F$53,M54*$F$54,M55*$F$55) -> 0 | N49: =SUM(N53*$F$53,N54*$F$54,N55*$F$55) -> 8 | O49: =SUM(O53*$F$53,O54*$F$54,O55*$F$55) -> 8 | ... AL49: =SUM(AL53*$F$53,AL54*$F$54,AL55*$F$55) -> 0 | AM49: *
C50: 2次（合計） | E50: =SUM(H50:AL50)+'0401(予定）'!E55 -> 345.8 | F50: - | G50: 件数 | H50: =SUM(H56*$F$56,H57*$F$57,H58*$F$58,H59*$F$59) -> 10.4 | I50: =SUM(I56*$F$56,I57*$F$57,I58*$F$58,I59*$F$59) -> 0 | J50: =SUM(J56*$F$56,J57*$F$57,J58*$F$58,J59*$F$59) -> 0 | K50: =SUM(K56*$F$56,K57*$F$57,K58*$F$58,K59*$F$59) -> 0 | L50: =SUM(L56*$F$56,L57*$F$57,L58*$F$58,L59*$F$59) -> 0 | M50: =SUM(M56*$F$56,M57*$F$57,M58*$F$58,M59*$F$59) -> 0 | N50: =SUM(N56*$F$56,N57*$F$57,N58*$F$58,N59*$F$59) -> 0 | O50: =SUM(O56*$F$56,O57*$F$57,O58*$F$58,O59*$F$59) -> 10.4 | ... AL50: =SUM(AL56*$F$56,AL57*$F$57,AL58*$F$58,AL59*$F$59) -> 0 | AM50: *
C51: 1次残件数 | E51: =E48-E49 -> 176 | F51: - | G51: 件数 | H51: 49 | I51: =H51+I48-I49 -> 49 | J51: =I51+J48-J49 -> 49 | K51: =J51+K48-K49 -> 49 | L51: =K51+L48-L49 -> 49 | M51: =L51+M48-M49 -> 49 | N51: =M51+N48-N49 -> 58 | O51: =N51+O48-O49 -> 58 | P51: =O51+P48-P49 -> 58 | ... AL51: =AK51+AL48-AL49 -> 80 | AM51: *
C52: 2次残件数 | E52: =E48-E50 -> 176.2 | F52: - | G52: 件数 | H52: 77.6 | I52: =H52+I48-I50 -> 77.6 | J52: =I52+J48-J50 -> 77.6 | K52: =J52+K48-K50 -> 77.6 | L52: =K52+L48-L50 -> 77.6 | M52: =L52+M48-M50 -> 77.6 | N52: =M52+N48-N50 -> 94.6 | O52: =N52+O48-O50 -> 92.2 | P52: =O52+P48-P50 -> 92.2 | ... AL52: =AK52+AL48-AL50 -> 113.8 | AM52: *
C53: 1次 | D53: OP | E53: =SUM(H53:AL53)*F53 -> 0 | F53: 20 | G53: 人数 | AM53: *
D54: 津嘉山 | E54: =SUM(H54:AL54)*F54 -> 138 | F54: 10 | G54: 人数 | H54: 0.8 | N54: 0.8 | O54: 0.8 | R54: 0.8 | S54: 0.8 | T54: 0.8 | U54: 0.8 | V54: 0.8 | Y54: 0.8 | Z54: 0.8 | AA54: 0.8 | AB54: 0.8 | AC54: 0.8 | AF54: 0.8 | AG54: 0.8 | AH54: 0.8 | AI54: 1 | AM54: *
E55: =SUM(H55:AL55)*F55 -> 0 | G55: 人数 | AM55: *
C56: 2次 | D56: 西村 | E56: =SUM(H56:AL56)*F56 -> 0 | F56: 16 | G56: 人数 | AM56: *
D57: 栗城 | E57: =SUM(H57:AL57)*F57 -> 135.2 | F57: 13 | G57: 人数 | H57: 0.8 | O57: 0.8 | R57: 0.8 | T57: 0.8 | U57: 0.8 | V57: 0.8 | Y57: 0.8 | AA57: 0.8 | AB57: 0.8 | AC57: 0.8 | AF57: 0.8 | AH57: 0.8 | AI57: 0.8 | AM57: *
E58: =SUM(H58:AL58)*F58 -> 0 | G58: 人数 | AM58: *
E59: =SUM(H59:AL59) -> 0 | G59: 人数 | AM59: *
B60: OP人数合計 | H60: =H13+H23+H29+H41+H53 -> 2.5 | I60: =I13+I23+I29+I41+I53 -> 0 | J60: =J13+J23+J29+J41+J53 -> 0 | K60: =K13+K23+K29+K41+K53 -> 0 | L60: =L13+L23+L29+L41+L53 -> 0 | M60: =M13+M23+M29+M41+M53 -> 0 | N60: =N13+N23+N29+N41+N53 -> 1.5 | O60: =O13+O23+O29+O41+O53 -> 2.5 | ... AL60: =AL13+AL23+AL29+AL41+AL53 -> 0 | AM60: *
B61: OPシフト人数 | H61: 4 | I61: 0 | J61: 0 | K61: 0 | L61: 0 | M61: 0 | N61: 3 | O61: 4 | P61: 0 | Q61: 0 | R61: 3 | S61: 4 | T61: 3 | U61: 3 | V61: 4 | W61: 0 | X61: 0 | Y61: 3 | Z61: 4 | AA61: 3 | AB61: 3 | AC61: 4 | AD61: 0 | AE61: 0 | AF61: 3 | AG61: 4 | AH61: 3 | AI61: 3 | AJ61: 4 | AK61: 0 | AL61: 0 | AM61: *
B62: 受領人数 | H62: 1.5 | I62: 0 | J62: 0 | K62: 0 | L62: 0 | M62: 0 | N62: 1.5 | O62: 1.5 | P62: 0 | Q62: 0 | R62: 1.5 | S62: 2 | T62: 1.5 | U62: 1.5 | V62: 1.5 | W62: 0 | X62: 0 | Y62: 1.5 | Z62: 2 | AA62: 1.5 | AB62: 1.5 | AC62: 1.5 | AD62: 0 | AE62: 0 | AF62: 1.5 | AG62: 2 | AH62: 1.5 | AI62: 1.5 | AJ62: 1.5 | AK62: 0 | AL62: 0 | AM62: *
B63: 差分 | H63: =H61-(H60+H62) -> 0 | I63: =I61-(I60+I62) -> 0 | J63: =J61-(J60+J62) -> 0 | K63: =K61-(K60+K62) -> 0 | L63: =L61-(L60+L62) -> 0 | M63: =M61-(M60+M62) -> 0 | N63: =N61-(N60+N62) -> 0 | O63: =O61-(O60+O62) -> 0 | ... AL63: =AL61-(AL60+AL62) -> 0 | AM63: *

Sheet 0501(実績)
H2: 1 | N2: 1 | O2: 1 | R2: 1 | S2: 1 | T2: 1 | U2: 1 | V2: 1 | Y2: 1 | Z2: 1 | AA2: 1 | AB2: 1 | AC2: 1 | AF2: 1 | AG2: 1 | AH2: 1 | AI2: 1 | AJ2: 1 | AL2: =SUM(H2:AK2) -> 18
E3: 予測件数 | F3: 件数/人 | H3: 46143 | N3: システム停止日 | T3: システム停止日 | AL3: *
H4: =H3 -> 46143 | I4: =H4+1 -> 46144 | J4: =I4+1 -> 46145 | K4: =J4+1 -> 46146 | L4: =K4+1 -> 46147 | M4: =L4+1 -> 46148 | N4: =M4+1 -> 46149 | O4: =N4+1 -> 46150 | P4: =O4+1 -> 46151 | ... AK4: =AJ4+1 -> 46172 | AL4: *
H5: =H4 -> 46143 | I5: =I4 -> 46144 | J5: =J4 -> 46145 | K5: =K4 -> 46146 | L5: =L4 -> 46147 | M5: =M4 -> 46148 | N5: =N4 -> 46149 | O5: =O4 -> 46150 | ... AK5: =AK4 -> 46172 | AL5: *
B6: 通勤 | C6: 申請（合計） | E6: =SUM(H6:AK6) -> 1441 | F6: - | G6: 件数 | H6: 102 | N6: 119 | O6: 213 | R6: 172 | S6: 201 | T6: 160 | U6: 132 | V6: 114 | Y6: 72 | Z6: 9 | AA6: 56 | AB6: 25 | AC6: 12 | AF6: 8 | AG6: 9 | AH6: 5 | AI6: 18 | AJ6: 14 | AL6: =SUM(H6:AK6) -> 1441
C7: 1次（合計） | E7: =SUM(H7:AK7) -> 1806 | F7: - | G7: 件数 | H7: =SUM(H13:H23) -> 128 | I7: =SUM(I13:I23) -> 0 | J7: =SUM(J13:J23) -> 0 | K7: =SUM(K13:K23) -> 0 | L7: =SUM(L13:L23) -> 0 | M7: =SUM(M13:M23) -> 0 | N7: =SUM(N13:N23) -> 129 | O7: =SUM(O13:O23) -> 140 | ... AK7: =SUM(AK13:AK23) -> 0 | AL7: *
C8: １次（累計） | E8: =AK8 -> 3637 | F8: - | G8: 件数 | H8: ='0401(実績)'!AK8+H7 -> 1959 | I8: =H8+I7 -> 1959 | J8: =I8+J7 -> 1959 | K8: =J8+K7 -> 1959 | L8: =K8+L7 -> 1959 | M8: =L8+M7 -> 1959 | N8: =M8+N7 -> 2088 | O8: =N8+O7 -> 2228 | P8: =O8+P7 -> 2228 | ... AK8: =AJ8+AK7 -> 3637 | AL8: *
C9: 2次（合計） | E9: =SUM(H9:AK9) -> 1368 | F9: - | G9: 件数 | H9: =SUM(H24:H31) -> 68 | I9: =SUM(I24:I31) -> 0 | J9: =SUM(J24:J31) -> 0 | K9: =SUM(K24:K31) -> 0 | L9: =SUM(L24:L31) -> 0 | M9: =SUM(M24:M31) -> 0 | N9: =SUM(N24:N31) -> 59 | O9: =SUM(O24:O31) -> 52 | ... AK9: =SUM(AK24:AK31) -> 0 | AL9: *
C10: 2次（累計） | E10: =AK10 -> 2461 | F10: - | G10: 件数 | H10: ='0401(実績)'!AK10+H9 -> 1161 | I10: =H10+I9 -> 1161 | J10: =I10+J9 -> 1161 | K10: =J10+K9 -> 1161 | L10: =K10+L9 -> 1161 | M10: =L10+M9 -> 1161 | N10: =M10+N9 -> 1220 | O10: =N10+O9 -> 1272 | P10: =O10+P9 -> 1272 | ... AK10: =AJ10+AK9 -> 2461 | AL10: *
C11: 1次残件数 | E11: =E6-E7 -> -365 | F11: - | G11: 件数 | H11: ='0401(実績)'!AK11+H6-H7 -> 1019 | I11: =H11+I6-I7 -> 1019 | J11: =I11+J6-J7 -> 1019 | K11: =J11+K6-K7 -> 1019 | L11: =K11+L6-L7 -> 1019 | M11: =L11+M6-M7 -> 1019 | N11: =M11+N6-N7 -> 1009 | O11: =N11+O6-O7 -> 1082 | P11: =O11+P6-P7 -> 1082 | ... AK11: =AJ11+AK6-AK7 -> 680 | AL11: *
C12: 2次残件数 | E12: =E6-E9 -> 73 | F12: - | G12: 件数 | H12: ='0401(実績)'!AK12+SUM($H$6:H6)-SUM($H$9:H9) -> 1817 | I12: =H12+I6-I9 -> 1817 | J12: =I12+J6-J9 -> 1817 | K12: =J12+K6-K9 -> 1817 | L12: =K12+L6-L9 -> 1817 | M12: =L12+M6-M9 -> 1817 | N12: =M12+N6-N9 -> 1877 | O12: =N12+O6-O9 -> 2038 | P12: =O12+P6-P9 -> 2038 | ... AK12: =AJ12+AK6-AK9 -> 1856 | AL12: *
C13: 1次 | D13: 伊藤 | E13: =SUM(H13:AK13) -> 46 | F13: 20 | G13: 件数 | N13: 14 | S13: 14 | V13: 15 | Y13: 2 | AI13: 1 | AL13: *
D14: 植田 | E14: =SUM(H14:AK14) -> 9 | F14: 20 | G14: 件数 | U14: 9 | AL14: *
D15: 兼田 | E15: =SUM(H15:AK15) -> 28 | F15: 20 | G15: 件数 | H15: 2 | O15: 11 | V15: 14 | AI15: 1 | AL15: *
D16: 島 | E16: =SUM(H16:AK16) -> 35 | F16: 20 | G16: 件数 | H16: 11 | O16: 12 | T16: 12 | AL16: *
D17: 大場 | E17: =SUM(H17:AK17) -> 142 | F17: 20 | G17: 件数 | N17: 3 | O17: 5 | R17: 4 | S17: 10 | T17: 1 | U17: 11 | V17: 13 | Y17: 6 | Z17: 7 | AA17: 11 | AB17: 18 | AC17: 10 | AF17: 11 | AG17: 16 | AH17: 8 | AI17: 1 | AJ17: 7 | AL17: *
D18: 平田 | E18: =SUM(H18:AK18) -> 133 | F18: 20 | G18: 件数 | H18: 10 | N18: 9 | O18: 8 | R18: 6 | S18: 8 | T18: 10 | U18: 6 | V18: 8 | Y18: 7 | Z18: 7 | AA18: 7 | AB18: 8 | AC18: 7 | AF18: 7 | AG18: 9 | AH18: 6 | AI18: 10 | AL18: *
D19: 丸山 | E19: =SUM(H19:AK19) -> 180 | F19: 20 | G19: 件数 | H19: 11 | N19: 12 | O19: 12 | T19: 9 | U19: 11 | V19: 12 | Y19: 9 | Z19: 13 | AA19: 11 | AB19: 12 | AC19: 11 | AF19: 12 | AG19: 8 | AH19: 11 | AI19: 14 | AJ19: 12 | AL19: *
D20: 三浦 | E20: =SUM(H20:AK20) -> 582 | F20: 30 | G20: 件数 | H20: 39 | N20: 42 | O20: 40 | R20: 40 | S20: 44 | T20: 44 | U20: 41 | V20: 43 | Y20: 28 | Z20: 28 | AA20: 24 | AB20: 21 | AC20: 18 | AF20: 21 | AG20: 15 | AH20: 31 | AI20: 29 | AJ20: 34 | AL20: *
D21: 目黒 | E21: =SUM(H21:AK21) -> 302 | F21: 15 | G21: 件数 | H21: 26 | N21: 25 | O21: 24 | R21: 24 | S21: 25 | T21: 26 | U21: 23 | V21: 16 | Y21: 21 | Z21: 13 | AA21: 15 | AB21: 12 | AF21: 1 | AG21: 13 | AH21: 11 | AI21: 13 | AJ21: 14 | AL21: *
D22: 池田 | E22: =SUM(H22:AK22) -> 347 | F22: 10 | G22: 件数 | H22: 29 | N22: 24 | O22: 28 | R22: 26 | S22: 28 | T22: 27 | U22: 26 | V22: 27 | Y22: 26 | Z22: 17 | AA22: 19 | AB22: 9 | AC22: 1 | AF22: 1 | AG22: 17 | AH22: 12 | AI22: 15 | AJ22: 15 | AL22: *
D23: 市丸 | E23: - | F23: - | G23: 件数 | V23: 2 | AL23: *
C24: 2次 | D24: 田中 | E24: =SUM(H24:AK24) -> 227 | F24: 30 | G24: 件数 | H24: 28 | N24: 3 | O24: 2 | R24: 28 | S24: 27 | T24: 29 | U24: 12 | V24: 18 | Y24: 6 | Z24: 2 | AA24: 7 | AB24: 4 | AC24: 10 | AF24: 15 | AG24: 7 | AH24: 5 | AI24: 13 | AJ24: 11 | AL24: *
D25: 小野 | E25: =SUM(H25:AK25) -> 648 | F25: 40 | G25: 件数 | H25: 40 | N25: 39 | O25: 42 | R25: 8 | S25: 44 | T25: 47 | U25: 42 | V25: 42 | Y25: 44 | Z25: 25 | AA25: 33 | AB25: 18 | AC25: 23 | AF25: 38 | AG25: 46 | AH25: 40 | AI25: 43 | AJ25: 34 | AL25: *
D26: 大場 | E26: =SUM(H26:AK26) -> 124 | F26: 20 | G26: 件数 | N26: 17 | O26: 7 | S26: 1 | T26: 16 | U26: 1 | V26: 1 | Y26: 17 | Z26: 2 | AH26: 18 | AI26: 30 | AJ26: 14 | AL26: *
D27: 伊藤 | E27: =SUM(H27:AK27) -> 47 | F27: 20 | G27: 件数 | V27: 2 | Z27: 10 | AA27: 19 | AB27: 1 | AG27: 15
D28: 植田 | E28: =SUM(H28:AK28) -> 163 | F28: 20 | G28: 件数 | Y28: 14 | Z28: 26 | AB28: 2 | AC28: 28 | AG28: 26 | AH28: 28 | AI28: 9 | AJ28: 30
D29: 兼田 | E29: =SUM(H29:AK29) -> 92 | F29: 20 | G29: 件数 | AB29: 14 | AC29: 14 | AF29: 20 | AI29: 25 | AJ29: 19
D30: 島 | E30: - | F30: 20 | G30: 件数 | O30: 1 | Y30: 17 | AF30: 14 | AJ30: 18 | AL30: *
D31: 市丸 | E31: - | F31: - | G31: 件数 | V31: 2 | AF31: 9 | AG31: 6 | AL31: *
B32: 扶養 児童 | C32: 申請（合計） | E32: =SUM(H32:AK32) -> 446 | F32: - | G32: 件数 | H32: 21 | N32: 29 | O32: 33 | R32: 31 | S32: 28 | T32: 26 | U32: 24 | V32: 27 | Y32: 21 | Z32: 11 | AA32: 30 | AB32: 26 | AC32: 23 | AF32: 33 | AG32: 28 | AH32: 11 | AI32: 14 | AJ32: 30 | AL32: *
C33: 1次（合計） | E33: =SUM(H33:AK33) -> 520 | F33: - | G33: 件数 | H33: =SUM(H39:H44) -> 34 | I33: =SUM(I39:I44) -> 0 | J33: =SUM(J39:J44) -> 0 | K33: =SUM(K39:K44) -> 0 | L33: =SUM(L39:L44) -> 0 | M33: =SUM(M39:M44) -> 0 | N33: =SUM(N39:N44) -> 26 | O33: =SUM(O39:O44) -> 27 | ... AK33: =SUM(AK39:AK44) -> 0 | AL33: *
C34: １次（累計） | E34: =AK34 -> 1168 | F34: - | G34: 件数 | H34: ='0401(実績)'!AK31+'0501(実績)'!H33 -> 682 | I34: =H34+I33 -> 682 | J34: =I34+J33 -> 682 | K34: =J34+K33 -> 682 | L34: =K34+L33 -> 682 | M34: =L34+M33 -> 682 | N34: =M34+N33 -> 708 | O34: =N34+O33 -> 735 | P34: =O34+P33 -> 735 | ... AK34: =AJ34+AK33 -> 1168 | AL34: *
C35: 2次（合計） | E35: =SUM(H35:AK35) -> 470 | F35: - | G35: 件数 | H35: =SUM(H45:H48) -> 17 | I35: =SUM(I45:I48) -> 0 | J35: =SUM(J45:J48) -> 0 | K35: =SUM(K45:K48) -> 0 | L35: =SUM(L45:L48) -> 0 | M35: =SUM(M45:M48) -> 0 | N35: =SUM(N45:N48) -> 14 | O35: =SUM(O45:O48) -> 31 | ... AK35: =SUM(AK45:AK48) -> 0 | AL35: *
C36: 2次（累計） | E36: =AK36 -> 980 | F36: - | G36: 件数 | H36: ='0401(実績)'!AK33+'0501(実績)'!H35 -> 527 | I36: =H36+I35 -> 527 | J36: =I36+J35 -> 527 | K36: =J36+K35 -> 527 | L36: =K36+L35 -> 527 | M36: =L36+M35 -> 527 | N36: =M36+N35 -> 541 | O36: =N36+O35 -> 572 | P36: =O36+P35 -> 572 | ... AK36: =AJ36+AK35 -> 980 | AL36: *
C37: 1次残件数 | E37: =E32-E33 -> -74 | F37: - | G37: 件数 | H37: ='0401(実績)'!AK34+'0501(実績)'!H32-H33 -> 142 | I37: =H37+I32-I33 -> 142 | J37: =I37+J32-J33 -> 142 | K37: =J37+K32-K33 -> 142 | L37: =K37+L32-L33 -> 142 | M37: =L37+M32-M33 -> 142 | N37: =M37+N32-N33 -> 145 | O37: =N37+O32-O33 -> 151 | P37: =O37+P32-P33 -> 151 | ... AK37: =AJ37+AK32-AK33 -> 81 | AL37: *
C38: 2次残件数 | E38: =E32-E35 -> -24 | F38: - | G38: 件数 | H38: ='0401(実績)'!AK35+'0501(実績)'!H32-'0501(実績)'!H35 -> 297 | I38: =H38+I32-I35 -> 297 | J38: =I38+J32-J35 -> 297 | K38: =J38+K32-K35 -> 297 | L38: =K38+L32-L35 -> 297 | M38: =L38+M32-M35 -> 297 | N38: =M38+N32-N35 -> 312 | O38: =N38+O32-O35 -> 314 | P38: =O38+P32-P35 -> 314 | ... AK38: =AJ38+AK32-AK35 -> 269 | AL38: *
C39: 1次 | D39: 伊藤 | E39: =SUM(H39:AK39)*F39 -> 615 | F39: 15 | G39: 件数 | H39: 6 | O39: 6 | U39: 8 | AB39: 6 | AI39: 7 | AJ39: 8 | AL39: *
D40: 植田 | E40: =SUM(H40:AK40)*F40 -> 1095 | F40: 15 | G40: 件数 | H40: 10 | S40: 4 | T40: 16 | V40: 12 | AA40: 12 | AB40: 8 | AI40: 11 | AL40: *
D41: 兼田 | E41: =SUM(H41:AK41)*F41 -> 540 | F41: 15 | G41: 件数 | N41: 5 | R41: 7 | S41: 2 | U41: 4 | Y41: 7 | Z41: 6 | AG41: 5 | AL41: *
D42: 島 | E42: =SUM(H42:AK42)*F42 -> 960 | F42: 15 | G42: 件数 | R42: 5 | S42: 5 | V42: 9 | Z42: 9 | AA42: 9 | AC42: 15 | AH42: 12 | AL42: *
D43: 小菅 | E43: =SUM(H43:AK43)*F43 -> 4590 | F43: 15 | G43: 件数 | H43: 18 | N43: 21 | O43: 21 | R43: 22 | S43: 17 | T43: 18 | U43: 13 | V43: 12 | Y43: 20 | Z43: 14 | AA43: 17 | AB43: 15 | AC43: 16 | AF43: 14 | AG43: 21 | AH43: 21 | AI43: 16 | AJ43: 10 | AL43: *
G44: 件数 | AL44: *
C45: 2次 | D45: 西村 | E45: =SUM(H45:AK45)*F45 -> 4030 | F45: 13 | G45: 件数 | H45: 17 | N45: 14 | O45: 31 | R45: 20 | S45: 7 | T45: 7 | U45: 35 | V45: 23 | Y45: 4 | Z45: 6 | AA45: 17 | AB45: 22 | AC45: 19 | AF45: 8 | AG45: 26 | AH45: 26 | AI45: 24 | AJ45: 4 | AL45: *
D46: 栗城 | E46: =SUM(H46:AK46)*F46 -> 1370 | F46: 10 | G46: 件数 | R46: 5 | S46: 9 | T46: 19 | U46: 8 | V46: 3 | Y46: 14 | Z46: 8 | AA46: 6 | AB46: 8 | AC46: 10 | AG46: 15 | AH46: 11 | AI46: 15 | AJ46: 6 | AL46: *
D47: 管理 | E47: =SUM(H47:AK47) -> 23 | G47: 件数 | AC47: 10 | AF47: 10 | AI47: 3 | AL47: *
G48: 件数 | AL48: *
B49: 給与 | C49: 申請（合計） | E49: =SUM(H49:AK49) -> 212 | F49: - | G49: 件数 | H49: 13 | N49: 6 | O49: 10 | R49: 6 | S49: 7 | T49: 44 | U49: 3 | V49: 3 | Y49: 3 | Z49: 8 | AA49: 8 | AB49: 39 | AC49: 2 | AF49: 2 | AG49: 38 | AH49: 5 | AI49: 11 | AJ49: 4 | AL49: *
C50: 1次（合計） | E50: =SUM(H50:AK50) -> 216 | F50: - | G50: 件数 | H50: =SUM(H56:H61) -> 14 | I50: =SUM(I56:I61) -> 0 | J50: =SUM(J56:J61) -> 0 | K50: =SUM(K56:K61) -> 0 | L50: =SUM(L56:L61) -> 0 | M50: =SUM(M56:M61) -> 0 | N50: =SUM(N56:N61) -> 12 | O50: =SUM(O56:O61) -> 4 | ... AK50: =SUM(AK56:AK61) -> 0 | AL50: *
C51: １次（累計） | E51: =AK51 -> 411 | F51: - | G51: 件数 | H51: ='0401(実績)'!AK48+'0501(実績)'!H50 -> 209 | I51: =H51+I50 -> 209 | J51: =I51+J50 -> 209 | K51: =J51+K50 -> 209 | L51: =K51+L50 -> 209 | M51: =L51+M50 -> 209 | N51: =M51+N50 -> 221 | O51: =N51+O50 -> 225 | P51: =O51+P50 -> 225 | ... AK51: =AJ51+AK50 -> 411 | AL51: *
C52: 2次（合計） | E52: =SUM(H52:AK52) -> 217 | F52: - | G52: 件数 | H52: =SUM(H62:H65) -> 14 | I52: =SUM(I62:I65) -> 0 | J52: =SUM(J62:J65) -> 0 | K52: =SUM(K62:K65) -> 0 | L52: =SUM(L62:L65) -> 0 | M52: =SUM(M62:M65) -> 0 | N52: =SUM(N62:N65) -> 7 | O52: =SUM(O62:O65) -> 6 | ... AK52: =SUM(AK62:AK65) -> 0 | AL52: *
C53: 2次（累計） | E53: =AK53 -> 417 | F53: - | G53: 件数 | H53: ='0401(実績)'!AK50+'0501(実績)'!H52 -> 214 | I53: =H53+I52 -> 214 | J53: =I53+J52 -> 214 | K53: =J53+K52 -> 214 | L53: =K53+L52 -> 214 | M53: =L53+M52 -> 214 | N53: =M53+N52 -> 221 | O53: =N53+O52 -> 227 | P53: =O53+P52 -> 227 | ... AK53: =AJ53+AK52 -> 417 | AL53: *
C54: 1次残件数 | E54: =E49-E50 -> -4 | F54: - | G54: 件数 | H54: ='0401(実績)'!AK51+'0501(実績)'!H49-H50 -> 58 | I54: =H54+I49-I50 -> 58 | J54: =I54+J49-J50 -> 58 | K54: =J54+K49-K50 -> 58 | L54: =K54+L49-L50 -> 58 | M54: =L54+M49-M50 -> 58 | N54: =M54+N49-N50 -> 52 | O54: =N54+O49-O50 -> 58 | P54: =O54+P49-P50 -> 58 | ... AK54: =AJ54+AK49-AK50 -> 55 | AL54: *
C55: 2次残件数 | E55: =E49-E52 -> -5 | F55: - | G55: 件数 | H55: ='0401(実績)'!AK52+'0501(実績)'!H49-'0501(実績)'!H52 -> 53 | I55: =H55+I49-I52 -> 53 | J55: =I55+J49-J52 -> 53 | K55: =J55+K49-K52 -> 53 | L55: =K55+L49-L52 -> 53 | M55: =L55+M49-M52 -> 53 | N55: =M55+N49-N52 -> 52 | O55: =N55+O49-O52 -> 56 | P55: =O55+P49-P52 -> 56 | ... AK55: =AJ55+AK49-AK52 -> 49 | AL55: *
C56: 1次 | D56: 伊藤 | E56: =SUM(H56:AK56)*F56 -> 0 | F56: 40 | G56: 件数 | AL56: *
D57: 植田 | E57: =SUM(H57:AK57)*F57 -> 640 | F57: 40 | G57: 件数 | S57: 16 | AL57: *
D58: 兼田 | E58: =SUM(H58:AK58)*F58 -> 0 | F58: 40 | G58: 件数 | AL58: *
D59: 島 | E59: =SUM(H59:AK59)*F59 -> 240 | F59: 40 | G59: 件数 | AG59: 6 | AL59: *
D60: 津嘉山 | E60: =SUM(H60:AK60)*F60 -> 2910 | F60: 30 | G60: 件数 | H60: 7 | N60: 12 | O60: 4 | R60: 7 | U60: 15 | Y60: 10 | AA60: 16 | AC60: 1 | AF60: 3 | AH60: 6 | AI60: 7 | AJ60: 9 | AL60: *
D61: RPA | E61: =SUM(H61:AK61)*F61 -> 2910 | F61: 30 | G61: 件数 | H61: 7 | T61: 38 | AB61: 22 | AG61: 30 | AL61: *
C62: 2次 | D62: 西村 | E62: =SUM(H62:AK62)*F62 -> 0 | F62: 8 | G62: 件数 | AL62: *
D63: 栗城 | E63: =SUM(H63:AK63)*F63 -> 4200 | F63: 35 | G63: 件数 | H63: 7 | N63: 7 | O63: 6 | R63: 7 | S63: 13 | V63: 19 | Y63: 1 | Z63: 13 | AA63: 8 | AB63: 16 | AF63: 1 | AG63: 3 | AH63: 6 | AI63: 6 | AJ63: 7 | AL63: *
D64: 管理 | E64: =SUM(H64:AK64)*F64 -> 970 | F64: 10 | G64: 件数 | H64: 7 | U64: 38 | AB64: 22 | AH64: 30 | AL64: *
G65: 件数 | AL65: *
B66: 住居 | C66: 申請（合計） | E66: =SUM(H66:AK66) -> 218 | F66: - | G66: 件数 | H66: 8 | N66: 11 | O66: 14 | R66: 30 | S66: 30 | T66: 8 | U66: 9 | V66: 8 | Y66: 10 | Z66: 7 | AA66: 7 | AB66: 9 | AC66: 21 | AF66: 7 | AG66: 6 | AH66: 6 | AI66: 8 | AJ66: 19 | AL66: *
C67: 1次（合計） | E67: =SUM(H67:AK67) -> 202 | F67: - | G67: 件数 | H67: =SUM(H73:H78) -> 11 | I67: =SUM(I73:I78) -> 0 | J67: =SUM(J73:J78) -> 0 | K67: =SUM(K73:K78) -> 0 | L67: =SUM(L73:L78) -> 0 | M67: =SUM(M73:M78) -> 0 | N67: =SUM(N73:N78) -> 15 | O67: =SUM(O73:O78) -> 7 | ... AK67: =SUM(AK73:AK78) -> 0 | AL67: *
C68: １次（累計） | E68: =AK68 -> 415 | F68: - | G68: 件数 | H68: ='0401(実績)'!AK65+'0501(実績)'!H67 -> 224 | I68: =H68+I67 -> 224 | J68: =I68+J67 -> 224 | K68: =J68+K67 -> 224 | L68: =K68+L67 -> 224 | M68: =L68+M67 -> 224 | N68: =M68+N67 -> 239 | O68: =N68+O67 -> 246 | P68: =O68+P67 -> 246 | ... AK68: =AJ68+AK67 -> 415 | AL68: *
C69: 2次（合計） | E69: =SUM(H69:AK69) -> 197 | F69: - | G69: 件数 | H69: =SUM(H79:H82) -> 10 | I69: =SUM(I79:I82) -> 0 | J69: =SUM(J79:J82) -> 0 | K69: =SUM(K79:K82) -> 0 | L69: =SUM(L79:L82) -> 0 | M69: =SUM(M79:M82) -> 0 | N69: =SUM(N79:N82) -> 17 | O69: =SUM(O79:O82) -> 10 | ... AK69: =SUM(AK79:AK82) -> 0 | AL69: *
C70: 2次（累計） | E70: =AK70 -> 452 | F70: - | G70: 件数 | H70: ='0401(実績)'!AK67+'0501(実績)'!H69 -> 265 | I70: =H70+I69 -> 265 | J70: =I70+J69 -> 265 | K70: =J70+K69 -> 265 | L70: =K70+L69 -> 265 | M70: =L70+M69 -> 265 | N70: =M70+N69 -> 282 | O70: =N70+O69 -> 292 | P70: =O70+P69 -> 292 | ... AK70: =AJ70+AK69 -> 452 | AL70: *
C71: 1次残件数 | E71: =E66-E67 -> 16 | F71: - | G71: 件数 | H71: ='0401(実績)'!AK68+'0501(実績)'!H66-H67 -> 108 | I71: =H71+I66-I67 -> 108 | J71: =I71+J66-J67 -> 108 | K71: =J71+K66-K67 -> 108 | L71: =K71+L66-L67 -> 108 | M71: =L71+M66-M67 -> 108 | N71: =M71+N66-N67 -> 104 | O71: =N71+O66-O67 -> 111 | P71: =O71+P66-P67 -> 111 | ... AK71: =AJ71+AK66-AK67 -> 127 | AL71: *
C72: 2次残件数 | E72: =E66-E69 -> 21 | F72: - | G72: 件数 | H72: ='0401(実績)'!AK69+'0501(実績)'!H66-'0501(実績)'!H69 -> 67 | I72: =H72+I66-I69 -> 67 | J72: =I72+J66-J69 -> 67 | K72: =J72+K66-K69 -> 67 | L72: =K72+L66-L69 -> 67 | M72: =L72+M66-M69 -> 67 | N72: =M72+N66-N69 -> 61 | O72: =N72+O66-O69 -> 65 | P72: =O72+P66-P69 -> 65 | ... AK72: =AJ72+AK66-AK69 -> 90 | AL72: *
C73: 1次 | D73: 伊藤 | E73: =SUM(H73:AK73)*F73 -> 540 | F73: 20 | G73: 件数 | T73: 14 | Y73: 13 | AL73: *
D74: 植田 | E74: =SUM(H74:AK74)*F74 -> 0 | F74: 20 | G74: 件数 | AL74: *
D75: 兼田 | E75: =SUM(H75:AK75)*F75 -> 0 | F75: 20 | G75: 件数 | AL75: *
D76: 島 | E76: =SUM(H76:AK76)*F76 -> 460 | F76: 20 | G76: 件数 | AA76: 4 | AG76: 19 | AL76: *
D77: 津嘉山 | E77: =SUM(H77:AK77)*F77 -> 1520 | F77: 10 | G77: 件数 | H77: 11 | N77: 15 | O77: 7 | R77: 13 | T77: 17 | U77: 7 | V77: 11 | Y77: 13 | AA77: 6 | AB77: 11 | AC77: 12 | AF77: 12 | AH77: 10 | AI77: ８ | AJ77: 7 | AL77: *
E78: =SUM(H78:AK78)*F78 -> 0 | G78: 件数 | AL78: *
C79: 2次 | D79: 西村 | E79: =SUM(H79:AK79)*F79 -> 0 | F79: 8 | G79: 件数 | AL79: *
D80: 栗城 | E80: =SUM(H80:AK80)*F80 -> 2561 | F80: 13 | G80: 件数 | H80: 10 | N80: 17 | O80: 10 | R80: 9 | S80: 6 | T80: 7 | U80: 13 | V80: 3 | Y80: 4 | Z80: 25 | AA80: 23 | AB80: 8 | AF80: 14 | AG80: 11 | AH80: 21 | AI80: 12 | AJ80: 4 | AL80: *
D81: 管理 | E81: =SUM(H81:AK81)*F81 -> 0 | G81: 件数 | AL81: *
G82: 件数 | AL82: *
B83: OP人数合計 | H83: =H13+H31+H39+H56+H73 -> 6 | I83: =I13+I31+I39+I56+I73 -> 0 | J83: =J13+J31+J39+J56+J73 -> 0 | K83: =K13+K31+K39+K56+K73 -> 0 | L83: =L13+L31+L39+L56+L73 -> 0 | M83: =M13+M31+M39+M56+M73 -> 0 | N83: =N13+N31+N39+N56+N73 -> 14 | O83: =O13+O31+O39+O56+O73 -> 6 | ... AK83: =AK13+AK31+AK39+AK56+AK73 -> 0 | AL83: *
B84: OPシフト人数 | H84: 0 | I84: 0 | J84: 4 | K84: 0 | L84: 0 | M84: 3 | N84: 4 | O84: 3 | P84: 3 | Q84: 4 | R84: 0 | S84: 0 | T84: 3 | U84: 4 | V84: 3 | W84: 3 | X84: 4 | Y84: 0 | Z84: 0 | AA84: 3 | AB84: 4 | AC84: 3 | AD84: 3 | AE84: 4 | AF84: 0 | AG84: 0 | AH84: 3 | AI84: 4 | AJ84: 0 | AK84: 3 | AL84: *
B85: 受領人数 | H85: 0 | I85: 0 | J85: 1.5 | K85: 0 | L85: 0 | M85: 1.5 | N85: 2 | O85: 1.5 | P85: 1.5 | Q85: 1.5 | R85: 0 | S85: 0 | T85: 1.5 | U85: 2 | V85: 1.5 | W85: 1.5 | X85: 1.5 | Y85: 0 | Z85: 0 | AA85: 1.5 | AB85: 2 | AC85: 1.5 | AD85: 1.5 | AE85: 1.5 | AF85: 0 | AG85: 0 | AH85: 1.5 | AI85: 2 | AJ85: 0 | AK85: 1.5 | AL85: *
B86: 差分 | H86: =H84-(H83+H85) -> -6 | I86: =I84-(I83+I85) -> 0 | J86: =J84-(J83+J85) -> 2.5 | K86: =K84-(K83+K85) -> 0 | L86: =L84-(L83+L85) -> 0 | M86: =M84-(M83+M85) -> 1.5 | N86: =N84-(N83+N85) -> -12 | O86: =O84-(O83+O85) -> -4.5 | ... AK86: =AK84-(AK83+AK85) -> 1.5 | AL86: *

Sheet 0501(予実) 
E1: =348-480 -> -132
H2: 1 | N2: 1 | O2: 1 | R2: 1 | S2: 1 | T2: 1 | U2: 1 | V2: 1 | Y2: 1 | Z2: 1 | AA2: 1 | AB2: 1 | AC2: 1 | AF2: 1 | AG2: 1 | AH2: 1 | AI2: 1 | AJ2: 1
E3: 予測件数 | F3: 件数/人 | H3: 46143 | N3: システム停止日 | AL3: *
H4: =H3 -> 46143 | I4: =H4+1 -> 46144 | J4: =I4+1 -> 46145 | K4: =J4+1 -> 46146 | L4: =K4+1 -> 46147 | M4: =L4+1 -> 46148 | N4: =M4+1 -> 46149 | O4: =N4+1 -> 46150 | P4: =O4+1 -> 46151 | ... AK4: =AJ4+1 -> 46172 | AL4: *
H5: =H4 -> 46143 | I5: =I4 -> 46144 | J5: =J4 -> 46145 | K5: =K4 -> 46146 | L5: =L4 -> 46147 | M5: =M4 -> 46148 | N5: =N4 -> 46149 | O5: =O4 -> 46150 | ... AK5: =AK4 -> 46172 | AL5: *
B6: 通勤 | C6: 申請（合計） | E6: ='0501(予定)'!E6 -> 5720 | F6: ='0501(予定)'!F6 -> - | G6: ='0501(予定)'!G6 -> 件数 | H6: ='0501(予定)'!H6 -> 96 | I6: ='0501(予定)'!I6 -> 0 | J6: ='0501(予定)'!J6 -> 0 | K6: ='0501(予定)'!K6 -> 0 | L6: ='0501(予定)'!L6 -> 0 | ... AK6: ='0501(予定)'!AK6 -> 0 | AL6: =SUM(H6:AK6) -> 1195
C7: 申請（合計） | E7: ='0501(実績)'!E6 -> 1441 | F7: ='0501(実績)'!F6 -> - | G7: ='0501(実績)'!G6 -> 件数 | H7: ='0501(実績)'!H6 -> 102 | I7: ='0501(実績)'!I6 -> 0 | J7: ='0501(実績)'!J6 -> 0 | K7: ='0501(実績)'!K6 -> 0 | L7: ='0501(実績)'!L6 -> 0 | ... AK7: ='0501(実績)'!AK6 -> 0 | AL7: =SUM(H7:AK7) -> 1441
C8: 1次（累計） | E8: ='0501(予定)'!E8 -> - | F8: ='0501(予定)'!F8 -> - | G8: ='0501(予定)'!G8 -> 件数 | H8: ='0501(予定)'!H8 -> 1635 | I8: ='0501(予定)'!I8 -> 1635 | J8: ='0501(予定)'!J8 -> 1635 | K8: ='0501(予定)'!K8 -> 1635 | L8: ='0501(予定)'!L8 -> 1635 | ... AK8: ='0501(予定)'!AK8 -> 3305 | AL8: *
C9: １次（累計） | E9: ='0501(実績)'!E8 -> 3637 | F9: ='0501(実績)'!F8 -> - | G9: ='0501(実績)'!G8 -> 件数 | H9: ='0501(実績)'!H8 -> 1959 | I9: ='0501(実績)'!I8 -> 1959 | J9: ='0501(実績)'!J8 -> 1959 | K9: ='0501(実績)'!K8 -> 1959 | L9: ='0501(実績)'!L8 -> 1959 | ... AK9: ='0501(実績)'!AK8 -> 3637 | AL9: *
C10: 2次（累計） | E10: ='0501(予定)'!E10 -> - | F10: ='0501(予定)'!F10 -> - | G10: ='0501(予定)'!G10 -> 件数 | H10: ='0501(予定)'!H10 -> 1081 | I10: ='0501(予定)'!I10 -> 1081 | J10: ='0501(予定)'!J10 -> 1081 | K10: ='0501(予定)'!K10 -> 1081 | L10: ='0501(予定)'!L10 -> 1081 | ... AK10: ='0501(予定)'!AK10 -> 2277 | AL10: *
C11: 2次（累計） | E11: ='0501(実績)'!E10 -> 2461 | F11: ='0501(実績)'!F10 -> - | G11: ='0501(実績)'!G10 -> 件数 | H11: ='0501(実績)'!H10 -> 1161 | I11: ='0501(実績)'!I10 -> 1161 | J11: ='0501(実績)'!J10 -> 1161 | K11: ='0501(実績)'!K10 -> 1161 | L11: ='0501(実績)'!L10 -> 1161 | ... AK11: ='0501(実績)'!AK10 -> 2461 | AL11: *
B12: 扶養 児童 | C12: 申請（合計） | E12: ='0501(予定)'!E24 -> 1362 | F12: ='0501(予定)'!F24 -> - | G12: ='0501(予定)'!G24 -> 件数 | H12: ='0501(予定)'!H24 -> 29 | I12: ='0501(予定)'!I24 -> 0 | J12: ='0501(予定)'!J24 -> 0 | K12: ='0501(予定)'!K24 -> 0 | L12: ='0501(予定)'!L24 -> 0 | ... AK12: ='0501(予定)'!AK24 -> 0 | AL12: *
C13: 申請（合計） | E13: ='0501(実績)'!E29 -> 92 | F13: ='0501(実績)'!F29 -> 20 | G13: ='0501(実績)'!G29 -> 件数 | H13: ='0501(実績)'!H29 -> 0 | I13: ='0501(実績)'!I29 -> 0 | J13: ='0501(実績)'!J29 -> 0 | K13: ='0501(実績)'!K29 -> 0 | L13: ='0501(実績)'!L29 -> 0 | ... AK13: ='0501(実績)'!AK29 -> 0 | AL13: *
C14: 1次（累計） | E14: ='0501(予定)'!E14 -> 130 | F14: ='0501(予定)'!F14 -> 20 | G14: ='0501(予定)'!G14 -> 人数 | H14: ='0501(予定)'!H14 -> 0.5 | I14: ='0501(予定)'!I14 -> 0 | J14: ='0501(予定)'!J14 -> 0 | K14: ='0501(予定)'!K14 -> 0 | L14: ='0501(予定)'!L14 -> 0 | ... AK14: ='0501(予定)'!AK14 -> 0 | AL14: *
C15: １次（累計） | E15: ='0501(実績)'!E14 -> 9 | F15: ='0501(実績)'!F14 -> 20 | G15: ='0501(実績)'!G14 -> 件数 | H15: ='0501(実績)'!H14 -> 0 | I15: ='0501(実績)'!I14 -> 0 | J15: ='0501(実績)'!J14 -> 0 | K15: ='0501(実績)'!K14 -> 0 | L15: ='0501(実績)'!L14 -> 0 | ... AK15: ='0501(実績)'!AK14 -> 0 | AL15: *
C16: 2次（累計） | E16: ='0501(予定)'!E16 -> 170 | F16: ='0501(予定)'!F16 -> 20 | G16: ='0501(予定)'!G16 -> 人数 | H16: ='0501(予定)'!H16 -> 0.5 | I16: ='0501(予定)'!I16 -> 0 | J16: ='0501(予定)'!J16 -> 0 | K16: ='0501(予定)'!K16 -> 0 | L16: ='0501(予定)'!L16 -> 0 | ... AK16: ='0501(予定)'!AK16 -> 0 | AL16: *
C17: 2次（累計） | E17: ='0501(実績)'!E16 -> 35 | F17: ='0501(実績)'!F16 -> 20 | G17: ='0501(実績)'!G16 -> 件数 | H17: ='0501(実績)'!H16 -> 11 | I17: ='0501(実績)'!I16 -> 0 | J17: ='0501(実績)'!J16 -> 0 | K17: ='0501(実績)'!K16 -> 0 | L17: ='0501(実績)'!L16 -> 0 | ... AK17: ='0501(実績)'!AK16 -> 0 | AL17: *
B18: 給与 | C18: 申請（合計） | E18: ='0501(予定)'!E38 -> 399 | F18: ='0501(予定)'!F38 -> - | G18: ='0501(予定)'!G38 -> 件数 | H18: ='0501(予定)'!H38 -> 17 | I18: ='0501(予定)'!I38 -> 0 | J18: ='0501(予定)'!J38 -> 0 | K18: ='0501(予定)'!K38 -> 0 | L18: ='0501(予定)'!L38 -> 0 | ... AK18: ='0501(予定)'!AK38 -> 0 | AL18: *
C19: 申請（合計） | E19: ='0501(実績)'!E46 -> 1370 | F19: ='0501(実績)'!F46 -> 10 | G19: ='0501(実績)'!G46 -> 件数 | H19: ='0501(実績)'!H46 -> 0 | I19: ='0501(実績)'!I46 -> 0 | J19: ='0501(実績)'!J46 -> 0 | K19: ='0501(実績)'!K46 -> 0 | L19: ='0501(実績)'!L46 -> 0 | ... AK19: ='0501(実績)'!AK46 -> 0 | AL19: *
C20: 1次（累計） | E20: ='0501(予定)'!E40 -> 96 | F20: ='0501(予定)'!F40 -> - | G20: ='0501(予定)'!G40 -> 件数 | H20: ='0501(予定)'!H40 -> 720 | I20: ='0501(予定)'!I40 -> 720 | J20: ='0501(予定)'!J40 -> 720 | K20: ='0501(予定)'!K40 -> 720 | L20: ='0501(予定)'!L40 -> 720 | ... AK20: ='0501(予定)'!AK40 -> 10 | AL20: *
C21: １次（累計） | E21: ='0501(実績)'!E48 -> 0 | F21: ='0501(実績)'!F48 -> 0 | G21: ='0501(実績)'!G48 -> 件数 | H21: ='0501(実績)'!H48 -> 0 | I21: ='0501(実績)'!I48 -> 0 | J21: ='0501(実績)'!J48 -> 0 | K21: ='0501(実績)'!K48 -> 0 | L21: ='0501(実績)'!L48 -> 0 | ... AK21: ='0501(実績)'!AK48 -> 0 | AL21: *
C22: 2次（累計） | E22: ='0501(予定)'!E42 -> 119 | F22: ='0501(予定)'!F42 -> 35 | G22: ='0501(予定)'!G42 -> 人数 | H22: ='0501(予定)'!H42 -> 0.2 | I22: ='0501(予定)'!I42 -> 0 | J22: ='0501(予定)'!J42 -> 0 | K22: ='0501(予定)'!K42 -> 0 | L22: ='0501(予定)'!L42 -> 0 | ... AK22: ='0501(予定)'!AK42 -> 0 | AL22: *
C23: 2次（累計） | E23: ='0501(実績)'!E50 -> 216 | F23: ='0501(実績)'!F50 -> - | G23: ='0501(実績)'!G50 -> 件数 | H23: ='0501(実績)'!H50 -> 14 | I23: ='0501(実績)'!I50 -> 0 | J23: ='0501(実績)'!J50 -> 0 | K23: ='0501(実績)'!K50 -> 0 | L23: ='0501(実績)'!L50 -> 0 | ... AK23: ='0501(実績)'!AK50 -> 0 | AL23: *
B24: 住居 | C24: 申請（合計） | E24: ='0501(予定)'!E52 -> 176.2 | F24: ='0501(予定)'!F52 -> - | G24: ='0501(予定)'!G52 -> 件数 | H24: ='0501(予定)'!H52 -> 77.6 | I24: ='0501(予定)'!I52 -> 77.6 | J24: ='0501(予定)'!J52 -> 77.6 | K24: ='0501(予定)'!K52 -> 77.6 | L24: ='0501(予定)'!L52 -> 77.6 | ... AK24: ='0501(予定)'!AK52 -> 113.8 | AL24: *
C25: 申請（合計） | E25: ='0501(実績)'!E63 -> 4200 | F25: ='0501(実績)'!F63 -> 35 | G25: ='0501(実績)'!G63 -> 件数 | H25: ='0501(実績)'!H63 -> 7 | I25: ='0501(実績)'!I63 -> 0 | J25: ='0501(実績)'!J63 -> 0 | K25: ='0501(実績)'!K63 -> 0 | L25: ='0501(実績)'!L63 -> 0 | ... AK25: ='0501(実績)'!AK63 -> 0 | AL25: *
C26: 1次（累計） | E26: ='0501(予定)'!E54 -> 138 | F26: ='0501(予定)'!F54 -> 10 | G26: ='0501(予定)'!G54 -> 人数 | H26: ='0501(予定)'!H54 -> 0.8 | I26: ='0501(予定)'!I54 -> 0 | J26: ='0501(予定)'!J54 -> 0 | K26: ='0501(予定)'!K54 -> 0 | L26: ='0501(予定)'!L54 -> 0 | ... AK26: ='0501(予定)'!AK54 -> 0
C27: １次（累計） | E27: ='0501(実績)'!E65 -> 0 | F27: ='0501(実績)'!F65 -> 0 | G27: ='0501(実績)'!G65 -> 件数 | H27: ='0501(実績)'!H65 -> 0 | I27: ='0501(実績)'!I65 -> 0 | J27: ='0501(実績)'!J65 -> 0 | K27: ='0501(実績)'!K65 -> 0 | L27: ='0501(実績)'!L65 -> 0 | ... AK27: ='0501(実績)'!AK65 -> 0 | AL27: *
C28: 2次（累計） | E28: ='0501(予定)'!E56 -> 0 | F28: ='0501(予定)'!F56 -> 16 | G28: ='0501(予定)'!G56 -> 人数 | H28: ='0501(予定)'!H56 -> 0 | I28: ='0501(予定)'!I56 -> 0 | J28: ='0501(予定)'!J56 -> 0 | K28: ='0501(予定)'!K56 -> 0 | L28: ='0501(予定)'!L56 -> 0 | ... AK28: ='0501(予定)'!AK56 -> 0
C29: 2次（累計） | E29: ='0501(実績)'!E67 -> 202 | F29: ='0501(実績)'!F67 -> - | G29: ='0501(実績)'!G67 -> 件数 | H29: ='0501(実績)'!H67 -> 11 | I29: ='0501(実績)'!I67 -> 0 | J29: ='0501(実績)'!J67 -> 0 | K29: ='0501(実績)'!K67 -> 0 | L29: ='0501(実績)'!L67 -> 0 | ... AK29: ='0501(実績)'!AK67 -> 0 | AL29: *

Sheet 0601(予定)
H2: 1 | I2: 1 | J2: 1 | K2: 1 | L2: 1 | O2: 1 | P2: 1 | Q2: 1 | R2: 1 | S2: 1 | V2: 1 | W2: 1 | X2: 1 | Y2: 1 | Z2: 1 | AC2: 1 | AD2: 1 | AE2: 1 | AF2: 1 | AG2: 1 | AJ2: 1 | AK2: 1 | AL2: =SUM(H2:AK2) -> 22
E3: 予測件数 | F3: 件数/人 | H3: 46174 | L3: システム停止日 | AE3: 全体集会 | AL3: *
H4: =H3 -> 46174 | I4: =H4+1 -> 46175 | J4: =I4+1 -> 46176 | K4: =J4+1 -> 46177 | L4: =K4+1 -> 46178 | M4: =L4+1 -> 46179 | N4: =M4+1 -> 46180 | O4: =N4+1 -> 46181 | P4: =O4+1 -> 46182 | ... AK4: =AJ4+1 -> 46203 | AL4: *
H5: =H4 -> 46174 | I5: =I4 -> 46175 | J5: =J4 -> 46176 | K5: =K4 -> 46177 | L5: =L4 -> 46178 | M5: =M4 -> 46179 | N5: =N4 -> 46180 | O5: =O4 -> 46181 | ... AK5: =AK4 -> 46203 | AL5: *
B6: 通勤 | C6: 申請（合計） | E6: =SUM(H6:AK6)+'0501(予定)'!E6 -> 5720 | F6: - | G6: 件数 | AL6: =SUM(H6:AK6) -> 0
C7: 1次（合計） | E7: =SUM(H7:AK7)+'0501(予定)'!E7 -> 4515 | F7: - | G7: 件数 | H7: =SUM(H13*$F$13,H14*$F$14,H15*$F$15) -> 60 | I7: =SUM(I13*$F$13,I14*$F$14,I15*$F$15) -> 60 | J7: =SUM(J13*$F$13,J14*$F$14,J15*$F$15) -> 60 | K7: =SUM(K13*$F$13,K14*$F$14,K15*$F$15) -> 60 | L7: =SUM(L13*$F$13,L14*$F$14,L15*$F$15) -> 70 | M7: =SUM(M13*$F$13,M14*$F$14,M15*$F$15) -> 0 | N7: =SUM(N13*$F$13,N14*$F$14,N15*$F$15) -> 0 | O7: =SUM(O13*$F$13,O14*$F$14,O15*$F$15) -> 60 | ... AK7: =SUM(AK13*$F$13,AK14*$F$14,AK15*$F$15) -> 0 | AL7: *
C8: 1次（累計） | E8: - | F8: - | G8: 件数 | H8: ='0501(予定)'!AK8+H7 -> 3365 | I8: =H8+I7 -> 3425 | J8: =I8+J7 -> 3485 | K8: =J8+K7 -> 3545 | L8: =K8+L7 -> 3615 | M8: =L8+M7 -> 3615 | N8: =M8+N7 -> 3615 | O8: =N8+O7 -> 3675 | P8: =O8+P7 -> 3735 | ... AK8: =AJ8+AK7 -> 4515
C9: 2次（合計） | E9: =SUM(H9:AK9)+'0501(予定)'!E9 -> 3857 | F9: - | G9: 件数 | H9: =SUM(H16*$F$16,H17*$F$17,H18*$F$18,H19*$F$19) -> 70 | I9: =SUM(I16*$F$16,I17*$F$17,I18*$F$18,I19*$F$19) -> 72 | J9: =SUM(J16*$F$16,J17*$F$17,J18*$F$18,J19*$F$19) -> 70 | K9: =SUM(K16*$F$16,K17*$F$17,K18*$F$18,K19*$F$19) -> 70 | L9: =SUM(L16*$F$16,L17*$F$17,L18*$F$18,L19*$F$19) -> 80 | M9: =SUM(M16*$F$16,M17*$F$17,M18*$F$18,M19*$F$19) -> 0 | N9: =SUM(N16*$F$16,N17*$F$17,N18*$F$18,N19*$F$19) -> 0 | O9: =SUM(O16*$F$16,O17*$F$17,O18*$F$18,O19*$F$19) -> 70 | ... AK9: =SUM(AK16*$F$16,AK17*$F$17,AK18*$F$18,AK19*$F$19) -> 0 | AL9: *
C10: 2次（累計） | E10: - | F10: - | G10: 件数 | H10: ='0501(予定)'!AK10+H9 -> 2347 | I10: =H10+I9 -> 2419 | J10: =I10+J9 -> 2489 | K10: =J10+K9 -> 2559 | L10: =K10+L9 -> 2639 | M10: =L10+M9 -> 2639 | N10: =M10+N9 -> 2639 | O10: =N10+O9 -> 2709 | P10: =O10+P9 -> 2781 | ... AK10: =AJ10+AK9 -> 3857
C11: 1次残件数 | E11: =E6-E7 -> 1205 | F11: - | G11: 件数 | H11: ='0501(予定)'!AK11+H6-H7 -> 2355 | I11: =H11+I6-I7 -> 2295 | J11: =I11+J6-J7 -> 2235 | K11: =J11+K6-K7 -> 2175 | L11: =K11+L6-L7 -> 2105 | M11: =L11+M6-M7 -> 2105 | N11: =M11+N6-N7 -> 2105 | O11: =N11+O6-O7 -> 2045 | P11: =O11+P6-P7 -> 1985 | ... AK11: =AJ11+AK6-AK7 -> 1205 | AL11: *
C12: 2次残件数 | E12: =E6-E9 -> 1863 | F12: - | G12: 件数 | H12: ='0501(予定)'!AK12+H6-H9 -> 3373 | I12: =H12+I6-I9 -> 3301 | J12: =I12+J6-J9 -> 3231 | K12: =J12+K6-K9 -> 3161 | L12: =K12+L6-L9 -> 3081 | M12: =L12+M6-M9 -> 3081 | N12: =M12+N6-N9 -> 3081 | O12: =N12+O6-O9 -> 3011 | P12: =O12+P6-P9 -> 2939 | ... AK12: =AJ12+AK6-AK9 -> 1863 | AL12: *
C13: 1次 | D13: OP | E13: =SUM(H13:AK13)*F13 -> 246 | F13: 20 | G13: 人数 | H13: 0.5 | I13: 0.5 | J13: 0.5 | K13: 0.5 | L13: 1 | O13: 0.5 | P13: 0.5 | Q13: 0.5 | R13: 0.5 | S13: 1 | V13: 0.5 | W13: 0.5 | X13: 0.5 | Y13: 0.5 | Z13: 1 | AC13: 0.5 | AD13: 0.5 | AE13: 0.3 | AF13: 0.5 | AG13: 1 | AJ13: 0.5 | AL13: *
D14: 大場 | E14: =SUM(H14:AK14)*F14 -> 340 | F14: 20 | G14: 人数 | H14: 1 | I14: 1 | J14: 1 | K14: 1 | L14: 1 | O14: 1 | P14: 1 | Q14: 1 | R14: 1 | S14: 1 | V14: 1 | W14: 1 | X14: 1 | Y14: 1 | Z14: 1 | AC14: 1 | AJ14: 1 | AL14: *
D15: 三浦 | E15: =SUM(H15:AK15)*F15 -> 624 | F15: 30 | G15: 人数 | H15: 1 | I15: 1 | J15: 1 | K15: 1 | L15: 1 | O15: 1 | P15: 1 | Q15: 1 | R15: 1 | S15: 1 | V15: 1 | W15: 1 | X15: 1 | Y15: 1 | Z15: 1 | AC15: 1 | AD15: 1 | AE15: 0.8 | AF15: 1 | AG15: 1 | AJ15: 1 | AL15: *
C16: 2次 | D16: 田中 | E16: =SUM(H16:AK16)*F16 -> 624 | F16: 30 | G16: 人数 | H16: 1 | I16: 1 | J16: 1 | K16: 1 | L16: 1 | O16: 1 | P16: 1 | Q16: 1 | R16: 1 | S16: 1 | V16: 1 | W16: 1 | X16: 1 | Y16: 1 | Z16: 1 | AC16: 1 | AD16: 1 | AE16: 0.8 | AF16: 1 | AG16: 1 | AJ16: 1 | AL16: *
D17: 小野 | E17: =SUM(H17:AK17)*F17 -> 800 | F17: 40 | G17: 人数 | H17: 1 | I17: 0.8 | J17: 1 | K17: 1 | L17: 1 | O17: 1 | P17: 0.8 | Q17: 1 | R17: 1 | S17: 1 | V17: 1 | W17: 0.8 | X17: 1 | Y17: 1 | Z17: 1 | AC17: 1 | AD17: 0.8 | AE17: 0.8 | AF17: 1 | AG17: 1 | AJ17: 1 | AL17: *
D18: 大場 | E18: =SUM(H18:AK18)*F18 -> 76 | F18: 20 | G18: 人数 | AD18: 1 | AE18: 0.8 | AF18: 1 | AG18: 1 | AL18: *
D19: OP | E19: =SUM(H19:AK19)*F19 -> 80 | F19: 20 | G19: 人数 | H19: 0 | I19: 0.5 | J19: 0 | K19: 0 | L19: 0.5 | O19: 0 | P19: 0.5 | Q19: 0 | R19: 0 | S19: 0.5 | V19: 0 | W19: 0.5 | X19: 0 | Y19: 0 | Z19: 0.5 | AC19: 0 | AD19: 0.5 | AE19: 0 | AF19: 0 | AG19: 0.5 | AJ19: 0 | AL19: *
B20: 扶養 児童 | C20: 申請（合計） | E20: =SUM(H20:AK20)+'0501(予定)'!E24 -> 1764 | F20: - | G20: 件数 | H20: 14 | I20: 16 | J20: 23 | K20: 14 | L20: 0 | M20: 0 | N20: 0 | O20: 33 | P20: 16 | Q20: 14 | R20: 11 | S20: 30 | T20: 0 | U20: 0 | V20: 55 | W20: 13 | X20: 14 | Y20: 20 | Z20: 12 | AA20: 0 | AB20: 0 | AC20: 6 | AD20: 22 | AE20: 12 | AF20: 19 | AG20: 10 | AH20: 0 | AI20: 0 | AJ20: 38 | AK20: 10 | AL20: *
C21: 1次（合計） | E21: =SUM(H21:AK21)+'0501(予定)'!E25 -> 1219 | F21: - | G21: 件数 | H21: =SUM(H25*$F$25,H26*$F$26,H27*$F$27) -> 7.5 | I21: =SUM(I25*$F$25,I26*$F$26,I27*$F$27) -> 15 | J21: =SUM(J25*$F$25,J26*$F$26,J27*$F$27) -> 7.5 | K21: =SUM(K25*$F$25,K26*$F$26,K27*$F$27) -> 7.5 | L21: =SUM(L25*$F$25,L26*$F$26,L27*$F$27) -> 7.5 | M21: =SUM(M25*$F$25,M26*$F$26,M27*$F$27) -> 0 | N21: =SUM(N25*$F$25,N26*$F$26,N27*$F$27) -> 0 | O21: =SUM(O25*$F$25,O26*$F$26,O27*$F$27) -> 7.5 | ... AK21: =SUM(AK25*$F$25,AK26*$F$26,AK27*$F$27) -> 0 | AL21: *
C22: 2次（合計） | E22: =SUM(H22:AK22)+'0501(予定)'!E26 -> 895 | F22: - | G22: 件数 | H22: =SUM(H28*$F$28,H29*$F$29,H30*$F$30,H31*$F$31) -> 18 | I22: =SUM(I28*$F$28,I29*$F$29,I30*$F$30,I31*$F$31) -> 18 | J22: =SUM(J28*$F$28,J29*$F$29,J30*$F$30,J31*$F$31) -> 18 | K22: =SUM(K28*$F$28,K29*$F$29,K30*$F$30,K31*$F$31) -> 18 | L22: =SUM(L28*$F$28,L29*$F$29,L30*$F$30,L31*$F$31) -> 18 | M22: =SUM(M28*$F$28,M29*$F$29,M30*$F$30,M31*$F$31) -> 0 | N22: =SUM(N28*$F$28,N29*$F$29,N30*$F$30,N31*$F$31) -> 0 | O22: =SUM(O28*$F$28,O29*$F$29,O30*$F$30,O31*$F$31) -> 18 | ... AK22: =SUM(AK28*$F$28,AK29*$F$29,AK30*$F$30,AK31*$F$31) -> 0 | AL22: *
C23: 1次残件数 | E23: =E20-E21 -> 545 | F23: - | G23: 件数 | H23: ='0501(予定)'!AK27+H20-H21 -> 337 | I23: =H23+I20-I21 -> 338 | J23: =I23+J20-J21 -> 353.5 | K23: =J23+K20-K21 -> 360 | L23: =K23+L20-L21 -> 352.5 | M23: =L23+M20-M21 -> 352.5 | N23: =M23+N20-N21 -> 352.5 | O23: =N23+O20-O21 -> 378 | P23: =O23+P20-P21 -> 379 | ... AK23: =AJ23+AK20-AK21 -> 545 | AL23: *
C24: 2次残件数 | E24: =E20-E22 -> 869 | F24: - | G24: 件数 | H24: ='0501(予定)'!AK28+H20-H22 -> 841 | I24: =H24+I20-I22 -> 839 | J24: =I24+J20-J22 -> 844 | K24: =J24+K20-K22 -> 840 | L24: =K24+L20-L22 -> 822 | M24: =L24+M20-M22 -> 822 | N24: =M24+N20-N22 -> 822 | O24: =N24+O20-O22 -> 837 | P24: =O24+P20-P22 -> 835 | ... AK24: =AJ24+AK20-AK22 -> 869 | AL24: *
C25: 1次 | D25: OP | E25: =SUM(H25:AK25)*F25 -> 187.5 | F25: 15 | G25: 人数 | H25: 0.5 | I25: 1 | J25: 0.5 | K25: 0.5 | L25: 0.5 | O25: 0.5 | P25: 1 | Q25: 0.5 | R25: 0.5 | S25: 0.5 | V25: 0.5 | W25: 1 | X25: 0.5 | Y25: 0.5 | Z25: 0.5 | AC25: 0.5 | AD25: 1 | AE25: 0.5 | AF25: 0.5 | AG25: 0.5 | AJ25: 0.5 | AL25: *
D26: 小菅 | E26: =SUM(H26:AK26)*F26 -> 0 | G26: 人数 | AL26: *
E27: =SUM(H27:AK27)*F27 -> 0 | G27: 人数 | AL27: *
C28: 2次 | D28: 西村 | E28: =SUM(H28:AK28)*F28 -> 273 | F28: 13 | G28: 人数 | H28: 1 | I28: 1 | J28: 1 | K28: 1 | L28: 1 | O28: 1 | P28: 1 | Q28: 1 | R28: 1 | S28: 1 | V28: 1 | W28: 1 | X28: 1 | Y28: 1 | Z28: 1 | AC28: 1 | AD28: 1 | AE28: 1 | AF28: 1 | AG28: 1 | AJ28: 1 | AL28: *
D29: 栗城 | E29: =SUM(H29:AK29)*F29 -> 105 | F29: 10 | G29: 人数 | H29: 0.5 | I29: 0.5 | J29: 0.5 | K29: 0.5 | L29: 0.5 | O29: 0.5 | P29: 0.5 | Q29: 0.5 | R29: 0.5 | S29: 0.5 | V29: 0.5 | W29: 0.5 | X29: 0.5 | Y29: 0.5 | Z29: 0.5 | AC29: 0.5 | AD29: 0.5 | AE29: 0.5 | AF29: 0.5 | AG29: 0.5 | AJ29: 0.5 | AL29: *
D30: 管理 | E30: =SUM(H30:AK30)*F30 -> 0 | G30: 人数 | AL30: *
E31: =SUM(H31:AK31)*F31 -> 0 | G31: 人数 | AL31: *
B32: 給与 | C32: 申請（合計） | E32: =SUM(H32:AK32)+'0501(予定)'!E36 -> 678 | F32: - | G32: 件数 | H32: 10 | I32: 7 | J32: 3 | K32: 2 | L32: 0 | M32: 0 | N32: 0 | O32: 26 | P32: 1 | Q32: 0 | R32: 2 | S32: 13 | T32: 0 | U32: 0 | V32: 11 | W32: 11 | X32: 1 | Y32: 1 | Z32: 17 | AA32: 0 | AB32: 0 | AC32: 11 | AD32: 7 | AE32: 2 | AF32: 4 | AG32: 33 | AH32: 0 | AI32: 0 | AJ32: 10 | AK32: 11 | AL32: *
C33: 1次（合計） | E33: =SUM(H33:AK33)+'0501(予定)'!E37 -> 578 | F33: - | G33: 件数 | H33: =SUM(H37*$F$37,H38*$F$38,H39*$F$39) -> 14 | I33: =SUM(I37*$F$37,I38*$F$38,I39*$F$39) -> 4 | J33: =SUM(J37*$F$37,J38*$F$38,J39*$F$39) -> 4 | K33: =SUM(K37*$F$37,K38*$F$38,K39*$F$39) -> 14 | L33: =SUM(L37*$F$37,L38*$F$38,L39*$F$39) -> 4 | M33: =SUM(M37*$F$37,M38*$F$38,M39*$F$39) -> 0 | N33: =SUM(N37*$F$37,N38*$F$38,N39*$F$39) -> 0 | O33: =SUM(O37*$F$37,O38*$F$38,O39*$F$39) -> 4 | ... AK33: =SUM(AK37*$F$37,AK38*$F$38,AK39*$F$39) -> 4 | AL33: *
C34: 2次（合計） | E34: =SUM(H34:AK34)+'0501(予定)'!E38 -> 542.5 | F34: - | G34: 件数 | H34: =SUM(H40*$F$40,H41*$F$41,H42*$F$42,H43*$F$43) -> 13.5 | I34: =SUM(I40*$F$40,I41*$F$41,I42*$F$42,I43*$F$43) -> 3.5 | J34: =SUM(J40*$F$40,J41*$F$41,J42*$F$42,J43*$F$43) -> 3.5 | K34: =SUM(K40*$F$40,K41*$F$41,K42*$F$42,K43*$F$43) -> 13.5 | L34: =SUM(L40*$F$40,L41*$F$41,L42*$F$42,L43*$F$43) -> 3.5 | M34: =SUM(M40*$F$40,M41*$F$41,M42*$F$42,M43*$F$43) -> 0 | N34: =SUM(N40*$F$40,N41*$F$41,N42*$F$42,N43*$F$43) -> 0 | O34: =SUM(O40*$F$40,O41*$F$41,O42*$F$42,O43*$F$43) -> 13.5 | ... AK34: =SUM(AK40*$F$40,AK41*$F$41,AK42*$F$42,AK43*$F$43) -> 0 | AL34: *
C35: 1次残件数 | E35: =E32-E33 -> 100 | F35: - | G35: 件数 | H35: 465 | I35: =H35+I32-I33 -> 468 | J35: =I35+J32-J33 -> 467 | K35: =J35+K32-K33 -> 455 | L35: =K35+L32-L33 -> 451 | M35: =L35+M32-M33 -> 451 | N35: =M35+N32-N33 -> 451 | O35: =N35+O32-O33 -> 473 | P35: =O35+P32-P33 -> 470 | ... AK35: =AJ35+AK32-AK33 -> 494 | AL35: *
C36: 2次残件数 | E36: =E32-E34 -> 135.5 | F36: - | G36: 件数 | H36: 1003.5 | I36: =H36+I32-I34 -> 1007 | J36: =I36+J32-J34 -> 1006.5 | K36: =J36+K32-K34 -> 995 | L36: =K36+L32-L34 -> 991.5 | M36: =L36+M32-M34 -> 991.5 | N36: =M36+N32-N34 -> 991.5 | O36: =N36+O32-O34 -> 1004 | P36: =O36+P32-P34 -> 1001.5 | ... AK36: =AJ36+AK32-AK34 -> 1046.5 | AL36: *
C37: 1次 | D37: OP | E37: =SUM(H37:AK37)*F37 -> 88 | F37: 40 | G37: 人数 | H37: 0.1 | I37: 0.1 | J37: 0.1 | K37: 0.1 | L37: 0.1 | O37: 0.1 | P37: 0.1 | Q37: 0.1 | R37: 0.1 | S37: 0.1 | V37: 0.1 | W37: 0.1 | X37: 0.1 | Y37: 0.1 | Z37: 0.1 | AC37: 0.1 | AD37: 0.1 | AE37: 0.1 | AF37: 0.1 | AG37: 0.1 | AJ37: 0.1 | AK37: 0.1 | AL37: *
D38: 津嘉山 | E38: =SUM(H38:AK38)*F38 -> 0 | G38: 人数 | AL38: *
D39: RPA | E39: =SUM(H39:AK39)*F39 -> 70 | F39: 10 | G39: 人数 | H39: 1 | K39: 1 | R39: 1 | V39: 1 | Y39: 1 | AC39: 1 | AF39: 1 | AL39: *
C40: 2次 | D40: 西村 | E40: =SUM(H40:AK40)*F40 -> 0 | G40: 人数 | AL40: *
D41: 栗城 | E41: =SUM(H41:AK41)*F41 -> 73.5 | F41: 35 | G41: 人数 | H41: 0.1 | I41: 0.1 | J41: 0.1 | K41: 0.1 | L41: 0.1 | O41: 0.1 | P41: 0.1 | Q41: 0.1 | R41: 0.1 | S41: 0.1 | V41: 0.1 | W41: 0.1 | X41: 0.1 | Y41: 0.1 | Z41: 0.1 | AC41: 0.1 | AD41: 0.1 | AE41: 0.1 | AF41: 0.1 | AG41: 0.1 | AJ41: 0.1 | AL41: *
D42: 管理 | E42: =SUM(H42:AK42)*F42 -> 70 | F42: 10 | G42: 人数 | H42: 1 | K42: 1 | O42: 1 | R42: 1 | V42: 1 | Y42: 1 | AC42: 1 | AL42: *
E43: =SUM(H43:AK43) -> 0 | G43: 人数 | AL43: *
B44: 住居 | C44: 申請（合計） | E44: =SUM(H44:AK44)+'0401(予定）'!E52 -> 557 | F44: - | G44: 件数 | H44: 9 | I44: 13 | J44: 16 | K44: 12 | L44: 0 | M44: 0 | N44: 0 | O44: 14 | P44: 5 | Q44: 8 | R44: 3 | S44: 11 | T44: 0 | U44: 0 | V44: 12 | W44: 9 | X44: 4 | Y44: 14 | Z44: 3 | AA44: 0 | AB44: 0 | AC44: 12 | AD44: 10 | AE44: 8 | AF44: 10 | AG44: 4 | AH44: 0 | AI44: 0 | AJ44: 9 | AK44: 15 | AL44: *
C45: 1次（合計） | E45: =SUM(H45:AK45)+'0401(予定）'!E53 -> 376 | F45: - | G45: 件数 | H45: =SUM(H49*$F$49,H50*$F$50,H51*$F$51) -> 8 | I45: =SUM(I49*$F$49,I50*$F$50,I51*$F$51) -> 8 | J45: =SUM(J49*$F$49,J50*$F$50,J51*$F$51) -> 8 | K45: =SUM(K49*$F$49,K50*$F$50,K51*$F$51) -> 8 | L45: =SUM(L49*$F$49,L50*$F$50,L51*$F$51) -> 8 | M45: =SUM(M49*$F$49,M50*$F$50,M51*$F$51) -> 0 | N45: =SUM(N49*$F$49,N50*$F$50,N51*$F$51) -> 0 | O45: =SUM(O49*$F$49,O50*$F$50,O51*$F$51) -> 8 | ... AK45: =SUM(AK49*$F$49,AK50*$F$50,AK51*$F$51) -> 0 | AL45: *
C46: 2次（合計） | E46: =SUM(H46:AK46)+'0401(予定）'!E55 -> 319.8 | F46: - | G46: 件数 | H46: =SUM(H52*$F$52,H53*$F$53,H54*$F$54,H55*$F$55) -> 5.2 | I46: =SUM(I52*$F$52,I53*$F$53,I54*$F$54,I55*$F$55) -> 5.2 | J46: =SUM(J52*$F$52,J53*$F$53,J54*$F$54,J55*$F$55) -> 5.2 | K46: =SUM(K52*$F$52,K53*$F$53,K54*$F$54,K55*$F$55) -> 5.2 | L46: =SUM(L52*$F$52,L53*$F$53,L54*$F$54,L55*$F$55) -> 5.2 | M46: =SUM(M52*$F$52,M53*$F$53,M54*$F$54,M55*$F$55) -> 0 | N46: =SUM(N52*$F$52,N53*$F$53,N54*$F$54,N55*$F$55) -> 0 | O46: =SUM(O52*$F$52,O53*$F$53,O54*$F$54,O55*$F$55) -> 5.2 | ... AK46: =SUM(AK52*$F$52,AK53*$F$53,AK54*$F$54,AK55*$F$55) -> 0 | AL46: *
C47: 1次残件数 | E47: =E44-E45 -> 181 | F47: - | G47: 件数 | H47: 584 | I47: =H47+I44-I45 -> 589 | J47: =I47+J44-J45 -> 597 | K47: =J47+K44-K45 -> 601 | L47: =K47+L44-L45 -> 593 | M47: =L47+M44-M45 -> 593 | N47: =M47+N44-N45 -> 593 | O47: =N47+O44-O45 -> 599 | P47: =O47+P44-P45 -> 596 | ... AK47: =AJ47+AK44-AK45 -> 616 | AL47: *
C48: 2次残件数 | E48: =E44-E46 -> 237.2 | F48: - | G48: 件数 | H48: 30.8 | I48: =H48+I44-I46 -> 38.6 | J48: =I48+J44-J46 -> 49.4 | K48: =J48+K44-K46 -> 56.2 | L48: =K48+L44-L46 -> 51 | M48: =L48+M44-M46 -> 51 | N48: =M48+N44-N46 -> 51 | O48: =N48+O44-O46 -> 59.8 | P48: =O48+P44-P46 -> 59.6 | ... AK48: =AJ48+AK44-AK46 -> 118.8 | AL48: *
C49: 1次 | D49: OP | E49: =SUM(H49:AK49)*F49 -> 168 | F49: 20 | G49: 人数 | H49: 0.4 | I49: 0.4 | J49: 0.4 | K49: 0.4 | L49: 0.4 | O49: 0.4 | P49: 0.4 | Q49: 0.4 | R49: 0.4 | S49: 0.4 | V49: 0.4 | W49: 0.4 | X49: 0.4 | Y49: 0.4 | Z49: 0.4 | AC49: 0.4 | AD49: 0.4 | AE49: 0.4 | AF49: 0.4 | AG49: 0.4 | AJ49: 0.4 | AL49: *
D50: 津嘉山 | E50: =SUM(H50:AK50)*F50 -> 0 | G50: 人数 | AL50: *
E51: =SUM(H51:AK51)*F51 -> 0 | G51: 人数 | AL51: *
C52: 2次 | D52: 西村 | E52: =SUM(H52:AK52)*F52 -> 0 | G52: 人数 | AL52: *
D53: 栗城 | E53: =SUM(H53:AK53)*F53 -> 109.2 | F53: 13 | G53: 人数 | H53: 0.4 | I53: 0.4 | J53: 0.4 | K53: 0.4 | L53: 0.4 | O53: 0.4 | P53: 0.4 | Q53: 0.4 | R53: 0.4 | S53: 0.4 | V53: 0.4 | W53: 0.4 | X53: 0.4 | Y53: 0.4 | Z53: 0.4 | AC53: 0.4 | AD53: 0.4 | AE53: 0.4 | AF53: 0.4 | AG53: 0.4 | AJ53: 0.4 | AL53: *
E54: =SUM(H54:AK54)*F54 -> 0 | G54: 人数 | AL54: *
E55: =SUM(H55:AK55) -> 0 | G55: 人数 | AL55: *
B56: OP人数合計 | H56: =H13+H19+H25+H37+H49 -> 1.5 | I56: =I13+I19+I25+I37+I49 -> 2.5 | J56: =J13+J19+J25+J37+J49 -> 1.5 | K56: =K13+K19+K25+K37+K49 -> 1.5 | L56: =L13+L19+L25+L37+L49 -> 2.5 | M56: =M13+M19+M25+M37+M49 -> 0 | N56: =N13+N19+N25+N37+N49 -> 0 | O56: =O13+O19+O25+O37+O49 -> 1.5 | ... AK56: =AK13+AK19+AK25+AK37+AK49 -> 0.1 | AL56: *
B57: OPシフト人数 | H57: 3 | I57: 4 | J57: 3 | K57: 3 | L57: 4 | M57: 0 | N57: 0 | O57: 3 | P57: 4 | Q57: 3 | R57: 3 | S57: 4 | T57: 0 | U57: 0 | V57: 3 | W57: 4 | X57: 3 | Y57: 3 | Z57: 4 | AA57: 0 | AB57: 0 | AC57: 3 | AD57: 4 | AE57: 3 | AF57: 3 | AG57: 4 | AH57: 0 | AI57: 0 | AJ57: 3 | AK57: 4 | AL57: *
B58: 受領人数 | H58: 1.5 | I58: 1.5 | J58: 1.5 | K58: 1.5 | L58: 1.5 | M58: 0 | N58: 0 | O58: 1.5 | P58: 1.5 | Q58: 1.5 | R58: 1.5 | S58: 1.5 | T58: 0 | U58: 0 | V58: 1.5 | W58: 1.5 | X58: 1.5 | Y58: 1.5 | Z58: 1.5 | AA58: 0 | AB58: 0 | AC58: 1.5 | AD58: 1.5 | AE58: 1.5 | AF58: 1.5 | AG58: 1.5 | AH58: 0 | AI58: 0 | AJ58: 1.5 | AK58: 1.5 | AL58: *
B59: 差分 | H59: =H57-(H56+H58) -> 0 | I59: =I57-(I56+I58) -> 0 | J59: =J57-(J56+J58) -> 0 | K59: =K57-(K56+K58) -> 0 | L59: =L57-(L56+L58) -> 0 | M59: =M57-(M56+M58) -> 0 | N59: =N57-(N56+N58) -> 0 | O59: =O57-(O56+O58) -> 0 | ... AK59: =AK57-(AK56+AK58) -> 2.4 | AL59: *

Sheet 0601(実績)
H2: 1 | I2: 1 | J2: 1 | K2: 1 | L2: 1 | O2: 1 | P2: 1 | Q2: 1 | R2: 1 | S2: 1 | V2: 1 | W2: 1 | X2: 1 | Y2: 1 | Z2: 1 | AC2: 1 | AD2: 1 | AE2: 1 | AF2: 1 | AG2: 1 | AJ2: 1 | AK2: 1 | AL2: =SUM(H2:AK2) -> 22
E3: 予測件数 | F3: 件数/人 | H3: 46174 | L3: システム停止日 | AL3: *
H4: =H3 -> 46174 | I4: =H4+1 -> 46175 | J4: =I4+1 -> 46176 | K4: =J4+1 -> 46177 | L4: =K4+1 -> 46178 | M4: =L4+1 -> 46179 | N4: =M4+1 -> 46180 | O4: =N4+1 -> 46181 | P4: =O4+1 -> 46182 | ... AK4: =AJ4+1 -> 46203 | AL4: *
H5: =H4 -> 46174 | I5: =I4 -> 46175 | J5: =J4 -> 46176 | K5: =K4 -> 46177 | L5: =L4 -> 46178 | M5: =M4 -> 46179 | N5: =N4 -> 46180 | O5: =O4 -> 46181 | ... AK5: =AK4 -> 46203 | AL5: *
B6: 通勤 | C6: 申請（合計） | E6: =SUM(H6:AK6) -> 281 | F6: - | G6: 件数 | H6: 20 | I6: 23 | J6: 14 | K6: 3 | L6: 29 | O6: 12 | P6: 15 | Q6: 8 | R6: 8 | S6: 17 | V6: 9 | W6: 4 | X6: 13 | Y6: 11 | Z6: 13 | AC6: 10 | AD6: 14 | AE6: 12 | AF6: 12 | AG6: 11 | AJ6: 15 | AK6: 8 | AL6: =SUM(H6:AK6) -> 281
C7: 1次（合計） | E7: =SUM(H7:AK7) -> 658 | F7: - | G7: 件数 | H7: =SUM(H13:H23) -> 24 | I7: =SUM(I13:I23) -> 8 | J7: =SUM(J13:J23) -> 35 | K7: =SUM(K13:K23) -> 23 | L7: =SUM(L13:L23) -> 46 | M7: =SUM(M13:M23) -> 0 | N7: =SUM(N13:N23) -> 0 | O7: =SUM(O13:O23) -> 42 | ... AK7: =SUM(AK13:AK23) -> 11 | AL7: *
C8: １次（累計） | E8: =AK8 -> 4295 | F8: - | G8: 件数 | H8: ='0501(実績)'!AK8+H7 -> 3661 | I8: =H8+I7 -> 3669 | J8: =I8+J7 -> 3704 | K8: =J8+K7 -> 3727 | L8: =K8+L7 -> 3773 | M8: =L8+M7 -> 3773 | N8: =M8+N7 -> 3773 | O8: =N8+O7 -> 3815 | P8: =O8+P7 -> 3839 | ... AK8: =AJ8+AK7 -> 4295 | AL8: *
C9: 2次（合計） | E9: =SUM(H9:AK9) -> 1436 | F9: - | G9: 件数 | H9: =SUM(H24:H31) -> 84 | I9: =SUM(I24:I31) -> 108 | J9: =SUM(J24:J31) -> 48 | K9: =SUM(K24:K31) -> 96 | L9: =SUM(L24:L31) -> 93 | M9: =SUM(M24:M31) -> 0 | N9: =SUM(N24:N31) -> 0 | O9: =SUM(O24:O31) -> 75 | ... AK9: =SUM(AK24:AK31) -> 52 | AL9: *
C10: 2次（累計） | E10: =AK10 -> 3897 | F10: - | G10: 件数 | H10: ='0501(実績)'!AK10+H9 -> 2545 | I10: =H10+I9 -> 2653 | J10: =I10+J9 -> 2701 | K10: =J10+K9 -> 2797 | L10: =K10+L9 -> 2890 | M10: =L10+M9 -> 2890 | N10: =M10+N9 -> 2890 | O10: =N10+O9 -> 2965 | P10: =O10+P9 -> 3045 | ... AK10: =AJ10+AK9 -> 3897 | AL10: *
C11: 1次残件数 | E11: =E6-E7 -> -377 | F11: - | G11: 件数 | H11: ='0501(実績)'!AK11+H6-H7 -> 676 | I11: =H11+I6-I7 -> 691 | J11: =I11+J6-J7 -> 670 | K11: =J11+K6-K7 -> 650 | L11: =K11+L6-L7 -> 633 | M11: =L11+M6-M7 -> 633 | N11: =M11+N6-N7 -> 633 | O11: =N11+O6-O7 -> 603 | P11: =O11+P6-P7 -> 594 | ... AK11: =AJ11+AK6-AK7 -> 303 | AL11: *
C12: 2次残件数 | E12: =E6-E9 -> -1155 | F12: - | G12: 件数 | H12: ='0501(実績)'!AK12+SUM($H$6:H6)-SUM($H$9:H9) -> 1792 | I12: =H12+I6-I9 -> 1707 | J12: =I12+J6-J9 -> 1673 | K12: =J12+K6-K9 -> 1580 | L12: =K12+L6-L9 -> 1516 | M12: =L12+M6-M9 -> 1516 | N12: =M12+N6-N9 -> 1516 | O12: =N12+O6-O9 -> 1453 | P12: =O12+P6-P9 -> 1388 | ... AK12: =AJ12+AK6-AK9 -> 701 | AL12: *
C13: 1次 | D13: 伊藤 | E13: =SUM(H13:AK13) -> 29 | F13: 20 | G13: 件数 | L13: 12 | Q13: 1 | R13: 7 | AE13: 9 | AL13: *
D14: 植田 | E14: =SUM(H14:AK14) -> 50 | F14: 20 | G14: 件数 | I14: 1 | V14: 11 | X14: 4 | Y14: 1 | Z14: 9 | AC14: 11 | AF14: 10 | AJ14: 3 | AL14: *
D15: 兼田 | E15: =SUM(H15:AK15) -> 41 | F15: 20 | G15: 件数 | S15: 9 | W15: 1 | Y15: 9 | Z15: 1 | AC15: 10 | AD15: 10 | AF15: 1 | AL15: *
D16: 島 | E16: =SUM(H16:AK16) -> 49 | F16: 20 | G16: 件数 | O16: 11 | S16: 1 | W16: 14 | Z16: 15 | AF16: 3 | AG16: 2 | AK16: 3 | AL16: *
D17: 大場 | E17: =SUM(H17:AK17) -> 56 | F17: 20 | G17: 件数 | I17: 5 | K17: 5 | L17: 2 | X17: 1 | AC17: 9 | AD17: 9 | AE17: 9 | AF17: 2 | AJ17: 9 | AK17: 5 | AL17: *
D18: 平田 | E18: =SUM(H18:AK18) -> 0 | F18: 20 | G18: 件数 | AL18: *
D19: 丸山 | E19: =SUM(H19:AK19) -> 4 | F19: 20 | G19: 件数 | I19: 2 | J19: 2 | AL19: *
D20: 三浦 | E20: =SUM(H20:AK20) -> 422 | F20: 30 | G20: 件数 | H20: 24 | J20: 33 | K20: 18 | L20: 32 | O20: 31 | P20: 24 | Q20: 24 | R20: 24 | S20: 24 | V20: 10 | W20: 27 | X20: 30 | Y20: 24 | Z20: 19 | AC20: 14 | AD20: 17 | AE20: 18 | AF20: 13 | AG20: 6 | AJ20: 7 | AK20: 3 | AL20: *
D21: 目黒 | E21: =SUM(H21:AK21) -> 0 | F21: 15 | G21: 件数 | AL21: *
D22: 池田 | E22: =SUM(H22:AK22) -> 0 | F22: 10 | G22: 件数 | AL22: *
D23: 市丸 | E23: - | F23: - | G23: 件数 | Z23: 7 | AL23: *
C24: 2次 | D24: 田中 | E24: =SUM(H24:AK24) -> 267 | F24: 30 | G24: 件数 | H24: 5 | I24: 36 | J24: 22 | K24: 19 | L24: 18 | O24: 4 | P24: 6 | Q24: 14 | V24: 21 | W24: 10 | X24: 28 | Y24: 16 | Z24: 9 | AC24: 10 | AD24: 8 | AE24: 10 | AF24: 5 | AG24: 16 | AJ24: 8 | AK24: 2 | AL24: *
D25: 小野 | E25: =SUM(H25:AK25) -> 700 | F25: 40 | G25: 件数 | H25: 33 | I25: 42 | K25: 40 | L25: 35 | O25: 45 | P25: 43 | Q25: 30 | R25: 41 | S25: 40 | V25: 42 | W25: 27 | X25: 36 | Y25: 37 | Z25: 34 | AC25: 33 | AD25: 21 | AE25: 30 | AF25: 30 | AG25: 27 | AJ25: 23 | AK25: 11 | AL25: *
D26: 大場 | E26: =SUM(H26:AK26) -> 238 | F26: 20 | G26: 件数 | H26: 31 | I26: 1 | K26: 21 | L26: 12 | O26: 26 | P26: 21 | Q26: 24 | R26: 19 | S26: 16 | V26: 20 | W26: 15 | X26: 14 | Y26: 7 | Z26: 1 | AC26: 6 | AE26: 2 | AK26: 2 | AL26: *
D27: 伊藤 | E27: =SUM(H27:AK27) -> 25 | F27: 20 | G27: 件数 | I27: 7 | J27: 3 | W27: 15
D28: 植田 | E28: =SUM(H28:AK28) -> 62 | F28: 20 | G28: 件数 | H28: 2 | I28: 18 | K28: 1 | L28: 27 | S28: 2 | AJ28: 12
D29: 兼田 | E29: =SUM(H29:AK29) -> 46 | F29: 20 | G29: 件数 | I29: 4 | K29: 15 | P29: 10 | AK29: 17
D30: 島 | E30: - | F30: 20 | G30: 件数 | H30: 13 | J30: 10 | L30: 1 | S30: 22 | AG30: 11 | AK30: 15 | AL30: *
D31: 市丸 | E31: - | F31: - | G31: 件数 | J31: 13 | Y31: 4 | AC31: 4 | AK31: 5 | AL31: *
B32: 扶養 児童 | C32: 申請（合計） | E32: =SUM(H32:AK32) -> 420 | F32: - | G32: 件数 | H32: 17 | I32: 23 | J32: 17 | K32: 27 | L32: 8 | O32: 14 | P32: 35 | Q32: 12 | R32: 21 | S32: 25 | V32: 31 | W32: 27 | X32: 13 | Y32: 28 | Z32: 14 | AC32: 11 | AD32: 14 | AE32: 15 | AF32: 24 | AG32: 13 | AJ32: 8 | AK32: 23 | AL32: *
C33: 1次（合計） | E33: =SUM(H33:AK33) -> 257 | F33: - | G33: 件数 | H33: =SUM(H39:H44) -> 8 | I33: =SUM(I39:I44) -> 15 | J33: =SUM(J39:J44) -> 10 | K33: =SUM(K39:K44) -> 12 | L33: =SUM(L39:L44) -> 10 | M33: =SUM(M39:M44) -> 0 | N33: =SUM(N39:N44) -> 0 | O33: =SUM(O39:O44) -> 10 | ... AK33: =SUM(AK39:AK44) -> 22 | AL33: *
C34: １次（累計） | E34: =AK34 -> 257 | F34: - | G34: 件数 | H34: ='0501(実績)'!AK31+'0601(実績)'!H33 -> 8 | I34: =H34+I33 -> 23 | J34: =I34+J33 -> 33 | K34: =J34+K33 -> 45 | L34: =K34+L33 -> 55 | M34: =L34+M33 -> 55 | N34: =M34+N33 -> 55 | O34: =N34+O33 -> 65 | P34: =O34+P33 -> 73 | ... AK34: =AJ34+AK33 -> 257 | AL34: *
C35: 2次（合計） | E35: =SUM(H35:AK35) -> 533 | F35: - | G35: 件数 | H35: =SUM(H45:H48) -> 17 | I35: =SUM(I45:I48) -> 33 | J35: =SUM(J45:J48) -> 28 | K35: =SUM(K45:K48) -> 28 | L35: =SUM(L45:L48) -> 24 | M35: =SUM(M45:M48) -> 0 | N35: =SUM(N45:N48) -> 0 | O35: =SUM(O45:O48) -> 48 | ... AK35: =SUM(AK45:AK48) -> 19 | AL35: *
C36: 2次（累計） | E36: =AK36 -> 533 | F36: - | G36: 件数 | H36: ='0501(実績)'!AK33+'0601(実績)'!H35 -> 17 | I36: =H36+I35 -> 50 | J36: =I36+J35 -> 78 | K36: =J36+K35 -> 106 | L36: =K36+L35 -> 130 | M36: =L36+M35 -> 130 | N36: =M36+N35 -> 130 | O36: =N36+O35 -> 178 | P36: =O36+P35 -> 225 | ... AK36: =AJ36+AK35 -> 533 | AL36: *
C37: 1次残件数 | E37: =E32-E33 -> 163 | F37: - | G37: 件数 | H37: ='0501(実績)'!AK37+'0601(実績)'!H32-H33 -> 90 | I37: =H37+I32-I33 -> 98 | J37: =I37+J32-J33 -> 105 | K37: =J37+K32-K33 -> 120 | L37: =K37+L32-L33 -> 118 | M37: =L37+M32-M33 -> 118 | N37: =M37+N32-N33 -> 118 | O37: =N37+O32-O33 -> 122 | P37: =O37+P32-P33 -> 149 | ... AK37: =AJ37+AK32-AK33 -> 244 | AL37: *
C38: 2次残件数 | E38: =E32-E35 -> -113 | F38: - | G38: 件数 | H38: ='0501(実績)'!AK38+'0601(実績)'!H32-'0601(実績)'!H35 -> 269 | I38: =H38+I32-I35 -> 259 | J38: =I38+J32-J35 -> 248 | K38: =J38+K32-K35 -> 247 | L38: =K38+L32-L35 -> 231 | M38: =L38+M32-M35 -> 231 | N38: =M38+N32-N35 -> 231 | O38: =N38+O32-O35 -> 197 | P38: =O38+P32-P35 -> 185 | ... AK38: =AJ38+AK32-AK35 -> 156 | AL38: *
C39: 1次 | D39: 伊藤 | E39: =SUM(H39:AK39)*F39 -> 750 | F39: 15 | G39: 件数 | K39: 12 | P39: 8 | Q39: 3 | S39: 10 | Y39: 9 | AF39: 8 | AL39: *
D40: 植田 | E40: =SUM(H40:AK40)*F40 -> 945 | F40: 15 | G40: 件数 | J40: 10 | Q40: 9 | R40: 2 | W40: 9 | AD40: 5 | AG40: 14 | AK40: 14 | AL40: *
D41: 兼田 | E41: =SUM(H41:AK41)*F41 -> 615 | F41: 15 | G41: 件数 | H41: 8 | L41: 10 | O41: 10 | R41: 3 | Z41: 5 | AC41: 5 | AL41: *
D42: 島 | E42: =SUM(H42:AK42)*F42 -> 870 | F42: 15 | G42: 件数 | I42: 15 | V42: 8 | X42: 10 | AE42: 11 | AJ42: 14 | AL42: *
D43: 小菅 | E43: =SUM(H43:AK43)*F43 -> 0 | F43: 15 | G43: 件数 | AL43: *
D44: 栗城 | G44: 件数 | W44: 8 | X44: 4 | Y44: 5 | Z44: 7 | AC44: 3 | AE44: 10 | AK44: 8 | AL44: *
C45: 2次 | D45: 西村 | E45: =SUM(H45:AK45)*F45 -> 4355 | F45: 13 | G45: 件数 | H45: 12 | I45: 28 | J45: 16 | K45: 10 | L45: 18 | O45: 25 | P45: 10 | Q45: 17 | R45: 6 | S45: 21 | V45: 5 | W45: 19 | X45: 8 | Y45: 14 | Z45: 18 | AC45: 16 | AD45: 11 | AE45: 19 | AF45: 15 | AJ45: 29 | AK45: 18 | AL45: *
D46: 栗城 | E46: =SUM(H46:AK46)*F46 -> 1270 | F46: 10 | G46: 件数 | H46: 5 | I46: 5 | J46: 2 | K46: 11 | L46: 6 | O46: 13 | P46: 29 | Q46: 11 | R46: 3 | S46: 8 | Y46: 5 | AC46: 1 | AD46: 16 | AG46: 4 | AJ46: 7 | AK46: 1 | AL46: *
D47: 管理 | E47: =SUM(H47:AK47) -> 71 | G47: 件数 | J47: 10 | K47: 7 | O47: 10 | P47: 8 | Q47: 10 | R47: 19 | S47: 5 | AE47: 2 | AL47: *
G48: 件数 | AL48: *
B49: 給与 | C49: 申請（合計） | E49: =SUM(H49:AK49) -> 195 | F49: - | G49: 件数 | H49: 8 | I49: 25 | J49: 0 | K49: 3 | L49: 2 | O49: 7 | P49: 5 | Q49: 5 | R49: 27 | S49: 2 | V49: 28 | W49: 0 | X49: 14 | Y49: 9 | Z49: 1 | AC49: 17 | AD49: 4 | AE49: 14 | AF49: 0 | AG49: 11 | AJ49: 7 | AK49: 6 | AL49: *
C50: 1次（合計） | E50: =SUM(H50:AK50) -> 206 | F50: - | G50: 件数 | H50: =SUM(H56:H61) -> 7 | I50: =SUM(I56:I61) -> 11 | J50: =SUM(J56:J61) -> 20 | K50: =SUM(K56:K61) -> 3 | L50: =SUM(L56:L61) -> 5 | M50: =SUM(M56:M61) -> 0 | N50: =SUM(N56:N61) -> 0 | O50: =SUM(O56:O61) -> 0 | ... AK50: =SUM(AK56:AK61) -> 10 | AL50: *
C51: １次（累計） | E51: =AK51 -> 206 | F51: - | G51: 件数 | H51: ='0501(実績)'!AK48+'0601(実績)'!H50 -> 7 | I51: =H51+I50 -> 18 | J51: =I51+J50 -> 38 | K51: =J51+K50 -> 41 | L51: =K51+L50 -> 46 | M51: =L51+M50 -> 46 | N51: =M51+N50 -> 46 | O51: =N51+O50 -> 46 | P51: =O51+P50 -> 47 | ... AK51: =AJ51+AK50 -> 206 | AL51: *
C52: 2次（合計） | E52: =SUM(H52:AK52) -> 212 | F52: - | G52: 件数 | H52: =SUM(H62:H65) -> 9 | I52: =SUM(I62:I65) -> 18 | J52: =SUM(J62:J65) -> 20 | K52: =SUM(K62:K65) -> 3 | L52: =SUM(L62:L65) -> 5 | M52: =SUM(M62:M65) -> 0 | N52: =SUM(N62:N65) -> 0 | O52: =SUM(O62:O65) -> 0 | ... AK52: =SUM(AK62:AK65) -> 15 | AL52: *
C53: 2次（累計） | E53: =AK53 -> 212 | F53: - | G53: 件数 | H53: ='0501(実績)'!AK50+'0601(実績)'!H52 -> 9 | I53: =H53+I52 -> 27 | J53: =I53+J52 -> 47 | K53: =J53+K52 -> 50 | L53: =K53+L52 -> 55 | M53: =L53+M52 -> 55 | N53: =M53+N52 -> 55 | O53: =N53+O52 -> 55 | P53: =O53+P52 -> 56 | ... AK53: =AJ53+AK52 -> 212 | AL53: *
C54: 1次残件数 | E54: =E49-E50 -> -11 | F54: - | G54: 件数 | H54: ='0501(実績)'!AK54+'0601(実績)'!H49-H50 -> 56 | I54: =H54+I49-I50 -> 70 | J54: =I54+J49-J50 -> 50 | K54: =J54+K49-K50 -> 50 | L54: =K54+L49-L50 -> 47 | M54: =L54+M49-M50 -> 47 | N54: =M54+N49-N50 -> 47 | O54: =N54+O49-O50 -> 54 | P54: =O54+P49-P50 -> 58 | ... AK54: =AJ54+AK49-AK50 -> 44 | AL54: *
C55: 2次残件数 | E55: =E49-E52 -> -17 | F55: - | G55: 件数 | H55: ='0501(実績)'!AK55+'0601(実績)'!H49-'0601(実績)'!H52 -> 48 | I55: =H55+I49-I52 -> 55 | J55: =I55+J49-J52 -> 35 | K55: =J55+K49-K52 -> 35 | L55: =K55+L49-L52 -> 32 | M55: =L55+M49-M52 -> 32 | N55: =M55+N49-N52 -> 32 | O55: =N55+O49-O52 -> 39 | P55: =O55+P49-P52 -> 43 | ... AK55: =AJ55+AK49-AK52 -> 32 | AL55: *
C56: 1次 | D56: 伊藤 | E56: =SUM(H56:AK56)*F56 -> 1280 | F56: 40 | G56: 件数 | J56: 20 | Z56: 5 | AG56: 4 | AK56: 3 | AL56: *
D57: 植田 | E57: =SUM(H57:AK57)*F57 -> 2640 | F57: 40 | G57: 件数 | H57: 7 | K57: 3 | R57: 15 | S57: 16 | X57: 7 | Y57: 10 | AE57: 8 | AL57: *
D58: 兼田 | E58: =SUM(H58:AK58)*F58 -> 320 | F58: 40 | G58: 件数 | AF58: 8 | AL58: *
D59: 島 | E59: =SUM(H59:AK59)*F59 -> 560 | F59: 40 | G59: 件数 | L59: 5 | P59: 1 | AJ59: 8 | AL59: *
D60: 津嘉山 | E60: =SUM(H60:AK60)*F60 -> 0 | F60: 30 | G60: 件数 | AL60: *
D61: RPA | E61: =SUM(H61:AK61)*F61 -> 2580 | F61: 30 | G61: 件数 | I61: 11 | R61: 21 | S61: 2 | V61: 5 | X61: 8 | Y61: 5 | AC61: 14 | AD61: 4 | AG61: 9 | AK61: 7 | AL61: *
C62: 2次 | D62: 西村 | E62: =SUM(H62:AK62)*F62 -> 0 | F62: 8 | G62: 件数 | AL62: *
D63: 栗城 | E63: =SUM(H63:AK63)*F63 -> 4410 | F63: 35 | G63: 件数 | H63: 9 | I63: 7 | J63: 20 | K63: 3 | L63: 5 | P63: 1 | R63: 10 | S63: 5 | V63: 1 | W63: 15 | Y63: 7 | Z63: 8 | AC63: 7 | AF63: 8 | AG63: 8 | AJ63: 4 | AK63: 8 | AL63: *
D64: 管理 | E64: =SUM(H64:AK64)*F64 -> 860 | F64: 10 | G64: 件数 | I64: 11 | R64: 21 | S64: 2 | V64: 5 | X64: 8 | Y64: 5 | AC64: 14 | AD64: 4 | AG64: 9 | AK64: 7 | AL64: *
G65: 件数 | AL65: *
B66: 住居 | C66: 申請（合計） | E66: =SUM(H66:AK66) -> 223 | F66: - | G66: 件数 | H66: 6 | I66: 16 | J66: 3 | K66: 11 | L66: 13 | O66: 9 | P66: 13 | Q66: 5 | R66: 7 | S66: 12 | V66: 9 | W66: 1 | X66: 12 | Y66: 29 | Z66: 10 | AC66: 7 | AD66: 9 | AE66: 9 | AF66: 9 | AG66: 10 | AJ66: 6 | AK66: 17 | AL66: *
C67: 1次（合計） | E67: =SUM(H67:AK67) -> 160 | F67: - | G67: 件数 | H67: =SUM(H73:H78) -> 4 | I67: =SUM(I73:I78) -> 8 | J67: =SUM(J73:J78) -> 7 | K67: =SUM(K73:K78) -> 10 | L67: =SUM(L73:L78) -> 21 | M67: =SUM(M73:M78) -> 0 | N67: =SUM(N73:N78) -> 0 | O67: =SUM(O73:O78) -> 0 | ... AK67: =SUM(AK73:AK78) -> 10 | AL67: *
C68: １次（累計） | E68: =AK68 -> 160 | F68: - | G68: 件数 | H68: ='0501(実績)'!AK65+'0601(実績)'!H67 -> 4 | I68: =H68+I67 -> 12 | J68: =I68+J67 -> 19 | K68: =J68+K67 -> 29 | L68: =K68+L67 -> 50 | M68: =L68+M67 -> 50 | N68: =M68+N67 -> 50 | O68: =N68+O67 -> 50 | P68: =O68+P67 -> 66 | ... AK68: =AJ68+AK67 -> 160 | AL68: *
C69: 2次（合計） | E69: =SUM(H69:AK69) -> 179 | F69: - | G69: 件数 | H69: =SUM(H79:H82) -> 15 | I69: =SUM(I79:I82) -> 16 | J69: =SUM(J79:J82) -> 11 | K69: =SUM(K79:K82) -> 8 | L69: =SUM(L79:L82) -> 8 | M69: =SUM(M79:M82) -> 0 | N69: =SUM(N79:N82) -> 0 | O69: =SUM(O79:O82) -> 15 | ... AK69: =SUM(AK79:AK82) -> 0 | AL69: *
C70: 2次（累計） | E70: =AK70 -> 179 | F70: - | G70: 件数 | H70: ='0501(実績)'!AK67+'0601(実績)'!H69 -> 15 | I70: =H70+I69 -> 31 | J70: =I70+J69 -> 42 | K70: =J70+K69 -> 50 | L70: =K70+L69 -> 58 | M70: =L70+M69 -> 58 | N70: =M70+N69 -> 58 | O70: =N70+O69 -> 73 | P70: =O70+P69 -> 73 | ... AK70: =AJ70+AK69 -> 179 | AL70: *
C71: 1次残件数 | E71: =E66-E67 -> 63 | F71: - | G71: 件数 | H71: ='0501(実績)'!AK71+'0601(実績)'!H66-H67 -> 129 | I71: =H71+I66-I67 -> 137 | J71: =I71+J66-J67 -> 133 | K71: =J71+K66-K67 -> 134 | L71: =K71+L66-L67 -> 126 | M71: =L71+M66-M67 -> 126 | N71: =M71+N66-N67 -> 126 | O71: =N71+O66-O67 -> 135 | P71: =O71+P66-P67 -> 132 | ... AK71: =AJ71+AK66-AK67 -> 190 | AL71: *
C72: 2次残件数 | E72: =E66-E69 -> 44 | F72: - | G72: 件数 | H72: ='0501(実績)'!AK72+'0601(実績)'!H66-'0601(実績)'!H69 -> 81 | I72: =H72+I66-I69 -> 81 | J72: =I72+J66-J69 -> 73 | K72: =J72+K66-K69 -> 76 | L72: =K72+L66-L69 -> 81 | M72: =L72+M66-M69 -> 81 | N72: =M72+N66-N69 -> 81 | O72: =N72+O66-O69 -> 75 | P72: =O72+P66-P69 -> 88 | ... AK72: =AJ72+AK66-AK69 -> 134 | AL72: *
C73: 1次 | D73: 伊藤 | E73: =SUM(H73:AK73)*F73 -> 1040 | F73: 20 | G73: 件数 | J73: 7 | Z73: 9 | AD73: 12 | AG73: 14 | AK73: 10 | AL73: *
D74: 植田 | E74: =SUM(H74:AK74)*F74 -> 840 | F74: 20 | G74: 件数 | H74: 4 | K74: 10 | S74: 5 | X74: 8 | Y74: 6 | AE74: 9 | AL74: *
D75: 兼田 | E75: =SUM(H75:AK75)*F75 -> 580 | F75: 20 | G75: 件数 | I75: 8 | W75: 12 | AF75: 9 | AL75: *
D76: 島 | E76: =SUM(H76:AK76)*F76 -> 740 | F76: 20 | G76: 件数 | L76: 21 | P76: 16 | AL76: *
D77: 津嘉山 | E77: =SUM(H77:AK77)*F77 -> 0 | F77: 10 | G77: 件数 | AL77: *
E78: =SUM(H78:AK78)*F78 -> 0 | G78: 件数 | AL78: *
C79: 2次 | D79: 西村 | E79: =SUM(H79:AK79)*F79 -> 0 | F79: 8 | G79: 件数 | AL79: *
D80: 栗城 | E80: =SUM(H80:AK80)*F80 -> 2327 | F80: 13 | G80: 件数 | H80: 15 | I80: 16 | J80: 11 | K80: 8 | L80: 8 | O80: 15 | Q80: 17 | R80: 5 | V80: 4 | W80: 1 | X80: 7 | Y80: 7 | Z80: 7 | AC80: 9 | AD80: 4 | AE80: 8 | AF80: 13 | AG80: 9 | AJ80: 15 | AL80: *
D81: 管理 | E81: =SUM(H81:AK81)*F81 -> 0 | G81: 件数 | AL81: *
G82: 件数 | AL82: *
B83: OP人数合計 | H83: =H13+H31+H39+H56+H73 -> 0 | I83: =I13+I31+I39+I56+I73 -> 0 | J83: =J13+J31+J39+J56+J73 -> 40 | K83: =K13+K31+K39+K56+K73 -> 12 | L83: =L13+L31+L39+L56+L73 -> 12 | M83: =M13+M31+M39+M56+M73 -> 0 | N83: =N13+N31+N39+N56+N73 -> 0 | O83: =O13+O31+O39+O56+O73 -> 0 | ... AK83: =AK13+AK31+AK39+AK56+AK73 -> 18 | AL83: *
B84: OPシフト人数 | H84: 0 | I84: 0 | J84: 4 | K84: 0 | L84: 0 | M84: 3 | N84: 4 | O84: 3 | P84: 3 | Q84: 4 | R84: 0 | S84: 0 | T84: 3 | U84: 4 | V84: 3 | W84: 3 | X84: 4 | Y84: 0 | Z84: 0 | AA84: 3 | AB84: 4 | AC84: 3 | AD84: 3 | AE84: 4 | AF84: 0 | AG84: 0 | AH84: 3 | AI84: 4 | AJ84: 0 | AK84: 3 | AL84: *
B85: 受領人数 | H85: 0 | I85: 0 | J85: 1.5 | K85: 0 | L85: 0 | M85: 1.5 | N85: 2 | O85: 1.5 | P85: 1.5 | Q85: 1.5 | R85: 0 | S85: 0 | T85: 1.5 | U85: 2 | V85: 1.5 | W85: 1.5 | X85: 1.5 | Y85: 0 | Z85: 0 | AA85: 1.5 | AB85: 2 | AC85: 1.5 | AD85: 1.5 | AE85: 1.5 | AF85: 0 | AG85: 0 | AH85: 1.5 | AI85: 2 | AJ85: 0 | AK85: 1.5 | AL85: *
B86: 差分 | H86: =H84-(H83+H85) -> 0 | I86: =I84-(I83+I85) -> 0 | J86: =J84-(J83+J85) -> -37.5 | K86: =K84-(K83+K85) -> -12 | L86: =L84-(L83+L85) -> -12 | M86: =M84-(M83+M85) -> 1.5 | N86: =N84-(N83+N85) -> 2 | O86: =O84-(O83+O85) -> 1.5 | ... AK86: =AK84-(AK83+AK85) -> -16.5 | AL86: *

Sheet 0601(予実)
H2: 1 | I2: 1 | J2: 1 | K2: 1 | L2: 1 | O2: 1 | P2: 1 | Q2: 1 | R2: 1 | S2: 1 | V2: 1 | W2: 1 | X2: 1 | Y2: 1 | Z2: 1 | AC2: 1 | AD2: 1 | AE2: 1 | AF2: 1 | AG2: 1 | AJ2: 1 | AK2: 1
E3: 予測件数 | F3: 件数/人 | H3: 46174 | N3: システム停止日 | AL3: *
H4: =H3 -> 46174 | I4: =H4+1 -> 46175 | J4: =I4+1 -> 46176 | K4: =J4+1 -> 46177 | L4: =K4+1 -> 46178 | M4: =L4+1 -> 46179 | N4: =M4+1 -> 46180 | O4: =N4+1 -> 46181 | P4: =O4+1 -> 46182 | ... AK4: =AJ4+1 -> 46203 | AL4: *
H5: =H4 -> 46174 | I5: =I4 -> 46175 | J5: =J4 -> 46176 | K5: =K4 -> 46177 | L5: =L4 -> 46178 | M5: =M4 -> 46179 | N5: =N4 -> 46180 | O5: =O4 -> 46181 | ... AK5: =AK4 -> 46203 | AL5: *
B6: 通勤 | C6: 申請（合計） | E6: ='0601(予定)'!E6 -> 5720 | F6: ='0601(予定)'!F6 -> - | G6: ='0601(予定)'!G6 -> 件数 | H6: ='0601(予定)'!H6 -> 0 | I6: ='0601(予定)'!I6 -> 0 | J6: ='0601(予定)'!J6 -> 0 | K6: ='0601(予定)'!K6 -> 0 | L6: ='0601(予定)'!L6 -> 0 | ... AK6: ='0601(予定)'!AK6 -> 0 | AL6: =SUM(H6:AK6) -> 0
C7: 申請（合計） | E7: ='0601(実績)'!E6 -> 281 | F7: ='0601(実績)'!F6 -> - | G7: ='0601(実績)'!G6 -> 件数 | H7: ='0601(実績)'!H6 -> 20 | I7: ='0601(実績)'!I6 -> 23 | J7: ='0601(実績)'!J6 -> 14 | K7: ='0601(実績)'!K6 -> 3 | L7: ='0601(実績)'!L6 -> 29 | ... AK7: ='0601(実績)'!AK6 -> 8 | AL7: =SUM(H7:AK7) -> 281
C8: 1次（累計） | E8: ='0601(予定)'!E8 -> - | F8: ='0601(予定)'!F8 -> - | G8: ='0601(予定)'!G8 -> 件数 | H8: ='0601(予定)'!H8 -> 3365 | I8: ='0601(予定)'!I8 -> 3425 | J8: ='0601(予定)'!J8 -> 3485 | K8: ='0601(予定)'!K8 -> 3545 | L8: ='0601(予定)'!L8 -> 3615 | ... AK8: ='0601(予定)'!AK8 -> 4515 | AL8: *
C9: １次（累計） | E9: ='0601(実績)'!E8 -> 4295 | F9: ='0601(実績)'!F8 -> - | G9: ='0601(実績)'!G8 -> 件数 | H9: ='0601(実績)'!H8 -> 3661 | I9: ='0601(実績)'!I8 -> 3669 | J9: ='0601(実績)'!J8 -> 3704 | K9: ='0601(実績)'!K8 -> 3727 | L9: ='0601(実績)'!L8 -> 3773 | ... AK9: ='0601(実績)'!AK8 -> 4295 | AL9: *
C10: 2次（累計） | E10: ='0601(予定)'!E10 -> - | F10: ='0601(予定)'!F10 -> - | G10: ='0601(予定)'!G10 -> 件数 | H10: ='0601(予定)'!H10 -> 2347 | I10: ='0601(予定)'!I10 -> 2419 | J10: ='0601(予定)'!J10 -> 2489 | K10: ='0601(予定)'!K10 -> 2559 | L10: ='0601(予定)'!L10 -> 2639 | ... AK10: ='0601(予定)'!AK10 -> 3857 | AL10: *
C11: 2次（累計） | E11: ='0601(実績)'!E10 -> 3897 | F11: ='0601(実績)'!F10 -> - | G11: ='0601(実績)'!G10 -> 件数 | H11: ='0601(実績)'!H10 -> 2545 | I11: ='0601(実績)'!I10 -> 2653 | J11: ='0601(実績)'!J10 -> 2701 | K11: ='0601(実績)'!K10 -> 2797 | L11: ='0601(実績)'!L10 -> 2890 | ... AK11: ='0601(実績)'!AK10 -> 3897 | AL11: *
B12: 扶養 児童 | C12: 申請（合計） | E12: ='0601(予定)'!E24 -> 869 | F12: ='0601(予定)'!F24 -> - | G12: ='0601(予定)'!G24 -> 件数 | H12: ='0601(予定)'!H24 -> 841 | I12: ='0601(予定)'!I24 -> 839 | J12: ='0601(予定)'!J24 -> 844 | K12: ='0601(予定)'!K24 -> 840 | L12: ='0601(予定)'!L24 -> 822 | ... AK12: ='0601(予定)'!AK24 -> 869 | AL12: *
C13: 申請（合計） | E13: ='0601(実績)'!E29 -> 46 | F13: ='0601(実績)'!F29 -> 20 | G13: ='0601(実績)'!G29 -> 件数 | H13: ='0601(実績)'!H29 -> 0 | I13: ='0601(実績)'!I29 -> 4 | J13: ='0601(実績)'!J29 -> 0 | K13: ='0601(実績)'!K29 -> 15 | L13: ='0601(実績)'!L29 -> 0 | ... AK13: ='0601(実績)'!AK29 -> 17 | AL13: *
C14: 1次（累計） | E14: ='0601(予定)'!E14 -> 340 | F14: ='0601(予定)'!F14 -> 20 | G14: ='0601(予定)'!G14 -> 人数 | H14: ='0601(予定)'!H14 -> 1 | I14: ='0601(予定)'!I14 -> 1 | J14: ='0601(予定)'!J14 -> 1 | K14: ='0601(予定)'!K14 -> 1 | L14: ='0601(予定)'!L14 -> 1 | ... AK14: ='0601(予定)'!AK14 -> 0 | AL14: *
C15: １次（累計） | E15: ='0601(実績)'!E14 -> 50 | F15: ='0601(実績)'!F14 -> 20 | G15: ='0601(実績)'!G14 -> 件数 | H15: ='0601(実績)'!H14 -> 0 | I15: ='0601(実績)'!I14 -> 1 | J15: ='0601(実績)'!J14 -> 0 | K15: ='0601(実績)'!K14 -> 0 | L15: ='0601(実績)'!L14 -> 0 | ... AK15: ='0601(実績)'!AK14 -> 0 | AL15: *
C16: 2次（累計） | E16: ='0601(予定)'!E16 -> 624 | F16: ='0601(予定)'!F16 -> 30 | G16: ='0601(予定)'!G16 -> 人数 | H16: ='0601(予定)'!H16 -> 1 | I16: ='0601(予定)'!I16 -> 1 | J16: ='0601(予定)'!J16 -> 1 | K16: ='0601(予定)'!K16 -> 1 | L16: ='0601(予定)'!L16 -> 1 | ... AK16: ='0601(予定)'!AK16 -> 0 | AL16: *
C17: 2次（累計） | E17: ='0601(実績)'!E16 -> 49 | F17: ='0601(実績)'!F16 -> 20 | G17: ='0601(実績)'!G16 -> 件数 | H17: ='0601(実績)'!H16 -> 0 | I17: ='0601(実績)'!I16 -> 0 | J17: ='0601(実績)'!J16 -> 0 | K17: ='0601(実績)'!K16 -> 0 | L17: ='0601(実績)'!L16 -> 0 | ... AK17: ='0601(実績)'!AK16 -> 3 | AL17: *
B18: 給与 | C18: 申請（合計） | E18: ='0601(予定)'!E38 -> 0 | F18: ='0601(予定)'!F38 -> 0 | G18: ='0601(予定)'!G38 -> 人数 | H18: ='0601(予定)'!H38 -> 0 | I18: ='0601(予定)'!I38 -> 0 | J18: ='0601(予定)'!J38 -> 0 | K18: ='0601(予定)'!K38 -> 0 | L18: ='0601(予定)'!L38 -> 0 | ... AK18: ='0601(予定)'!AK38 -> 0 | AL18: *
C19: 申請（合計） | E19: ='0601(実績)'!E46 -> 1270 | F19: ='0601(実績)'!F46 -> 10 | G19: ='0601(実績)'!G46 -> 件数 | H19: ='0601(実績)'!H46 -> 5 | I19: ='0601(実績)'!I46 -> 5 | J19: ='0601(実績)'!J46 -> 2 | K19: ='0601(実績)'!K46 -> 11 | L19: ='0601(実績)'!L46 -> 6 | ... AK19: ='0601(実績)'!AK46 -> 1 | AL19: *
C20: 1次（累計） | E20: ='0601(予定)'!E40 -> 0 | F20: ='0601(予定)'!F40 -> 0 | G20: ='0601(予定)'!G40 -> 人数 | H20: ='0601(予定)'!H40 -> 0 | I20: ='0601(予定)'!I40 -> 0 | J20: ='0601(予定)'!J40 -> 0 | K20: ='0601(予定)'!K40 -> 0 | L20: ='0601(予定)'!L40 -> 0 | ... AK20: ='0601(予定)'!AK40 -> 0 | AL20: *
C21: １次（累計） | E21: ='0601(実績)'!E48 -> 0 | F21: ='0601(実績)'!F48 -> 0 | G21: ='0601(実績)'!G48 -> 件数 | H21: ='0601(実績)'!H48 -> 0 | I21: ='0601(実績)'!I48 -> 0 | J21: ='0601(実績)'!J48 -> 0 | K21: ='0601(実績)'!K48 -> 0 | L21: ='0601(実績)'!L48 -> 0 | ... AK21: ='0601(実績)'!AK48 -> 0 | AL21: *
C22: 2次（累計） | E22: ='0601(予定)'!E42 -> 70 | F22: ='0601(予定)'!F42 -> 10 | G22: ='0601(予定)'!G42 -> 人数 | H22: ='0601(予定)'!H42 -> 1 | I22: ='0601(予定)'!I42 -> 0 | J22: ='0601(予定)'!J42 -> 0 | K22: ='0601(予定)'!K42 -> 1 | L22: ='0601(予定)'!L42 -> 0 | ... AK22: ='0601(予定)'!AK42 -> 0 | AL22: *
C23: 2次（累計） | E23: ='0601(実績)'!E50 -> 206 | F23: ='0601(実績)'!F50 -> - | G23: ='0601(実績)'!G50 -> 件数 | H23: ='0601(実績)'!H50 -> 7 | I23: ='0601(実績)'!I50 -> 11 | J23: ='0601(実績)'!J50 -> 20 | K23: ='0601(実績)'!K50 -> 3 | L23: ='0601(実績)'!L50 -> 5 | ... AK23: ='0601(実績)'!AK50 -> 10 | AL23: *
B24: 住居 | C24: 申請（合計） | E24: ='0601(予定)'!E52 -> 0 | F24: ='0601(予定)'!F52 -> 0 | G24: ='0601(予定)'!G52 -> 人数 | H24: ='0601(予定)'!H52 -> 0 | I24: ='0601(予定)'!I52 -> 0 | J24: ='0601(予定)'!J52 -> 0 | K24: ='0601(予定)'!K52 -> 0 | L24: ='0601(予定)'!L52 -> 0 | ... AK24: ='0601(予定)'!AK52 -> 0 | AL24: *
C25: 申請（合計） | E25: ='0601(実績)'!E63 -> 4410 | F25: ='0601(実績)'!F63 -> 35 | G25: ='0601(実績)'!G63 -> 件数 | H25: ='0601(実績)'!H63 -> 9 | I25: ='0601(実績)'!I63 -> 7 | J25: ='0601(実績)'!J63 -> 20 | K25: ='0601(実績)'!K63 -> 3 | L25: ='0601(実績)'!L63 -> 5 | ... AK25: ='0601(実績)'!AK63 -> 8 | AL25: *
C26: 1次（累計） | E26: ='0601(予定)'!E54 -> 0 | F26: ='0601(予定)'!F54 -> 0 | G26: ='0601(予定)'!G54 -> 人数 | H26: ='0601(予定)'!H54 -> 0 | I26: ='0601(予定)'!I54 -> 0 | J26: ='0601(予定)'!J54 -> 0 | K26: ='0601(予定)'!K54 -> 0 | L26: ='0601(予定)'!L54 -> 0 | ... AK26: ='0601(予定)'!AK54 -> 0
C27: １次（累計） | E27: ='0601(実績)'!E65 -> 0 | F27: ='0601(実績)'!F65 -> 0 | G27: ='0601(実績)'!G65 -> 件数 | H27: ='0601(実績)'!H65 -> 0 | I27: ='0601(実績)'!I65 -> 0 | J27: ='0601(実績)'!J65 -> 0 | K27: ='0601(実績)'!K65 -> 0 | L27: ='0601(実績)'!L65 -> 0 | ... AK27: ='0601(実績)'!AK65 -> 0 | AL27: *
C28: 2次（累計） | E28: ='0601(予定)'!E56 -> 0 | F28: ='0601(予定)'!F56 -> 0 | G28: ='0601(予定)'!G56 -> 0 | H28: ='0601(予定)'!H56 -> 1.5 | I28: ='0601(予定)'!I56 -> 2.5 | J28: ='0601(予定)'!J56 -> 1.5 | K28: ='0601(予定)'!K56 -> 1.5 | L28: ='0601(予定)'!L56 -> 2.5 | ... AK28: ='0601(予定)'!AK56 -> 0.1
C29: 2次（累計） | E29: ='0601(実績)'!E67 -> 160 | F29: ='0601(実績)'!F67 -> - | G29: ='0601(実績)'!G67 -> 件数 | H29: ='0601(実績)'!H67 -> 4 | I29: ='0601(実績)'!I67 -> 8 | J29: ='0601(実績)'!J67 -> 7 | K29: ='0601(実績)'!K67 -> 10 | L29: ='0601(実績)'!L67 -> 21 | ... AK29: ='0601(実績)'!AK67 -> 10 | AL29: *

Sheet 0701
H2: 1 | I2: 1 | J2: 1 | M2: 1 | N2: 1 | O2: 1 | P2: 1 | Q2: 1 | T2: 1 | U2: 1 | V2: 1 | W2: 1 | X2: 1 | AB2: 1 | AC2: 1 | AD2: 1 | AE2: 1 | AH2: 1 | AI2: 1 | AJ2: 1 | AK2: 1 | AL2: 1 | AM2: =SUM(H2:AL2) -> 22
E3: 予測件数 | F3: 件数/人 | H3: 46204 | M3: システム停止日 | AM3: *
H4: =H3 -> 46204 | I4: =H4+1 -> 46205 | J4: =I4+1 -> 46206 | K4: =J4+1 -> 46207 | L4: =K4+1 -> 46208 | M4: =L4+1 -> 46209 | N4: =M4+1 -> 46210 | O4: =N4+1 -> 46211 | P4: =O4+1 -> 46212 | ... AL4: =AK4+1 -> 46234 | AM4: *
H5: =H4 -> 46204 | I5: =I4 -> 46205 | J5: =J4 -> 46206 | K5: =K4 -> 46207 | L5: =L4 -> 46208 | M5: =M4 -> 46209 | N5: =N4 -> 46210 | O5: =O4 -> 46211 | ... AL5: =AL4 -> 46234 | AM5: *
B6: 通勤 | C6: 申請（合計） | E6: =SUM(H6:AL6)+'0601(予定)'!E6 -> 5720 | F6: - | G6: 件数 | AM6: =SUM(H6:AL6) -> 0
C7: 1次（合計） | E7: =SUM(H7:AL7)+'0601(予定)'!E7 -> 5595 | F7: - | G7: 件数 | H7: =SUM(H13*$F$13,H14*$F$14,H15*$F$15) -> 40 | I7: =SUM(I13*$F$13,I14*$F$14,I15*$F$15) -> 40 | J7: =SUM(J13*$F$13,J14*$F$14,J15*$F$15) -> 50 | K7: =SUM(K13*$F$13,K14*$F$14,K15*$F$15) -> 0 | L7: =SUM(L13*$F$13,L14*$F$14,L15*$F$15) -> 0 | M7: =SUM(M13*$F$13,M14*$F$14,M15*$F$15) -> 60 | N7: =SUM(N13*$F$13,N14*$F$14,N15*$F$15) -> 60 | O7: =SUM(O13*$F$13,O14*$F$14,O15*$F$15) -> 60 | ... AL7: =SUM(AL13*$F$13,AL14*$F$14,AL15*$F$15) -> 0 | AM7: *
C8: 1次（累計） | E8: - | F8: - | G8: 件数 | H8: ='0601(予定)'!AK8+H7 -> 4555 | I8: =H8+I7 -> 4595 | J8: =I8+J7 -> 4645 | K8: =J8+K7 -> 4645 | L8: =K8+L7 -> 4645 | M8: =L8+M7 -> 4705 | N8: =M8+N7 -> 4765 | O8: =N8+O7 -> 4825 | P8: =O8+P7 -> 4885 | ... AL8: =AK8+AL7 -> 5595
C9: 2次（合計） | E9: =SUM(H9:AL9)+'0601(予定)'!E9 -> 5595 | F9: - | G9: 件数 | H9: =SUM(H16*$F$16,H17*$F$17,H18*$F$18,H19*$F$19) -> 90 | I9: =SUM(I16*$F$16,I17*$F$17,I18*$F$18,I19*$F$19) -> 90 | J9: =SUM(J16*$F$16,J17*$F$17,J18*$F$18,J19*$F$19) -> 100 | K9: =SUM(K16*$F$16,K17*$F$17,K18*$F$18,K19*$F$19) -> 0 | L9: =SUM(L16*$F$16,L17*$F$17,L18*$F$18,L19*$F$19) -> 0 | M9: =SUM(M16*$F$16,M17*$F$17,M18*$F$18,M19*$F$19) -> 70 | N9: =SUM(N16*$F$16,N17*$F$17,N18*$F$18,N19*$F$19) -> 72 | O9: =SUM(O16*$F$16,O17*$F$17,O18*$F$18,O19*$F$19) -> 70 | ... AL9: =SUM(AL16*$F$16,AL17*$F$17,AL18*$F$18,AL19*$F$19) -> 0 | AM9: *
C10: 2次（累計） | E10: - | F10: - | G10: 件数 | H10: ='0601(予定)'!AK10+H9 -> 3947 | I10: =H10+I9 -> 4037 | J10: =I10+J9 -> 4137 | K10: =J10+K9 -> 4137 | L10: =K10+L9 -> 4137 | M10: =L10+M9 -> 4207 | N10: =M10+N9 -> 4279 | O10: =N10+O9 -> 4349 | P10: =O10+P9 -> 4419 | ... AL10: =AK10+AL9 -> 5595
C11: 1次残件数 | E11: =E6-E7 -> 125 | F11: - | G11: 件数 | H11: ='0601(予定)'!AK11+H6-H7 -> 1165 | I11: =H11+I6-I7 -> 1125 | J11: =I11+J6-J7 -> 1075 | K11: =J11+K6-K7 -> 1075 | L11: =K11+L6-L7 -> 1075 | M11: =L11+M6-M7 -> 1015 | N11: =M11+N6-N7 -> 955 | O11: =N11+O6-O7 -> 895 | P11: =O11+P6-P7 -> 835 | ... AL11: =AK11+AL6-AL7 -> 125 | AM11: *
C12: 2次残件数 | E12: =E6-E9 -> 125 | F12: - | G12: 件数 | H12: ='0601(予定)'!AK12+H6-H9 -> 1773 | I12: =H12+I6-I9 -> 1683 | J12: =I12+J6-J9 -> 1583 | K12: =J12+K6-K9 -> 1583 | L12: =K12+L6-L9 -> 1583 | M12: =L12+M6-M9 -> 1513 | N12: =M12+N6-N9 -> 1441 | O12: =N12+O6-O9 -> 1371 | P12: =O12+P6-P9 -> 1301 | ... AL12: =AK12+AL6-AL9 -> 125 | AM12: *
C13: 1次 | D13: OP | E13: =SUM(H13:AL13)*F13 -> 250 | F13: 20 | G13: 人数 | H13: 0.5 | I13: 0.5 | J13: 1 | M13: 0.5 | N13: 0.5 | O13: 0.5 | P13: 0.5 | Q13: 1 | T13: 0.5 | U13: 0.5 | V13: 0.5 | W13: 0.5 | X13: 1 | AB13: 0.5 | AC13: 0.5 | AD13: 0.5 | AE13: 1 | AH13: 0.5 | AI13: 0.5 | AJ13: 0.5 | AK13: 0.5 | AM13: *
D14: 大場 | E14: =SUM(H14:AL14)*F14 -> 200 | F14: 20 | G14: 人数 | M14: 1 | N14: 1 | O14: 1 | P14: 1 | Q14: 1 | X14: 1 | AB14: 1 | AC14: 1 | AD14: 1 | AE14: 1 | AM14: *
D15: 三浦 | E15: =SUM(H15:AL15)*F15 -> 630 | F15: 30 | G15: 人数 | H15: 1 | I15: 1 | J15: 1 | M15: 1 | N15: 1 | O15: 1 | P15: 1 | Q15: 1 | T15: 1 | U15: 1 | V15: 1 | W15: 1 | X15: 1 | AB15: 1 | AC15: 1 | AD15: 1 | AE15: 1 | AH15: 1 | AI15: 1 | AJ15: 1 | AK15: 1 | AM15: *
C16: 2次 | D16: 田中 | E16: =SUM(H16:AL16)*F16 -> 630 | F16: 30 | G16: 人数 | H16: 1 | I16: 1 | J16: 1 | M16: 1 | N16: 1 | O16: 1 | P16: 1 | Q16: 1 | T16: 1 | U16: 1 | V16: 1 | W16: 1 | X16: 1 | AB16: 1 | AC16: 1 | AD16: 1 | AE16: 1 | AH16: 1 | AI16: 1 | AJ16: 1 | AK16: 1 | AM16: *
D17: 小野 | E17: =SUM(H17:AL17)*F17 -> 808 | F17: 40 | G17: 人数 | H17: 1 | I17: 1 | J17: 1 | M17: 1 | N17: 0.8 | O17: 1 | P17: 1 | Q17: 1 | T17: 1 | U17: 0.8 | V17: 1 | W17: 1 | X17: 1 | AB17: 0.8 | AC17: 1 | AD17: 1 | AE17: 1 | AH17: 1 | AI17: 0.8 | AJ17: 1 | AK17: 1 | AM17: *
D18: 大場 | E18: =SUM(H18:AL18)*F18 -> 220 | F18: 20 | G18: 人数 | H18: 1 | I18: 1 | J18: 1 | T18: 1 | U18: 1 | V18: 1 | W18: 1 | AH18: 1 | AI18: 1 | AJ18: 1 | AK18: 1 | AM18: *
D19: OP | E19: =SUM(H19:AL19)*F19 -> 80 | F19: 20 | G19: 人数 | H19: 0 | I19: 0 | J19: 0.5 | M19: 0 | N19: 0.5 | O19: 0 | P19: 0 | Q19: 0.5 | T19: 0 | U19: 0.5 | V19: 0 | W19: 0 | X19: 0.5 | AB19: 0.5 | AC19: 0 | AD19: 0 | AE19: 0.5 | AH19: 0 | AI19: 0.5 | AJ19: 0 | AK19: 0 | AM19: *
B20: 扶養 児童 | C20: 申請（合計） | E20: =SUM(H20:AL20)+'0601(予定)'!E20 -> 2096 | F20: - | G20: 件数 | H20: 19 | I20: 11 | J20: 14 | M20: 10 | N20: 8 | O20: 11 | P20: 15 | Q20: 8 | T20: 28 | U20: 12 | V20: 15 | W20: 47 | X20: 13 | AB20: 11 | AC20: 0 | AD20: 14 | AE20: 10 | AH20: 16 | AI20: 4 | AJ20: 25 | AK20: 26 | AL20: 15 | AM20: *
C21: 1次（合計） | E21: =SUM(H21:AL21)+'0601(予定)'!E21 -> 1406.5 | F21: - | G21: 件数 | H21: =SUM(H25*$F$25,H26*$F$26,H27*$F$27) -> 7.5 | I21: =SUM(I25*$F$25,I26*$F$26,I27*$F$27) -> 7.5 | J21: =SUM(J25*$F$25,J26*$F$26,J27*$F$27) -> 7.5 | K21: =SUM(K25*$F$25,K26*$F$26,K27*$F$27) -> 0 | L21: =SUM(L25*$F$25,L26*$F$26,L27*$F$27) -> 0 | M21: =SUM(M25*$F$25,M26*$F$26,M27*$F$27) -> 7.5 | N21: =SUM(N25*$F$25,N26*$F$26,N27*$F$27) -> 15 | O21: =SUM(O25*$F$25,O26*$F$26,O27*$F$27) -> 7.5 | ... AL21: =SUM(AL25*$F$25,AL26*$F$26,AL27*$F$27) -> 0 | AM21: *
C22: 2次（合計） | E22: =SUM(H22:AL22)+'0601(予定)'!E22 -> 1273 | F22: - | G22: 件数 | H22: =SUM(H28*$F$28,H29*$F$29,H30*$F$30,H31*$F$31) -> 18 | I22: =SUM(I28*$F$28,I29*$F$29,I30*$F$30,I31*$F$31) -> 18 | J22: =SUM(J28*$F$28,J29*$F$29,J30*$F$30,J31*$F$31) -> 18 | K22: =SUM(K28*$F$28,K29*$F$29,K30*$F$30,K31*$F$31) -> 0 | L22: =SUM(L28*$F$28,L29*$F$29,L30*$F$30,L31*$F$31) -> 0 | M22: =SUM(M28*$F$28,M29*$F$29,M30*$F$30,M31*$F$31) -> 18 | N22: =SUM(N28*$F$28,N29*$F$29,N30*$F$30,N31*$F$31) -> 18 | O22: =SUM(O28*$F$28,O29*$F$29,O30*$F$30,O31*$F$31) -> 18 | ... AL22: =SUM(AL28*$F$28,AL29*$F$29,AL30*$F$30,AL31*$F$31) -> 0 | AM22: *
C23: 1次残件数 | E23: =E20-E21 -> 689.5 | F23: - | G23: 件数 | H23: ='0601(予定)'!AK23+H20-H21 -> 556.5 | I23: =H23+I20-I21 -> 560 | J23: =I23+J20-J21 -> 566.5 | K23: =J23+K20-K21 -> 566.5 | L23: =K23+L20-L21 -> 566.5 | M23: =L23+M20-M21 -> 569 | N23: =M23+N20-N21 -> 562 | O23: =N23+O20-O21 -> 565.5 | P23: =O23+P20-P21 -> 573 | ... AL23: =AK23+AL20-AL21 -> 689.5 | AM23: *
C24: 2次残件数 | E24: =E20-E22 -> 823 | F24: - | G24: 件数 | H24: ='0601(予定)'!AK24+H20-H22 -> 870 | I24: =H24+I20-I22 -> 863 | J24: =I24+J20-J22 -> 859 | K24: =J24+K20-K22 -> 859 | L24: =K24+L20-L22 -> 859 | M24: =L24+M20-M22 -> 851 | N24: =M24+N20-N22 -> 841 | O24: =N24+O20-O22 -> 834 | P24: =O24+P20-P22 -> 831 | ... AL24: =AK24+AL20-AL22 -> 823 | AM24: *
C25: 1次 | D25: OP | E25: =SUM(H25:AL25)*F25 -> 187.5 | F25: 15 | G25: 人数 | H25: 0.5 | I25: 0.5 | J25: 0.5 | M25: 0.5 | N25: 1 | O25: 0.5 | P25: 0.5 | Q25: 0.5 | T25: 0.5 | U25: 1 | V25: 0.5 | W25: 0.5 | X25: 0.5 | AB25: 1 | AC25: 0.5 | AD25: 0.5 | AE25: 0.5 | AH25: 0.5 | AI25: 1 | AJ25: 0.5 | AK25: 0.5 | AM25: *
D26: 小菅 | E26: =SUM(H26:AL26)*F26 -> 0 | G26: 人数 | AM26: *
E27: =SUM(H27:AL27)*F27 -> 0 | G27: 人数 | AM27: *
C28: 2次 | D28: 西村 | E28: =SUM(H28:AL28)*F28 -> 273 | F28: 13 | G28: 人数 | H28: 1 | I28: 1 | J28: 1 | M28: 1 | N28: 1 | O28: 1 | P28: 1 | Q28: 1 | T28: 1 | U28: 1 | V28: 1 | W28: 1 | X28: 1 | AB28: 1 | AC28: 1 | AD28: 1 | AE28: 1 | AH28: 1 | AI28: 1 | AJ28: 1 | AK28: 1 | AM28: *
D29: 栗城 | E29: =SUM(H29:AL29)*F29 -> 105 | F29: 10 | G29: 人数 | H29: 0.5 | I29: 0.5 | J29: 0.5 | M29: 0.5 | N29: 0.5 | O29: 0.5 | P29: 0.5 | Q29: 0.5 | T29: 0.5 | U29: 0.5 | V29: 0.5 | W29: 0.5 | X29: 0.5 | AB29: 0.5 | AC29: 0.5 | AD29: 0.5 | AE29: 0.5 | AH29: 0.5 | AI29: 0.5 | AJ29: 0.5 | AK29: 0.5 | AM29: *
D30: 管理 | E30: =SUM(H30:AL30)*F30 -> 0 | G30: 人数 | AM30: *
E31: =SUM(H31:AL31)*F31 -> 0 | G31: 人数 | AM31: *
B32: 給与 | C32: 申請（合計） | E32: =SUM(H32:AL32)+'0601(予定)'!E32 -> 851 | F32: - | G32: 件数 | H32: 10 | I32: 7 | J32: 3 | M32: 2 | N32: 0 | O32: 5 | P32: 26 | Q32: 1 | T32: 0 | U32: 2 | V32: 13 | W32: 11 | X32: 11 | AB32: 1 | AC32: 1 | AD32: 17 | AE32: 11 | AH32: 7 | AI32: 2 | AJ32: 4 | AK32: 33 | AL32: 6 | AM32: *
C33: 1次（合計） | E33: =SUM(H33:AL33)+'0601(予定)'!E33 -> 722 | F33: - | G33: 件数 | H33: =SUM(H37*$F$37,H38*$F$38,H39*$F$39) -> 14 | I33: =SUM(I37*$F$37,I38*$F$38,I39*$F$39) -> 4 | J33: =SUM(J37*$F$37,J38*$F$38,J39*$F$39) -> 4 | K33: =SUM(K37*$F$37,K38*$F$38,K39*$F$39) -> 0 | L33: =SUM(L37*$F$37,L38*$F$38,L39*$F$39) -> 0 | M33: =SUM(M37*$F$37,M38*$F$38,M39*$F$39) -> 14 | N33: =SUM(N37*$F$37,N38*$F$38,N39*$F$39) -> 4 | O33: =SUM(O37*$F$37,O38*$F$38,O39*$F$39) -> 4 | ... AL33: =SUM(AL37*$F$37,AL38*$F$38,AL39*$F$39) -> 0 | AM33: *
C34: 2次（合計） | E34: =SUM(H34:AL34)+'0601(予定)'!E34 -> 676 | F34: - | G34: 件数 | H34: =SUM(H40*$F$40,H41*$F$41,H42*$F$42,H43*$F$43) -> 13.5 | I34: =SUM(I40*$F$40,I41*$F$41,I42*$F$42,I43*$F$43) -> 3.5 | J34: =SUM(J40*$F$40,J41*$F$41,J42*$F$42,J43*$F$43) -> 3.5 | K34: =SUM(K40*$F$40,K41*$F$41,K42*$F$42,K43*$F$43) -> 0 | L34: =SUM(L40*$F$40,L41*$F$41,L42*$F$42,L43*$F$43) -> 0 | M34: =SUM(M40*$F$40,M41*$F$41,M42*$F$42,M43*$F$43) -> 13.5 | N34: =SUM(N40*$F$40,N41*$F$41,N42*$F$42,N43*$F$43) -> 3.5 | O34: =SUM(O40*$F$40,O41*$F$41,O42*$F$42,O43*$F$43) -> 3.5 | ... AL34: =SUM(AL40*$F$40,AL41*$F$41,AL42*$F$42,AL43*$F$43) -> 0 | AM34: *
C35: 1次残件数 | E35: =E32-E33 -> 129 | F35: - | G35: 件数 | H35: 617 | I35: =H35+I32-I33 -> 620 | J35: =I35+J32-J33 -> 619 | K35: =J35+K32-K33 -> 619 | L35: =K35+L32-L33 -> 619 | M35: =L35+M32-M33 -> 607 | N35: =M35+N32-N33 -> 603 | O35: =N35+O32-O33 -> 604 | P35: =O35+P32-P33 -> 626 | ... AL35: =AK35+AL32-AL33 -> 650 | AM35: *
C36: 2次残件数 | E36: =E32-E34 -> 175 | F36: - | G36: 件数 | H36: 901.5 | I36: =H36+I32-I34 -> 905 | J36: =I36+J32-J34 -> 904.5 | K36: =J36+K32-K34 -> 904.5 | L36: =K36+L32-L34 -> 904.5 | M36: =L36+M32-M34 -> 893 | N36: =M36+N32-N34 -> 889.5 | O36: =N36+O32-O34 -> 891 | P36: =O36+P32-P34 -> 903.5 | ... AL36: =AK36+AL32-AL34 -> 944.5 | AM36: *
C37: 1次 | D37: OP | E37: =SUM(H37:AL37)*F37 -> 84 | F37: 40 | G37: 人数 | H37: 0.1 | I37: 0.1 | J37: 0.1 | M37: 0.1 | N37: 0.1 | O37: 0.1 | P37: 0.1 | Q37: 0.1 | T37: 0.1 | U37: 0.1 | V37: 0.1 | W37: 0.1 | X37: 0.1 | AB37: 0.1 | AC37: 0.1 | AD37: 0.1 | AE37: 0.1 | AH37: 0.1 | AI37: 0.1 | AJ37: 0.1 | AK37: 0.1 | AM37: *
D38: 津嘉山 | E38: =SUM(H38:AL38)*F38 -> 0 | G38: 人数 | AM38: *
D39: RPA | E39: =SUM(H39:AL39)*F39 -> 60 | F39: 10 | G39: 人数 | H39: 1 | M39: 1 | T39: 1 | V39: 1 | AC39: 1 | AH39: 1 | AM39: *
C40: 2次 | D40: 西村 | E40: =SUM(H40:AL40)*F40 -> 0 | G40: 人数 | AM40: *
D41: 栗城 | E41: =SUM(H41:AL41)*F41 -> 73.5 | F41: 35 | G41: 人数 | H41: 0.1 | I41: 0.1 | J41: 0.1 | M41: 0.1 | N41: 0.1 | O41: 0.1 | P41: 0.1 | Q41: 0.1 | T41: 0.1 | U41: 0.1 | V41: 0.1 | W41: 0.1 | X41: 0.1 | AB41: 0.1 | AC41: 0.1 | AD41: 0.1 | AE41: 0.1 | AH41: 0.1 | AI41: 0.1 | AJ41: 0.1 | AK41: 0.1 | AM41: *
D42: 管理 | E42: =SUM(H42:AL42)*F42 -> 60 | F42: 10 | G42: 人数 | H42: 1 | M42: 1 | P42: 1 | T42: 1 | AC42: 1 | AH42: 1 | AM42: *
E43: =SUM(H43:AL43)*F43 -> 0 | G43: 人数 | AM43: *
B44: 住居 | C44: 申請（合計） | E44: =SUM(H44:AL44)+'0601(予定)'!E44 -> 837 | F44: - | G44: 件数 | H44: 8 | I44: 11 | J44: 14 | M44: 12 | N44: 0 | O44: 19 | P44: 9 | Q44: 9 | T44: 5 | U44: 22 | V44: 45 | W44: 12 | X44: 9 | AB44: 15 | AC44: 11 | AD44: 5 | AE44: 15 | AH44: 7 | AI44: 10 | AJ44: 6 | AK44: 30 | AL44: 6 | AM44: *
C45: 1次（合計） | E45: =SUM(H45:AL45)+'0601(予定)'!E45 -> 544 | F45: - | G45: 件数 | H45: =SUM(H49*$F$49,H50*$F$50,H51*$F$51) -> 8 | I45: =SUM(I49*$F$49,I50*$F$50,I51*$F$51) -> 8 | J45: =SUM(J49*$F$49,J50*$F$50,J51*$F$51) -> 8 | K45: =SUM(K49*$F$49,K50*$F$50,K51*$F$51) -> 0 | L45: =SUM(L49*$F$49,L50*$F$50,L51*$F$51) -> 0 | M45: =SUM(M49*$F$49,M50*$F$50,M51*$F$51) -> 8 | N45: =SUM(N49*$F$49,N50*$F$50,N51*$F$51) -> 8 | O45: =SUM(O49*$F$49,O50*$F$50,O51*$F$51) -> 8 | ... AK45: =SUM(AK49*$F$49,AK50*$F$50,AK51*$F$51) -> 8 | AL45: =SUM(AL49*$F$37,AL50*$F$38,AL51*$F$39) -> 0 | AM45: *
C46: 2次（合計） | E46: =SUM(H46:AL46)+'0601(予定)'!E46 -> 429 | F46: - | G46: 件数 | H46: =SUM(H52*$F$52,H53*$F$53,H54*$F$54,H55*$F$55) -> 5.2 | I46: =SUM(I52*$F$52,I53*$F$53,I54*$F$54,I55*$F$55) -> 5.2 | J46: =SUM(J52*$F$52,J53*$F$53,J54*$F$54,J55*$F$55) -> 5.2 | K46: =SUM(K52*$F$52,K53*$F$53,K54*$F$54,K55*$F$55) -> 0 | L46: =SUM(L52*$F$52,L53*$F$53,L54*$F$54,L55*$F$55) -> 0 | M46: =SUM(M52*$F$52,M53*$F$53,M54*$F$54,M55*$F$55) -> 5.2 | N46: =SUM(N52*$F$52,N53*$F$53,N54*$F$54,N55*$F$55) -> 5.2 | O46: =SUM(O52*$F$52,O53*$F$53,O54*$F$54,O55*$F$55) -> 5.2 | ... AK46: =SUM(AK52*$F$52,AK53*$F$53,AK54*$F$54,AK55*$F$55) -> 5.2 | AL46: =SUM(AL52*$F$40,AL53*$F$41,AL54*$F$42,AL55*$F$43) -> 0 | AM46: *
C47: 1次残件数 | E47: =E44-E45 -> 293 | F47: - | G47: 件数 | H47: 494 | I47: =H47+I44-I45 -> 497 | J47: =I47+J44-J45 -> 503 | K47: =J47+K44-K45 -> 503 | L47: =K47+L44-L45 -> 503 | M47: =L47+M44-M45 -> 507 | N47: =M47+N44-N45 -> 499 | O47: =N47+O44-O45 -> 510 | P47: =O47+P44-P45 -> 511 | ... AL47: =AK47+AL44-AL45 -> 606 | AM47: *
C48: 2次残件数 | E48: =E44-E46 -> 408 | F48: - | G48: 件数 | H48: 1038.3 | I48: =H48+I44-I46 -> 1044.1 | J48: =I48+J44-J46 -> 1052.9 | K48: =J48+K44-K46 -> 1052.9 | L48: =K48+L44-L46 -> 1052.9 | M48: =L48+M44-M46 -> 1059.7 | N48: =M48+N44-N46 -> 1054.5 | O48: =N48+O44-O46 -> 1068.3 | P48: =O48+P44-P46 -> 1072.1 | ... AL48: =AK48+AL44-AL46 -> 1206.3 | AM48: *
C49: 1次 | D49: OP | E49: =SUM(H49:AL49)*F49 -> 168 | F49: 20 | G49: 人数 | H49: 0.4 | I49: 0.4 | J49: 0.4 | M49: 0.4 | N49: 0.4 | O49: 0.4 | P49: 0.4 | Q49: 0.4 | T49: 0.4 | U49: 0.4 | V49: 0.4 | W49: 0.4 | X49: 0.4 | AB49: 0.4 | AC49: 0.4 | AD49: 0.4 | AE49: 0.4 | AH49: 0.4 | AI49: 0.4 | AJ49: 0.4 | AK49: 0.4 | AM49: *
D50: 津嘉山 | E50: =SUM(H50:AL50)*F50 -> 0 | G50: 人数 | AM50: *
E51: =SUM(H51:AL51)*F51 -> 0 | G51: 人数 | AM51: *
C52: 2次 | D52: 西村 | E52: =SUM(H52:AL52)*F52 -> 0 | G52: 人数 | AM52: *
D53: 栗城 | E53: =SUM(H53:AL53)*F53 -> 109.2 | F53: 13 | G53: 人数 | H53: 0.4 | I53: 0.4 | J53: 0.4 | M53: 0.4 | N53: 0.4 | O53: 0.4 | P53: 0.4 | Q53: 0.4 | T53: 0.4 | U53: 0.4 | V53: 0.4 | W53: 0.4 | X53: 0.4 | AB53: 0.4 | AC53: 0.4 | AD53: 0.4 | AE53: 0.4 | AH53: 0.4 | AI53: 0.4 | AJ53: 0.4 | AK53: 0.4 | AM53: *
E54: =SUM(H54:AL54)*F54 -> 0 | G54: 人数 | AM54: *
E55: =SUM(H55:AL55)*F55 -> 0 | G55: 人数 | AM55: *
B56: OP人数合計 | H56: =H13+H19+H25+H37+H49 -> 1.5 | I56: =I13+I19+I25+I37+I49 -> 1.5 | J56: =J13+J19+J25+J37+J49 -> 2.5 | K56: =K13+K19+K25+K37+K49 -> 0 | L56: =L13+L19+L25+L37+L49 -> 0 | M56: =M13+M19+M25+M37+M49 -> 1.5 | N56: =N13+N19+N25+N37+N49 -> 2.5 | O56: =O13+O19+O25+O37+O49 -> 1.5 | ... AL56: =AL13+AL19+AL25+AL37+AL49 -> 0 | AM56: *
B57: OPシフト人数 | H57: 3 | I57: 3 | J57: 4 | K57: 0 | L57: 0 | M57: 3 | N57: 4 | O57: 3 | P57: 3 | Q57: 4 | R57: 0 | S57: 0 | T57: 3 | U57: 4 | V57: 3 | W57: 3 | X57: 4 | Y57: 0 | Z57: 0 | AA57: 0 | AB57: 4 | AC57: 3 | AD57: 3 | AE57: 4 | AF57: 0 | AG57: 0 | AH57: 3 | AI57: 4 | AJ57: 3 | AK57: 3 | AL57: 4 | AM57: *
B58: 受領人数 | H58: 1.5 | I58: 1.5 | J58: 1.5 | K58: 0 | L58: 0 | M58: 1.5 | N58: 1.5 | O58: 1.5 | P58: 1.5 | Q58: 1.5 | R58: 0 | S58: 0 | T58: 1.5 | U58: 1.5 | V58: 1.5 | W58: 1.5 | X58: 1.5 | Y58: 0 | Z58: 0 | AA58: 0 | AB58: 1.5 | AC58: 1.5 | AD58: 1.5 | AE58: 1.5 | AF58: 0 | AG58: 0 | AH58: 1.5 | AI58: 1.5 | AJ58: 1.5 | AK58: 1.5 | AL58: 1.5 | AM58: *
B59: 差分 | H59: =H57-(H56+H58) -> 0 | I59: =I57-(I56+I58) -> 0 | J59: =J57-(J56+J58) -> 0 | K59: =K57-(K56+K58) -> 0 | L59: =L57-(L56+L58) -> 0 | M59: =M57-(M56+M58) -> 0 | N59: =N57-(N56+N58) -> 0 | O59: =O57-(O56+O58) -> 0 | ... AL59: =AL57-(AL56+AL58) -> 2.5 | AM59: *

Sheet TASK
B11: 認定の判断に迷うことは、
B12: お客さんの期待値を満たせばいい
B13: 想定問答の確認
B15: 前提としての「申請」とは何の件数か明記
B16: ヘルプデスクの方々にやってもらうタスクを洗い出し

Sheet 祝日
A1: 46023 | B1: 元日
A2: 46034 | B2: 成人の日
A3: 46064 | B3: 建国記念の日
A4: 46076 | B4: 天皇誕生日
A5: 46101 | B5: 春分の日
A6: 46141 | B6: 昭和の日
A7: 46145 | B7: 憲法記念日
A8: 46146 | B8: みどりの日
A9: 46147 | B9: こどもの日
A10: 46148 | B10: 振替休日
A11: 46223 | B11: 海の日
A12: 46245 | B12: 山の日
... A20: 46114 | B20: システム停止日

Sheet 0801
H2: 1 | I2: 1 | J2: 1 | M2: 1 | N2: 1 | O2: 1 | P2: 1 | Q2: 1 | T2: 1 | U2: 1 | V2: 1 | W2: 1 | X2: 1 | AB2: 1 | AC2: 1 | AD2: 1 | AE2: 1 | AH2: 1 | AI2: 1 | AJ2: 1 | AK2: 1 | AL2: 1 | AM2: =SUM(H2:AL2) -> 22
E3: 予測件数 | F3: 件数/人 | H3: 46235 | M3: システム停止日 | AM3: *
H4: =H3 -> 46235 | I4: =H4+1 -> 46236 | J4: =I4+1 -> 46237 | K4: =J4+1 -> 46238 | L4: =K4+1 -> 46239 | M4: =L4+1 -> 46240 | N4: =M4+1 -> 46241 | O4: =N4+1 -> 46242 | P4: =O4+1 -> 46243 | ... AL4: =AK4+1 -> 46265 | AM4: *
H5: =H4 -> 46235 | I5: =I4 -> 46236 | J5: =J4 -> 46237 | K5: =K4 -> 46238 | L5: =L4 -> 46239 | M5: =M4 -> 46240 | N5: =N4 -> 46241 | O5: =O4 -> 46242 | ... AL5: =AL4 -> 46265 | AM5: *
B6: 通勤 | C6: 申請（合計） | E6: =SUM(H6:AL6)+'0601(予定)'!E6 -> 5720 | F6: - | G6: 件数 | AM6: =SUM(H6:AL6) -> 0
C7: 1次（合計） | E7: =SUM(H7:AL7)+'0601(予定)'!E7 -> 5705 | F7: - | G7: 件数 | H7: =SUM(H11*$F$11,H12*$F$12,H13*$F$13) -> 0 | I7: =SUM(I11*$F$11,I12*$F$12,I13*$F$13) -> 0 | J7: =SUM(J11*$F$11,J12*$F$12,J13*$F$13) -> 70 | K7: =SUM(K11*$F$11,K12*$F$12,K13*$F$13) -> 60 | L7: =SUM(L11*$F$11,L12*$F$12,L13*$F$13) -> 60 | M7: =SUM(M11*$F$11,M12*$F$12,M13*$F$13) -> 60 | N7: =SUM(N11*$F$11,N12*$F$12,N13*$F$13) -> 70 | O7: =SUM(O11*$F$11,O12*$F$12,O13*$F$13) -> 0 | ... AL7: =SUM(AL11*$F$11,AL12*$F$12,AL13*$F$13) -> 0 | AM7: *
C8: 2次（合計） | E8: =SUM(H8:AL8)+'0701'!E9 -> 6983 | F8: - | G8: 件数 | H8: =SUM(H14*$F$14,H15*$F$15,H16*$F$16,H17*$F$17) -> 0 | I8: =SUM(I14*$F$14,I15*$F$15,I16*$F$16,I17*$F$17) -> 0 | J8: =SUM(J14*$F$14,J15*$F$15,J16*$F$16,J17*$F$17) -> 70 | K8: =SUM(K14*$F$14,K15*$F$15,K16*$F$16,K17*$F$17) -> 70 | L8: =SUM(L14*$F$14,L15*$F$15,L16*$F$16,L17*$F$17) -> 80 | M8: =SUM(M14*$F$14,M15*$F$15,M16*$F$16,M17*$F$17) -> 70 | N8: =SUM(N14*$F$14,N15*$F$15,N16*$F$16,N17*$F$17) -> 72 | O8: =SUM(O14*$F$14,O15*$F$15,O16*$F$16,O17*$F$17) -> 0 | ... AL8: =SUM(AL14*$F$14,AL15*$F$15,AL16*$F$16,AL17*$F$17) -> 0 | AM8: *
C9: 1次残件数 | E9: =E6-E7 -> 15 | F9: - | G9: 件数 | H9: ='0701'!AK11+H6-H7 -> 125 | I9: =H9+I6-I7 -> 125 | J9: =I9+J6-J7 -> 55 | K9: =J9+K6-K7 -> -5 | L9: =K9+L6-L7 -> -65 | M9: =L9+M6-M7 -> -125 | N9: =M9+N6-N7 -> -195 | O9: =N9+O6-O7 -> -195 | P9: =O9+P6-P7 -> -195 | ... AL9: =AK9+AL6-AL7 -> -1065 | AM9: *
C10: 2次残件数 | E10: =E6-E8 -> -1263 | F10: - | G10: 件数 | H10: ='0701'!AK12+H6-H8 -> 125 | I10: =H10+I6-I8 -> 125 | J10: =I10+J6-J8 -> 55 | K10: =J10+K6-K8 -> -15 | L10: =K10+L6-L8 -> -95 | M10: =L10+M6-M8 -> -165 | N10: =M10+N6-N8 -> -237 | O10: =N10+O6-O8 -> -237 | P10: =O10+P6-P8 -> -237 | ... AL10: =AK10+AL6-AL8 -> -1263 | AM10: *
C11: 1次 | D11: OP | E11: =SUM(H11:AL11)*F11 -> 240 | F11: 20 | G11: 人数 | J11: 1 | K11: 0.5 | L11: 0.5 | M11: 0.5 | N11: 1 | Q11: 0.5 | S11: 0.5 | T11: 0.5 | U11: 1 | X11: 0.5 | Y11: 0.5 | Z11: 0.5 | AA11: 0.5 | AB11: 1 | AE11: 0.5 | AF11: 0.5 | AG11: 0.5 | AH11: 0.5 | AI11: 1 | AM11: *
D12: 大場 | E12: =SUM(H12:AL12)*F12 -> 380 | F12: 20 | G12: 人数 | J12: 1 | K12: 1 | L12: 1 | M12: 1 | N12: 1 | Q12: 1 | S12: 1 | T12: 1 | U12: 1 | X12: 1 | Y12: 1 | Z12: 1 | AA12: 1 | AB12: 1 | AE12: 1 | AF12: 1 | AG12: 1 | AH12: 1 | AI12: 1 | AM12: *
D13: 三浦 | E13: =SUM(H13:AL13)*F13 -> 570 | F13: 30 | G13: 人数 | J13: 1 | K13: 1 | L13: 1 | M13: 1 | N13: 1 | Q13: 1 | S13: 1 | T13: 1 | U13: 1 | X13: 1 | Y13: 1 | Z13: 1 | AA13: 1 | AB13: 1 | AE13: 1 | AF13: 1 | AG13: 1 | AH13: 1 | AI13: 1 | AM13: *
C14: 2次 | D14: 田中 | E14: =SUM(H14:AL14)*F14 -> 570 | F14: 30 | G14: 人数 | J14: 1 | K14: 1 | L14: 1 | M14: 1 | N14: 1 | Q14: 1 | S14: 1 | T14: 1 | U14: 1 | X14: 1 | Y14: 1 | Z14: 1 | AA14: 1 | AB14: 1 | AE14: 1 | AF14: 1 | AG14: 1 | AH14: 1 | AI14: 1 | AM14: *
D15: 小野 | E15: =SUM(H15:AL15)*F15 -> 728 | F15: 40 | G15: 人数 | J15: 1 | K15: 1 | L15: 1 | M15: 1 | N15: 0.8 | Q15: 1 | S15: 1 | T15: 1 | U15: 0.8 | X15: 1 | Y15: 1 | Z15: 1 | AA15: 0.8 | AB15: 1 | AE15: 1 | AF15: 1 | AG15: 0.8 | AH15: 1 | AI15: 1 | AM15: *
D16: 大場 | E16: =SUM(H16:AL16)*F16 -> 0 | F16: 20 | G16: 人数 | AM16: *
D17: OP | E17: =SUM(H17:AL17)*F17 -> 90 | F17: 20 | G17: 人数 | J17: 0 | K17: 0 | L17: 0.5 | M17: 0 | N17: 0.5 | Q17: 0.5 | S17: 0.5 | T17: 0 | U17: 0.5 | X17: 0.5 | Y17: 0 | Z17: 0 | AA17: 0.5 | AB17: 0 | AE17: 0.5 | AF17: 0 | AG17: 0.5 | AH17: 0 | AI17: 0 | AM17: *
B18: 扶養 児童 | C18: 申請（合計） | E18: =SUM(H18:AL18)+'0601(予定)'!E20 -> 2096 | F18: - | G18: 件数 | H18: 19 | I18: 11 | J18: 14 | M18: 10 | N18: 8 | O18: 11 | P18: 15 | Q18: 8 | T18: 28 | U18: 12 | V18: 15 | W18: 47 | X18: 13 | AB18: 11 | AC18: 0 | AD18: 14 | AE18: 10 | AH18: 16 | AI18: 4 | AJ18: 25 | AK18: 26 | AL18: 15 | AM18: *
C19: 1次（合計） | E19: =SUM(H19:AL19)+'0701'!E21 -> 1586.5 | F19: - | G19: 件数 | H19: =SUM(H23*$F$23,H24*$F$24,H25*$F$25) -> 0 | I19: =SUM(I23*$F$23,I24*$F$24,I25*$F$25) -> 0 | J19: =SUM(J23*$F$23,J24*$F$24,J25*$F$25) -> 7.5 | K19: =SUM(K23*$F$23,K24*$F$24,K25*$F$25) -> 7.5 | L19: =SUM(L23*$F$23,L24*$F$24,L25*$F$25) -> 7.5 | M19: =SUM(M23*$F$23,M24*$F$24,M25*$F$25) -> 7.5 | N19: =SUM(N23*$F$23,N24*$F$24,N25*$F$25) -> 7.5 | O19: =SUM(O23*$F$23,O24*$F$24,O25*$F$25) -> 0 | ... AL19: =SUM(AL23*$F$23,AL24*$F$24,AL25*$F$25) -> 0 | AM19: *
C20: 2次（合計） | E20: =SUM(H20:AL20)+'0701'!E22 -> 1615 | F20: - | G20: 件数 | H20: =SUM(H26*$F$26,H27*$F$27,H28*$F$28,H29*$F$29) -> 0 | I20: =SUM(I26*$F$26,I27*$F$27,I28*$F$28,I29*$F$29) -> 0 | J20: =SUM(J26*$F$26,J27*$F$27,J28*$F$28,J29*$F$29) -> 18 | K20: =SUM(K26*$F$26,K27*$F$27,K28*$F$28,K29*$F$29) -> 18 | L20: =SUM(L26*$F$26,L27*$F$27,L28*$F$28,L29*$F$29) -> 18 | M20: =SUM(M26*$F$26,M27*$F$27,M28*$F$28,M29*$F$29) -> 18 | N20: =SUM(N26*$F$26,N27*$F$27,N28*$F$28,N29*$F$29) -> 18 | O20: =SUM(O26*$F$26,O27*$F$27,O28*$F$28,O29*$F$29) -> 0 | ... AL20: =SUM(AL26*$F$26,AL27*$F$27,AL28*$F$28,AL29*$F$29) -> 0 | AM20: *
C21: 1次残件数 | E21: =E18-E19 -> 509.5 | F21: - | G21: 件数 | H21: ='0601(予定)'!AK23+H18-H19 -> 564 | I21: =H21+I18-I19 -> 575 | J21: =I21+J18-J19 -> 581.5 | K21: =J21+K18-K19 -> 574 | L21: =K21+L18-L19 -> 566.5 | M21: =L21+M18-M19 -> 569 | N21: =M21+N18-N19 -> 569.5 | O21: =N21+O18-O19 -> 580.5 | P21: =O21+P18-P19 -> 595.5 | ... AL21: =AK21+AL18-AL19 -> 697 | AM21: *
C22: 2次残件数 | E22: =E18-E20 -> 481 | F22: - | G22: 件数 | H22: ='0601(予定)'!AK24+H18-H20 -> 888 | I22: =H22+I18-I20 -> 899 | J22: =I22+J18-J20 -> 895 | K22: =J22+K18-K20 -> 877 | L22: =K22+L18-L20 -> 859 | M22: =L22+M18-M20 -> 851 | N22: =M22+N18-N20 -> 841 | O22: =N22+O18-O20 -> 852 | P22: =O22+P18-P20 -> 867 | ... AL22: =AK22+AL18-AL20 -> 859 | AM22: *
C23: 1次 | D23: OP | E23: =SUM(H23:AL23)*F23 -> 180 | F23: 15 | G23: 人数 | J23: 0.5 | K23: 0.5 | L23: 0.5 | M23: 0.5 | N23: 0.5 | Q23: 0.5 | S23: 0.5 | T23: 0.5 | U23: 1 | X23: 1 | Y23: 0.5 | Z23: 0.5 | AA23: 0.5 | AB23: 1 | AE23: 1 | AF23: 0.5 | AG23: 0.5 | AH23: 0.5 | AI23: 1 | AM23: *
D24: 小菅 | E24: =SUM(H24:AL24)*F24 -> 0 | G24: 人数 | AM24: *
E25: =SUM(H25:AL25)*F25 -> 0 | G25: 人数 | AM25: *
C26: 2次 | D26: 西村 | E26: =SUM(H26:AL26)*F26 -> 247 | F26: 13 | G26: 人数 | J26: 1 | K26: 1 | L26: 1 | M26: 1 | N26: 1 | Q26: 1 | S26: 1 | T26: 1 | U26: 1 | X26: 1 | Y26: 1 | Z26: 1 | AA26: 1 | AB26: 1 | AE26: 1 | AF26: 1 | AG26: 1 | AH26: 1 | AI26: 1 | AM26: *
D27: 栗城 | E27: =SUM(H27:AL27)*F27 -> 95 | F27: 10 | G27: 人数 | J27: 0.5 | K27: 0.5 | L27: 0.5 | M27: 0.5 | N27: 0.5 | Q27: 0.5 | S27: 0.5 | T27: 0.5 | U27: 0.5 | X27: 0.5 | Y27: 0.5 | Z27: 0.5 | AA27: 0.5 | AB27: 0.5 | AE27: 0.5 | AF27: 0.5 | AG27: 0.5 | AH27: 0.5 | AI27: 0.5 | AM27: *
D28: 管理 | E28: =SUM(H28:AL28)*F28 -> 0 | G28: 人数 | AM28: *
E29: =SUM(H29:AL29)*F29 -> 0 | G29: 人数 | AM29: *
B30: 給与 | C30: 申請（合計） | E30: =SUM(H30:AL30)+'0701'!E32 -> 895 | F30: - | G30: 件数 | H30: 26 | I30: 18 | AM30: *
C31: 1次（合計） | E31: =SUM(H31:AL31)+'0701'!E33 -> 868 | F31: - | G31: 件数 | H31: =SUM(H35*$F$35,H36*$F$36,H37*$F$37) -> 0 | I31: =SUM(I35*$F$35,I36*$F$36,I37*$F$37) -> 0 | J31: =SUM(J35*$F$35,J36*$F$36,J37*$F$37) -> 14 | K31: =SUM(K35*$F$35,K36*$F$36,K37*$F$37) -> 4 | L31: =SUM(L35*$F$35,L36*$F$36,L37*$F$37) -> 4 | M31: =SUM(M35*$F$35,M36*$F$36,M37*$F$37) -> 14 | N31: =SUM(N35*$F$35,N36*$F$36,N37*$F$37) -> 4 | O31: =SUM(O35*$F$35,O36*$F$36,O37*$F$37) -> 0 | ... AL31: =SUM(AL35*$F$35,AL36*$F$36,AL37*$F$37) -> 0 | AM31: *
C32: 2次（合計） | E32: =SUM(H32:AL32)+'0701'!E34 -> 812.5 | F32: - | G32: 件数 | H32: =SUM(H38*$F$38,H39*$F$39,H40*$F$40,H41*$F$41) -> 0 | I32: =SUM(I38*$F$38,I39*$F$39,I40*$F$40,I41*$F$41) -> 0 | J32: =SUM(J38*$F$38,J39*$F$39,J40*$F$40,J41*$F$41) -> 13.5 | K32: =SUM(K38*$F$38,K39*$F$39,K40*$F$40,K41*$F$41) -> 3.5 | L32: =SUM(L38*$F$38,L39*$F$39,L40*$F$40,L41*$F$41) -> 3.5 | M32: =SUM(M38*$F$38,M39*$F$39,M40*$F$40,M41*$F$41) -> 13.5 | N32: =SUM(N38*$F$38,N39*$F$39,N40*$F$40,N41*$F$41) -> 3.5 | O32: =SUM(O38*$F$38,O39*$F$39,O40*$F$40,O41*$F$41) -> 0 | ... AL32: =SUM(AL38*$F$38,AL39*$F$39,AL40*$F$40,AL41*$F$41) -> 0 | AM32: *
C33: 1次残件数 | E33: =E30-E31 -> 27 | F33: - | G33: 件数 | H33: 647 | I33: =H33+I30-I31 -> 665 | J33: =I33+J30-J31 -> 651 | K33: =J33+K30-K31 -> 647 | L33: =K33+L30-L31 -> 643 | M33: =L33+M30-M31 -> 629 | N33: =M33+N30-N31 -> 625 | O33: =N33+O30-O31 -> 625 | P33: =O33+P30-P31 -> 625 | ... AL33: =AK33+AL30-AL31 -> 519 | AM33: *
C34: 2次残件数 | E34: =E30-E32 -> 82.5 | F34: - | G34: 件数 | H34: 931 | I34: =H34+I30-I32 -> 949 | J34: =I34+J30-J32 -> 935.5 | K34: =J34+K30-K32 -> 932 | L34: =K34+L30-L32 -> 928.5 | M34: =L34+M30-M32 -> 915 | N34: =M34+N30-N32 -> 911.5 | O34: =N34+O30-O32 -> 911.5 | P34: =O34+P30-P32 -> 911.5 | ... AL34: =AK34+AL30-AL32 -> 812.5 | AM34: *
C35: 1次 | D35: OP | E35: =SUM(H35:AL35)*F35 -> 76 | F35: 40 | G35: 人数 | J35: 0.1 | K35: 0.1 | L35: 0.1 | M35: 0.1 | N35: 0.1 | Q35: 0.1 | S35: 0.1 | T35: 0.1 | U35: 0.1 | X35: 0.1 | Y35: 0.1 | Z35: 0.1 | AA35: 0.1 | AB35: 0.1 | AE35: 0.1 | AF35: 0.1 | AG35: 0.1 | AH35: 0.1 | AI35: 0.1 | AM35: *
D36: 津嘉山 | E36: =SUM(H36:AL36)*F36 -> 0 | G36: 人数 | AM36: *
D37: RPA | E37: =SUM(H37:AL37)*F37 -> 70 | F37: 10 | G37: 人数 | J37: 1 | M37: 1 | T37: 1 | X37: 1 | AA37: 1 | AE37: 1 | AH37: 1 | AM37: *
C38: 2次 | D38: 西村 | E38: =SUM(H38:AL38)*F38 -> 0 | G38: 人数 | AM38: *
D39: 栗城 | E39: =SUM(H39:AL39)*F39 -> 66.5 | F39: 35 | G39: 人数 | J39: 0.1 | K39: 0.1 | L39: 0.1 | M39: 0.1 | N39: 0.1 | Q39: 0.1 | S39: 0.1 | T39: 0.1 | U39: 0.1 | X39: 0.1 | Y39: 0.1 | Z39: 0.1 | AA39: 0.1 | AB39: 0.1 | AE39: 0.1 | AF39: 0.1 | AG39: 0.1 | AH39: 0.1 | AI39: 0.1 | AM39: *
D40: 管理 | E40: =SUM(H40:AL40)*F40 -> 70 | F40: 10 | G40: 人数 | J40: 1 | M40: 1 | T40: 1 | X40: 1 | AA40: 1 | AE40: 1 | AH40: 1 | AM40: *
E41: =SUM(H41:AL41)*F41 -> 0 | G41: 人数 | AM41: *
B42: 住居 | C42: 申請（合計） | E42: =SUM(H42:AL42)+'0701'!E44 -> 843 | F42: - | G42: 件数 | AL42: 6 | AM42: *
C43: 1次（合計） | E43: =SUM(H43:AL43)+'0701'!E45 -> 848 | F43: - | G43: 件数 | H43: =SUM(H47*$F$35,H48*$F$36,H49*$F$37) -> 0 | I43: =SUM(I47*$F$35,I48*$F$36,I49*$F$37) -> 0 | J43: =SUM(J47*$F$35,J48*$F$36,J49*$F$37) -> 16 | K43: =SUM(K47*$F$35,K48*$F$36,K49*$F$37) -> 16 | L43: =SUM(L47*$F$35,L48*$F$36,L49*$F$37) -> 16 | M43: =SUM(M47*$F$35,M48*$F$36,M49*$F$37) -> 16 | N43: =SUM(N47*$F$35,N48*$F$36,N49*$F$37) -> 16 | O43: =SUM(O47*$F$35,O48*$F$36,O49*$F$37) -> 0 | ... AL43: =SUM(AL47*$F$35,AL48*$F$36,AL49*$F$37) -> 0 | AM43: *
C44: 2次（合計） | E44: =SUM(H44:AL44)+'0701'!E46 -> 695 | F44: - | G44: 件数 | H44: =SUM(H50*$F$38,H51*$F$39,H52*$F$40,H53*$F$41) -> 0 | I44: =SUM(I50*$F$38,I51*$F$39,I52*$F$40,I53*$F$41) -> 0 | J44: =SUM(J50*$F$38,J51*$F$39,J52*$F$40,J53*$F$41) -> 14 | K44: =SUM(K50*$F$38,K51*$F$39,K52*$F$40,K53*$F$41) -> 14 | L44: =SUM(L50*$F$38,L51*$F$39,L52*$F$40,L53*$F$41) -> 14 | M44: =SUM(M50*$F$38,M51*$F$39,M52*$F$40,M53*$F$41) -> 14 | N44: =SUM(N50*$F$38,N51*$F$39,N52*$F$40,N53*$F$41) -> 14 | O44: =SUM(O50*$F$38,O51*$F$39,O52*$F$40,O53*$F$41) -> 0 | ... AL44: =SUM(AL50*$F$38,AL51*$F$39,AL52*$F$40,AL53*$F$41) -> 0 | AM44: *
C45: 1次残件数 | E45: =E42-E43 -> -5 | F45: - | G45: 件数 | H45: 494 | I45: =H45+I42-I43 -> 494 | J45: =I45+J42-J43 -> 478 | K45: =J45+K42-K43 -> 462 | L45: =K45+L42-L43 -> 446 | M45: =L45+M42-M43 -> 430 | N45: =M45+N42-N43 -> 414 | O45: =N45+O42-O43 -> 414 | P45: =O45+P42-P43 -> 414 | ... AL45: =AK45+AL42-AL43 -> 196 | AM45: *
C46: 2次残件数 | E46: =E42-E44 -> 148 | F46: - | G46: 件数 | H46: 1035.5 | I46: =H46+I42-I44 -> 1035.5 | J46: =I46+J42-J44 -> 1021.5 | K46: =J46+K42-K44 -> 1007.5 | L46: =K46+L42-L44 -> 993.5 | M46: =L46+M42-M44 -> 979.5 | N46: =M46+N42-N44 -> 965.5 | O46: =N46+O42-O44 -> 965.5 | P46: =O46+P42-P44 -> 965.5 | ... AL46: =AK46+AL42-AL44 -> 775.5 | AM46: *
C47: 1次 | D47: OP | E47: =SUM(H47:AL47)*F47 -> 152 | F47: 20 | G47: 人数 | J47: 0.4 | K47: 0.4 | L47: 0.4 | M47: 0.4 | N47: 0.4 | Q47: 0.4 | S47: 0.4 | T47: 0.4 | U47: 0.4 | X47: 0.4 | Y47: 0.4 | Z47: 0.4 | AA47: 0.4 | AB47: 0.4 | AE47: 0.4 | AF47: 0.4 | AG47: 0.4 | AH47: 0.4 | AI47: 0.4 | AM47: *
D48: 津嘉山 | E48: =SUM(H48:AL48)*F48 -> 0 | G48: 人数 | AM48: *
E49: =SUM(H49:AL49)*F49 -> 0 | G49: 人数 | AM49: *
C50: 2次 | D50: 西村 | E50: =SUM(H50:AL50)*F50 -> 0 | G50: 人数 | AM50: *
D51: 栗城 | E51: =SUM(H51:AL51)*F51 -> 98.8 | F51: 13 | G51: 人数 | J51: 0.4 | K51: 0.4 | L51: 0.4 | M51: 0.4 | N51: 0.4 | Q51: 0.4 | S51: 0.4 | T51: 0.4 | U51: 0.4 | X51: 0.4 | Y51: 0.4 | Z51: 0.4 | AA51: 0.4 | AB51: 0.4 | AE51: 0.4 | AF51: 0.4 | AG51: 0.4 | AH51: 0.4 | AI51: 0.4 | AM51: *
E52: =SUM(H52:AL52)*F52 -> 0 | G52: 人数 | AM52: *
E53: =SUM(H53:AL53)*F53 -> 0 | G53: 人数 | AM53: *
B54: OP人数合計 | H54: =H11+H17+H23+H35+H47 -> 0 | I54: =I11+I17+I23+I35+I47 -> 0 | J54: =J11+J17+J23+J35+J47 -> 2 | K54: =K11+K17+K23+K35+K47 -> 1.5 | L54: =L11+L17+L23+L35+L47 -> 2 | M54: =M11+M17+M23+M35+M47 -> 1.5 | N54: =N11+N17+N23+N35+N47 -> 2.5 | O54: =O11+O17+O23+O35+O47 -> 0 | ... AL54: =AL11+AL17+AL23+AL35+AL47 -> 0 | AM54: *
B55: OPシフト人数 | H55: 0 | I55: 0 | J55: 3 | K55: 4 | L55: 3 | M55: 3 | N55: 4 | O55: 0 | P55: 0 | Q55: 3 | R55: 0 | S55: 3 | T55: 3 | U55: 4 | V55: 0 | W55: 0 | X55: 3 | Y55: 4 | Z55: 3 | AA55: 3 | AB55: 4 | AC55: 0 | AD55: 0 | AE55: 3 | AF55: 4 | AG55: 3 | AH55: 3 | AI55: 4 | AJ55: 0 | AK55: 0 | AL55: 3 | AM55: *
B56: 受領人数 | H56: 0 | I56: 0 | J56: 1.5 | K56: 1.5 | L56: 1.5 | M56: 1.5 | N56: 1.5 | O56: 0 | P56: 0 | Q56: 1.5 | R56: 0 | S56: 1.5 | T56: 1.5 | U56: 1.5 | V56: 0 | W56: 0 | X56: 1.5 | Y56: 1.5 | Z56: 1.5 | AA56: 1.5 | AB56: 1.5 | AC56: 0 | AD56: 0 | AE56: 1.5 | AF56: 1.5 | AG56: 1.5 | AH56: 1.5 | AI56: 1.5 | AJ56: 0 | AK56: 0 | AL56: 1.5 | AM56: *
B57: 差分 | H57: =H55-(H54+H56) -> 0 | I57: =I55-(I54+I56) -> 0 | J57: =J55-(J54+J56) -> -0.5 | K57: =K55-(K54+K56) -> 1 | L57: =L55-(L54+L56) -> -0.5 | M57: =M55-(M54+M56) -> 0 | N57: =N55-(N54+N56) -> 0 | O57: =O55-(O54+O56) -> 0 | ... AL57: =AL55-(AL54+AL56) -> 1.5 | AM57: *

Sheet 受発送担当
A1: 4・5月 | I1: 6月～
B3: 火曜以外
C4: 住居・給与 | D4: 扶養 | F4: 通勤 | K4: 住居・給与 | L4: 扶養 | M4: 通勤
B5: 受領 | C5: 住居OP | D5: 通勤OP | E5: ー | F5: 大場 | G5: 丸山or平田 | J5: 受領 | K5: 住居OP | L5: 扶養OP | M5: 通勤OP1
B6: 入力 | C6: 住居OP | D6: 通勤OP | E6: 小菅 | F6: 大場 | G6: 丸山or平田 | J6: 入力 | K6: 住居OP | L6: 扶養OP | M6: 通勤OP2
B7: 発送 | C7: 住居OP | D7: 扶養OP | E7: ー | F7: 津嘉山 | G7: ー | J7: 発送 | K7: 住居OP | L7: 扶養OP | M7: 通勤OP3
B11: 火曜のみ
C12: 住居・給与 | D12: 扶養 | F12: 通勤
B13: 受領 | C13: 住居OP | D13: 通勤OP1 | E13: ー | F13: 大場 | G13: 丸山or平田
B14: 入力 | C14: 住居OP | D14: 通勤OP1 | E14: 小菅 | F14: 大場 | G14: 丸山or平田
B15: 発送 | C15: 住居OP | D15: 扶養OP | E15: ー | F15: 通勤OP２ | G15: ー
